{"mean":{"confidence_interval":{"confidence_level":0.95,"lower_bound":62011442.76525,"upper_bound":62447423.4775},"point_estimate":62200236.5,"standard_error":113008.92258451873},"median":{"confidence_interval":{"confidence_level":0.95,"lower_bound":61908135.0,"upper_bound":61989538.0},"point_estimate":61933250.5,"standard_error":21306.057006124312},"median_abs_dev":{"confidence_interval":{"confidence_level":0.95,"lower_bound":114339.59257006645,"upper_bound":196725.6715974211},"point_estimate":142198.38737547398,"standard_error":21040.718520692513},"slope":null,"std_dev":{"confidence_interval":{"confidence_level":0.95,"lower_bound":273790.2704213154,"upper_bound":1697844.262887265},"point_estimate":1133223.2139074174,"standard_error":345456.2724089273}}