{"mean":{"confidence_interval":{"confidence_level":0.95,"lower_bound":0.005099427244052106,"upper_bound":0.01592145429394042},"point_estimate":0.009679804684833204,"standard_error":0.002886250342226527},"median":{"confidence_interval":{"confidence_level":0.95,"lower_bound":0.003983360170581873,"upper_bound":0.007135955882026757},"point_estimate":0.0058252652352794865,"standard_error":0.0007394139352915305}}