{"mean":{"confidence_interval":{"confidence_level":0.95,"lower_bound":-0.004200568877672284,"upper_bound":0.008812824476133407},"point_estimate":0.0023981323897841467,"standard_error":0.0033247520566952473},"median":{"confidence_interval":{"confidence_level":0.95,"lower_bound":-0.0004313844099684827,"upper_bound":0.007412393833373443},"point_estimate":0.0033980579423871227,"standard_error":0.0019163421902402681}}