{"mean":{"confidence_interval":{"confidence_level":0.95,"lower_bound":0.003253100991533942,"upper_bound":0.008821103649024508},"point_estimate":0.005601052433431342,"standard_error":0.0014344113478408423},"median":{"confidence_interval":{"confidence_level":0.95,"lower_bound":0.0020341699926882395,"upper_bound":0.005558795444913889},"point_estimate":0.0037117798488186526,"standard_error":0.0008878364704518458}}