{"mean":{"confidence_interval":{"confidence_level":0.95,"lower_bound":-0.03371369506607835,"upper_bound":-0.02489173194010019},"point_estimate":-0.028896401579664777,"standard_error":0.002253785786105077},"median":{"confidence_interval":{"confidence_level":0.95,"lower_bound":-0.026302837183866834,"upper_bound":-0.022240656713971796},"point_estimate":-0.024009390319667756,"standard_error":0.0010911981759159774}}