{"mean":{"confidence_interval":{"confidence_level":0.95,"lower_bound":-0.002536399224209576,"upper_bound":0.010856457951592402},"point_estimate":0.0036582189934037945,"standard_error":0.003517230907846776},"median":{"confidence_interval":{"confidence_level":0.95,"lower_bound":-0.007058555654988585,"upper_bound":0.002890870430698911},"point_estimate":-0.00288173622606569,"standard_error":0.0025416238422087587}}