{"mean":{"confidence_interval":{"confidence_level":0.95,"lower_bound":0.0025061948717718893,"upper_bound":0.012895534489555247},"point_estimate":0.007375252176252234,"standard_error":0.002666825448750089},"median":{"confidence_interval":{"confidence_level":0.95,"lower_bound":0.0010973751858207592,"upper_bound":0.0056317737718953875},"point_estimate":0.0027676207941595976,"standard_error":0.0011593425229610495}}