{"mean":{"confidence_interval":{"confidence_level":0.95,"lower_bound":-0.016909271054673547,"upper_bound":-0.006714227238525217},"point_estimate":-0.011308027407874621,"standard_error":0.0026302297703014285},"median":{"confidence_interval":{"confidence_level":0.95,"lower_bound":-0.008998248746475701,"upper_bound":-0.004929542152414368},"point_estimate":-0.006735495350132292,"standard_error":0.001022440470160499}}