{"mean":{"confidence_interval":{"confidence_level":0.95,"lower_bound":-0.033426695610491275,"upper_bound":-0.021948546956085748},"point_estimate":-0.027265662973269267,"standard_error":0.0029394001355084872},"median":{"confidence_interval":{"confidence_level":0.95,"lower_bound":-0.024999454009686284,"upper_bound":-0.01770091739589552},"point_estimate":-0.021615752075258343,"standard_error":0.0019937270014794596}}