{"mean":{"confidence_interval":{"confidence_level":0.95,"lower_bound":-0.003130502078194352,"upper_bound":0.022449195235268362},"point_estimate":0.008860844074199514,"standard_error":0.0065572679989420535},"median":{"confidence_interval":{"confidence_level":0.95,"lower_bound":-0.00769321086132424,"upper_bound":-0.0020170176268926587},"point_estimate":-0.0045319128082413895,"standard_error":0.0014445163789580367}}