{"mean":{"confidence_interval":{"confidence_level":0.95,"lower_bound":0.0018942915209604085,"upper_bound":0.011561339153530747},"point_estimate":0.006157695583415501,"standard_error":0.0026529226609787655},"median":{"confidence_interval":{"confidence_level":0.95,"lower_bound":0.00028132485956677833,"upper_bound":0.0063333495304847},"point_estimate":0.0028919315743693996,"standard_error":0.001429042518184191}}