{"mean":{"confidence_interval":{"confidence_level":0.95,"lower_bound":-0.003404738423270815,"upper_bound":0.001965815309496485},"point_estimate":-0.0005790521055047959,"standard_error":0.0013714538216753607},"median":{"confidence_interval":{"confidence_level":0.95,"lower_bound":-0.0014391043133595849,"upper_bound":0.0015436032624178697},"point_estimate":0.000436204298096321,"standard_error":0.0007901054796270858}}