{"mean":{"confidence_interval":{"confidence_level":0.95,"lower_bound":-0.035912217836575125,"upper_bound":-0.010935042856216435},"point_estimate":-0.022382382751098384,"standard_error":0.006408957778831465},"median":{"confidence_interval":{"confidence_level":0.95,"lower_bound":-0.009228168504388456,"upper_bound":-0.00581507563011352},"point_estimate":-0.007295784348023582,"standard_error":0.0008610155812375557}}