{"mean":{"confidence_interval":{"confidence_level":0.95,"lower_bound":0.003880561928733072,"upper_bound":0.13191316222298924},"point_estimate":0.0528637339765865,"standard_error":0.03607756157846407},"median":{"confidence_interval":{"confidence_level":0.95,"lower_bound":0.013917696296751991,"upper_bound":0.025668588813181677},"point_estimate":0.017681643118302226,"standard_error":0.0029992560225029982}}