{"mean":{"confidence_interval":{"confidence_level":0.95,"lower_bound":-0.0025592590484768744,"upper_bound":0.023383207912000846},"point_estimate":0.007524631496641954,"standard_error":0.006311686246862077},"median":{"confidence_interval":{"confidence_level":0.95,"lower_bound":-0.005476784583965783,"upper_bound":-0.0013942612695150292},"point_estimate":-0.003772549001802572,"standard_error":0.0010514917386386454}}