{"mean":{"confidence_interval":{"confidence_level":0.95,"lower_bound":0.018424104621268877,"upper_bound":0.02603704468280583},"point_estimate":0.02244486129384171,"standard_error":0.0018873123829704864},"median":{"confidence_interval":{"confidence_level":0.95,"lower_bound":0.019485627314869153,"upper_bound":0.026956194247026666},"point_estimate":0.024264373846258236,"standard_error":0.001741623454314786}}