{"mean":{"confidence_interval":{"confidence_level":0.95,"lower_bound":-0.10923256853748879,"upper_bound":0.00017551621860256716},"point_estimate":-0.04175030493856269,"standard_error":0.03278191327965136},"median":{"confidence_interval":{"confidence_level":0.95,"lower_bound":-0.010333288941707042,"upper_bound":0.0018689251702355136},"point_estimate":-0.0021248245614797767,"standard_error":0.0032579830227101457}}