{"mean":{"confidence_interval":{"confidence_level":0.95,"lower_bound":1033595227.9855001,"upper_bound":1041342805.984},"point_estimate":1036728255.9,"standard_error":2027751.3961653935},"median":{"confidence_interval":{"confidence_level":0.95,"lower_bound":1031807376.0,"upper_bound":1034424333.0},"point_estimate":1032403563.5,"standard_error":586403.9952658791},"median_abs_dev":{"confidence_interval":{"confidence_level":0.95,"lower_bound":1267892.254715415,"upper_bound":3890135.508236289},"point_estimate":2621130.0062656403,"standard_error":728048.7157199957},"slope":null,"std_dev":{"confidence_interval":{"confidence_level":0.95,"lower_bound":4645102.134653484,"upper_bound":22845733.282773335},"point_estimate":14419272.071250156,"standard_error":5718629.057271853}}