{"mean":{"confidence_interval":{"confidence_level":0.95,"lower_bound":1047654899.597,"upper_bound":1061580086.4935},"point_estimate":1053913758.96,"standard_error":3572493.374768135},"median":{"confidence_interval":{"confidence_level":0.95,"lower_bound":1042837123.0,"upper_bound":1047727225.5},"point_estimate":1044334984.5,"standard_error":1400998.9746979533},"median_abs_dev":{"confidence_interval":{"confidence_level":0.95,"lower_bound":3783518.7789291143,"upper_bound":10697053.789151827},"point_estimate":5939563.845151663,"standard_error":1793308.7792495927},"slope":null,"std_dev":{"confidence_interval":{"confidence_level":0.95,"lower_bound":11502961.869615363,"upper_bound":35852724.998979256},"point_estimate":25488207.654929403,"standard_error":6211117.392866079}}