{"mean":{"confidence_interval":{"confidence_level":0.95,"lower_bound":1039400822.3249999,"upper_bound":1046888971.215},"point_estimate":1042209223.6,"standard_error":2125475.6538153435},"median":{"confidence_interval":{"confidence_level":0.95,"lower_bound":1039193121.0,"upper_bound":1041835092.0},"point_estimate":1039953372.5,"standard_error":852978.9824066742},"median_abs_dev":{"confidence_interval":{"confidence_level":0.95,"lower_bound":314800.4524111748,"upper_bound":3298753.065535426},"point_estimate":1636887.481239438,"standard_error":936182.6677503698},"slope":null,"std_dev":{"confidence_interval":{"confidence_level":0.95,"lower_bound":933670.0438575186,"upper_bound":10878600.691859256},"point_estimate":7070657.206425804,"standard_error":3437686.404074686}}