{"mean":{"confidence_interval":{"confidence_level":0.95,"lower_bound":1032860744.975,"upper_bound":1039932549.8225},"point_estimate":1035717798.04,"standard_error":1871251.0112490025},"median":{"confidence_interval":{"confidence_level":0.95,"lower_bound":1031470487.0,"upper_bound":1032496715.0},"point_estimate":1032010542.0,"standard_error":292591.5493653932},"median_abs_dev":{"confidence_interval":{"confidence_level":0.95,"lower_bound":1091971.9456136227,"upper_bound":3478542.7752435207},"point_estimate":1892587.0508998632,"standard_error":618659.145567352},"slope":null,"std_dev":{"confidence_interval":{"confidence_level":0.95,"lower_bound":4131852.350658929,"upper_bound":21635171.697282005},"point_estimate":13493436.726206841,"standard_error":5603150.391030749}}