{"mean":{"confidence_interval":{"confidence_level":0.95,"lower_bound":1038951927.3,"upper_bound":1056908139.8325},"point_estimate":1046332435.1,"standard_error":4839834.007449202},"median":{"confidence_interval":{"confidence_level":0.95,"lower_bound":1038148922.5,"upper_bound":1051074569.5},"point_estimate":1039149463.0,"standard_error":2991939.021993127},"median_abs_dev":{"confidence_interval":{"confidence_level":0.95,"lower_bound":161422.5199341774,"upper_bound":15629430.299422145},"point_estimate":2358651.2482255697,"standard_error":3654408.2779449783},"slope":null,"std_dev":{"confidence_interval":{"confidence_level":0.95,"lower_bound":1714558.0240645944,"upper_bound":23628001.38873312},"point_estimate":16130488.340580968,"standard_error":6445643.949185141}}