{"mean":{"confidence_interval":{"confidence_level":0.95,"lower_bound":146026.03240357141,"upper_bound":147624.9812585034},"point_estimate":146746.31209297053,"standard_error":412.0630334694845},"median":{"confidence_interval":{"confidence_level":0.95,"lower_bound":145820.47346938774,"upper_bound":147685.3630612245},"point_estimate":146087.21173469388,"standard_error":467.3990964826504},"median_abs_dev":{"confidence_interval":{"confidence_level":0.95,"lower_bound":76.70715078100974,"upper_bound":2005.3184309698995},"point_estimate":667.9371579988851,"standard_error":531.2777277346679},"slope":{"confidence_interval":{"confidence_level":0.95,"lower_bound":146159.83016762746,"upper_bound":148585.6957211456},"point_estimate":147442.78151073417,"standard_error":617.7347997557944},"std_dev":{"confidence_interval":{"confidence_level":0.95,"lower_bound":443.27940180322423,"upper_bound":1832.8522784078457},"point_estimate":1375.1211463293075,"standard_error":370.3257020761486}}