{"mean":{"confidence_interval":{"confidence_level":0.95,"lower_bound":146155.38246128542,"upper_bound":148312.70320344128},"point_estimate":147138.8335603432,"standard_error":554.9094586607117},"median":{"confidence_interval":{"confidence_level":0.95,"lower_bound":145829.68724696356,"upper_bound":148707.04224021593},"point_estimate":146552.9054366686,"standard_error":648.749633783049},"median_abs_dev":{"confidence_interval":{"confidence_level":0.95,"lower_bound":178.43158210547662,"upper_bound":2471.006058600521},"point_estimate":1055.403847355954,"standard_error":626.3128209494679},"slope":{"confidence_interval":{"confidence_level":0.95,"lower_bound":146422.3573957602,"upper_bound":148428.4074931909},"point_estimate":147255.65220043116,"standard_error":504.44162178558463},"std_dev":{"confidence_interval":{"confidence_level":0.95,"lower_bound":586.0715173846277,"upper_bound":2315.606550332562},"point_estimate":1847.436573877118,"standard_error":459.21476135264385}}