{"mean":{"confidence_interval":{"confidence_level":0.95,"lower_bound":229772729.435,"upper_bound":232419681.77124998},"point_estimate":230968896.35,"standard_error":683119.4927777109},"median":{"confidence_interval":{"confidence_level":0.95,"lower_bound":229291767.0,"upper_bound":230344110.5},"point_estimate":229625947.0,"standard_error":330176.6376206848},"median_abs_dev":{"confidence_interval":{"confidence_level":0.95,"lower_bound":338852.6717841625,"upper_bound":1893951.7841756344},"point_estimate":843105.6792318821,"standard_error":441338.1172285858},"slope":null,"std_dev":{"confidence_interval":{"confidence_level":0.95,"lower_bound":1467005.3428104713,"upper_bound":3975420.3836449143},"point_estimate":3142464.0541882566,"standard_error":644794.9257070291}}