{"mean":{"confidence_interval":{"confidence_level":0.95,"lower_bound":232170274.47300002,"upper_bound":233997159.0215},"point_estimate":233006835.0,"standard_error":467611.432338865},"median":{"confidence_interval":{"confidence_level":0.95,"lower_bound":231460629.0,"upper_bound":232904242.0},"point_estimate":232114220.0,"standard_error":375963.0860701794},"median_abs_dev":{"confidence_interval":{"confidence_level":0.95,"lower_bound":1155480.5980861187,"upper_bound":2387351.41851604},"point_estimate":1692342.650654912,"standard_error":299954.14762681304},"slope":null,"std_dev":{"confidence_interval":{"confidence_level":0.95,"lower_bound":1728238.2243641564,"upper_bound":4462784.184366851},"point_estimate":3337795.433730926,"standard_error":676821.7819632139}}