{"mean":{"confidence_interval":{"confidence_level":0.95,"lower_bound":231502627.133,"upper_bound":234109849.6395},"point_estimate":232645145.02,"standard_error":670247.0733906367},"median":{"confidence_interval":{"confidence_level":0.95,"lower_bound":230792429.0,"upper_bound":232175727.0},"point_estimate":231423407.5,"standard_error":309458.1697110115},"median_abs_dev":{"confidence_interval":{"confidence_level":0.95,"lower_bound":1227746.2273031473,"upper_bound":2410460.704305768},"point_estimate":1817335.465335846,"standard_error":300679.5102141772},"slope":null,"std_dev":{"confidence_interval":{"confidence_level":0.95,"lower_bound":2235456.1549384254,"upper_bound":6974935.060423374},"point_estimate":4780817.580500631,"standard_error":1272774.008606626}}