{"mean":{"confidence_interval":{"confidence_level":0.95,"lower_bound":230036160.7705,"upper_bound":232555321.04299998},"point_estimate":231211099.44,"standard_error":646885.2570256994},"median":{"confidence_interval":{"confidence_level":0.95,"lower_bound":229361724.0,"upper_bound":230127875.0},"point_estimate":229748552.5,"standard_error":173645.25679377685},"median_abs_dev":{"confidence_interval":{"confidence_level":0.95,"lower_bound":755869.4967806339,"upper_bound":1913758.1522764931},"point_estimate":1258374.5188593864,"standard_error":300371.4927153989},"slope":null,"std_dev":{"confidence_interval":{"confidence_level":0.95,"lower_bound":2812500.188126656,"upper_bound":5861287.55403116},"point_estimate":4639160.73850137,"standard_error":778087.5700746657}}