{"mean":{"confidence_interval":{"confidence_level":0.95,"lower_bound":233020600.82950002,"upper_bound":235864385.5615},"point_estimate":234346505.52,"standard_error":726996.5631212038},"median":{"confidence_interval":{"confidence_level":0.95,"lower_bound":231770636.0,"upper_bound":234297143.5},"point_estimate":233181717.0,"standard_error":782580.3495388239},"median_abs_dev":{"confidence_interval":{"confidence_level":0.95,"lower_bound":2073069.8760956526,"upper_bound":4254053.756475449},"point_estimate":2885422.7253735065,"standard_error":553835.6718056301},"slope":null,"std_dev":{"confidence_interval":{"confidence_level":0.95,"lower_bound":3247362.6577075063,"upper_bound":6654660.93079617},"point_estimate":5172009.761850216,"standard_error":869923.5496379707}}