{"mean":{"confidence_interval":{"confidence_level":0.95,"lower_bound":242893505.9215,"upper_bound":246730329.551},"point_estimate":244718591.1,"standard_error":986543.7513174108},"median":{"confidence_interval":{"confidence_level":0.95,"lower_bound":241899996.5,"upper_bound":244972257.0},"point_estimate":242748771.5,"standard_error":751162.9390751014},"median_abs_dev":{"confidence_interval":{"confidence_level":0.95,"lower_bound":3522203.1205683947,"upper_bound":7044406.241136789},"point_estimate":4974196.300390363,"standard_error":907965.3827388402},"slope":null,"std_dev":{"confidence_interval":{"confidence_level":0.95,"lower_bound":4940347.46529819,"upper_bound":8686616.18850397},"point_estimate":7056745.599450999,"standard_error":962002.765255969}}