{"mean":{"confidence_interval":{"confidence_level":0.95,"lower_bound":229648546.72875002,"upper_bound":235021181.89374998},"point_estimate":231761023.9,"standard_error":1466907.1024296097},"median":{"confidence_interval":{"confidence_level":0.95,"lower_bound":229246481.0,"upper_bound":232250003.0},"point_estimate":229638875.0,"standard_error":944404.8134832565},"median_abs_dev":{"confidence_interval":{"confidence_level":0.95,"lower_bound":198901.53531879187,"upper_bound":3807559.1375023127},"point_estimate":890045.535698533,"standard_error":1032914.5524060614},"slope":null,"std_dev":{"confidence_interval":{"confidence_level":0.95,"lower_bound":889544.8985109236,"upper_bound":7422323.165446582},"point_estimate":4892340.695897778,"standard_error":2150553.256351617}}