{"mean":{"confidence_interval":{"confidence_level":0.95,"lower_bound":239328834.915,"upper_bound":248412786.90499997},"point_estimate":243649609.1,"standard_error":2329270.433522516},"median":{"confidence_interval":{"confidence_level":0.95,"lower_bound":231450956.0,"upper_bound":245568080.5},"point_estimate":240124781.0,"standard_error":4795632.183664561},"median_abs_dev":{"confidence_interval":{"confidence_level":0.95,"lower_bound":3320198.1328547,"upper_bound":21491202.86525488},"point_estimate":14564371.249830723,"standard_error":5684040.355031213},"slope":null,"std_dev":{"confidence_interval":{"confidence_level":0.95,"lower_bound":11598724.09489981,"upper_bound":21178407.81222267},"point_estimate":16805852.61940044,"standard_error":2455703.800705438}}