{"mean":{"confidence_interval":{"confidence_level":0.95,"lower_bound":-0.01165704267952912,"upper_bound":0.007003728584356655},"point_estimate":-0.002147105477761757,"standard_error":0.004693924932867488},"median":{"confidence_interval":{"confidence_level":0.95,"lower_bound":-0.009352791052900877,"upper_bound":-0.0031394927103864934},"point_estimate":-0.006060556133744788,"standard_error":0.0015948153987138938}}