{"mean":{"confidence_interval":{"confidence_level":0.95,"lower_bound":0.0038914476114209067,"upper_bound":0.0278810118252264},"point_estimate":0.015176018109098743,"standard_error":0.005959579862405086},"median":{"confidence_interval":{"confidence_level":0.95,"lower_bound":0.004056180869315736,"upper_bound":0.00964540951761328},"point_estimate":0.007209392341521292,"standard_error":0.0014347834333607076}}