{"mean":{"confidence_interval":{"confidence_level":0.95,"lower_bound":-0.02928548692604978,"upper_bound":-0.008226237629419498},"point_estimate":-0.018221079877365542,"standard_error":0.005377641587586251},"median":{"confidence_interval":{"confidence_level":0.95,"lower_bound":-0.0059831687311543424,"upper_bound":-0.0005818127195816353},"point_estimate":-0.0034635901939826796,"standard_error":0.0013690717592193626}}