{"mean":{"confidence_interval":{"confidence_level":0.95,"lower_bound":-0.004801020701302394,"upper_bound":0.009596676271228571},"point_estimate":0.002937057882367533,"standard_error":0.0036801216841965815},"median":{"confidence_interval":{"confidence_level":0.95,"lower_bound":0.004683938166411439,"upper_bound":0.008320374817426979},"point_estimate":0.006969524338520605,"standard_error":0.0008917668747733923}}