{"mean":{"confidence_interval":{"confidence_level":0.95,"lower_bound":-0.005078746439784787,"upper_bound":0.009388704138495711},"point_estimate":0.0014671567011896869,"standard_error":0.003681312746119559},"median":{"confidence_interval":{"confidence_level":0.95,"lower_bound":-0.004039182384440121,"upper_bound":-0.00010234636504513617},"point_estimate":-0.002324254022163741,"standard_error":0.0010268433850819203}}