{"mean":{"confidence_interval":{"confidence_level":0.95,"lower_bound":-0.006682864494716948,"upper_bound":0.009052912896436949},"point_estimate":0.000398637964162063,"standard_error":0.003896030314237317},"median":{"confidence_interval":{"confidence_level":0.95,"lower_bound":-0.004655648913317378,"upper_bound":0.0031483373678855564},"point_estimate":0.0005845252691694114,"standard_error":0.0019628715962136467}}