{"mean":{"confidence_interval":{"confidence_level":0.95,"lower_bound":163605691.11875,"upper_bound":164656622.27124998},"point_estimate":164077463.3,"standard_error":271967.451825357},"median":{"confidence_interval":{"confidence_level":0.95,"lower_bound":163452013.5,"upper_bound":163849277.0},"point_estimate":163693516.0,"standard_error":123382.51306285855},"median_abs_dev":{"confidence_interval":{"confidence_level":0.95,"lower_bound":173078.72092723846,"upper_bound":972240.1369392872},"point_estimate":516548.95032942295,"standard_error":234034.35493356097},"slope":null,"std_dev":{"confidence_interval":{"confidence_level":0.95,"lower_bound":514808.322732906,"upper_bound":1750509.6668008757},"point_estimate":1246165.3346360754,"standard_error":330417.2668645393}}