{"mean":{"confidence_interval":{"confidence_level":0.95,"lower_bound":164170058.43875,"upper_bound":164905733.6725},"point_estimate":164492394.7,"standard_error":189250.05468433409},"median":{"confidence_interval":{"confidence_level":0.95,"lower_bound":164129320.0,"upper_bound":164550469.5},"point_estimate":164340187.5,"standard_error":98784.21356882517},"median_abs_dev":{"confidence_interval":{"confidence_level":0.95,"lower_bound":182520.65885961056,"upper_bound":739861.9575273227},"point_estimate":379878.4369558096,"standard_error":138241.0047332761},"slope":null,"std_dev":{"confidence_interval":{"confidence_level":0.95,"lower_bound":316192.966351605,"upper_bound":1269648.2727361866},"point_estimate":867945.4496094786,"standard_error":265309.5794475614}}