{"mean":{"confidence_interval":{"confidence_level":0.95,"lower_bound":170040800.20624998,"upper_bound":198047523.78249997},"point_estimate":180252229.95,"standard_error":8092830.966515396},"median":{"confidence_interval":{"confidence_level":0.95,"lower_bound":167482630.0,"upper_bound":174240630.0},"point_estimate":168941992.5,"standard_error":1991633.0596402865},"median_abs_dev":{"confidence_interval":{"confidence_level":0.95,"lower_bound":1009360.7337802649,"upper_bound":10073043.676167727},"point_estimate":2948781.635248661,"standard_error":2477723.329419042},"slope":null,"std_dev":{"confidence_interval":{"confidence_level":0.95,"lower_bound":4545146.399689072,"upper_bound":60805376.53935293},"point_estimate":37175164.60729969,"standard_error":19514502.20668042}}