{"mean":{"confidence_interval":{"confidence_level":0.95,"lower_bound":171163826.36124998,"upper_bound":218906624.28625},"point_estimate":190188680.5,"standard_error":12569393.037171483},"median":{"confidence_interval":{"confidence_level":0.95,"lower_bound":167918395.0,"upper_bound":179515651.5},"point_estimate":169423144.5,"standard_error":2819053.831809426},"median_abs_dev":{"confidence_interval":{"confidence_level":0.95,"lower_bound":1370788.2140636444,"upper_bound":14711726.861214638},"point_estimate":3319521.325966716,"standard_error":3440273.717660249},"slope":null,"std_dev":{"confidence_interval":{"confidence_level":0.95,"lower_bound":5860837.886405412,"upper_bound":88226910.062248},"point_estimate":57854311.309601516,"standard_error":23644260.145568717}}