{"mean":{"confidence_interval":{"confidence_level":0.95,"lower_bound":164161165.91250002,"upper_bound":165825222.5075},"point_estimate":164810538.6,"standard_error":448335.9982113614},"median":{"confidence_interval":{"confidence_level":0.95,"lower_bound":163877674.5,"upper_bound":164769652.5},"point_estimate":164128329.5,"standard_error":215634.30065691232},"median_abs_dev":{"confidence_interval":{"confidence_level":0.95,"lower_bound":230997.97149896622,"upper_bound":1201007.536777854},"point_estimate":482721.94932997227,"standard_error":248898.93058463032},"slope":null,"std_dev":{"confidence_interval":{"confidence_level":0.95,"lower_bound":512101.22310008726,"upper_bound":3274063.958144442},"point_estimate":2047198.1934845126,"standard_error":909128.0352181705}}