{"mean":{"confidence_interval":{"confidence_level":0.95,"lower_bound":163337012.43,"upper_bound":163994231.85250002},"point_estimate":163634847.9,"standard_error":169255.82514391717},"median":{"confidence_interval":{"confidence_level":0.95,"lower_bound":163198005.0,"upper_bound":163743053.0},"point_estimate":163308539.5,"standard_error":132872.65454047403},"median_abs_dev":{"confidence_interval":{"confidence_level":0.95,"lower_bound":142998.25006127357,"upper_bound":795173.9633828402},"point_estimate":389565.00388383865,"standard_error":171246.1875604846},"slope":null,"std_dev":{"confidence_interval":{"confidence_level":0.95,"lower_bound":348298.1921949886,"upper_bound":1081914.9362293126},"point_estimate":781723.7900287652,"standard_error":195346.9259997227}}