{"mean":{"confidence_interval":{"confidence_level":0.95,"lower_bound":161945686.1325,"upper_bound":162345005.7175},"point_estimate":162135755.0,"standard_error":102024.52097920337},"median":{"confidence_interval":{"confidence_level":0.95,"lower_bound":161861474.0,"upper_bound":162329377.5},"point_estimate":162030863.5,"standard_error":126358.12059488999},"median_abs_dev":{"confidence_interval":{"confidence_level":0.95,"lower_bound":221844.3992614746,"upper_bound":658599.8190075159},"point_estimate":437016.35734140873,"standard_error":113758.26233624284},"slope":null,"std_dev":{"confidence_interval":{"confidence_level":0.95,"lower_bound":291402.46417602187,"upper_bound":594261.9106919058},"point_estimate":469298.79967884003,"standard_error":77548.33020913154}}