{"mean":{"confidence_interval":{"confidence_level":0.95,"lower_bound":12356286.810555555,"upper_bound":17528809.171810515},"point_estimate":14455327.016706351,"standard_error":1388541.9054897877},"median":{"confidence_interval":{"confidence_level":0.95,"lower_bound":11704408.388888888,"upper_bound":15215668.55},"point_estimate":12961606.919642858,"standard_error":990405.1876933384},"median_abs_dev":{"confidence_interval":{"confidence_level":0.95,"lower_bound":364821.98558561504,"upper_bound":4112736.9765826566},"point_estimate":1902621.5184425507,"standard_error":996172.2330233627},"slope":{"confidence_interval":{"confidence_level":0.95,"lower_bound":12539623.439289887,"upper_bound":16439792.272246119},"point_estimate":14337312.188311689,"standard_error":989707.1145926698},"std_dev":{"confidence_interval":{"confidence_level":0.95,"lower_bound":1009192.8130668494,"upper_bound":6946474.821374107},"point_estimate":4626861.3112945575,"standard_error":1897123.0123479902}}