{"mean":{"confidence_interval":{"confidence_level":0.95,"lower_bound":161846367.6666667,"upper_bound":163782492.21166664},"point_estimate":162632348.2,"standard_error":514046.73253749445},"median":{"confidence_interval":{"confidence_level":0.95,"lower_bound":161623539.66666666,"upper_bound":163011171.0},"point_estimate":162184816.8333333,"standard_error":352593.0225782884},"median_abs_dev":{"confidence_interval":{"confidence_level":0.95,"lower_bound":182285.91386378548,"upper_bound":1598569.1907197312},"point_estimate":991114.8701041642,"standard_error":379059.64451164333},"slope":null,"std_dev":{"confidence_interval":{"confidence_level":0.95,"lower_bound":428906.02848620154,"upper_bound":2547968.574394276},"point_estimate":1706557.7892479058,"standard_error":672096.3827761019}}