{"mean":{"confidence_interval":{"confidence_level":0.95,"lower_bound":162212267.96666667,"upper_bound":164605448.44749996},"point_estimate":163059103.83333334,"standard_error":714379.802282597},"median":{"confidence_interval":{"confidence_level":0.95,"lower_bound":162124063.0,"upper_bound":162548792.66666666},"point_estimate":162359798.0,"standard_error":189107.34207875837},"median_abs_dev":{"confidence_interval":{"confidence_level":0.95,"lower_bound":38927.88620889187,"upper_bound":496093.7655926045},"point_estimate":282329.28908765316,"standard_error":228045.98919349824},"slope":null,"std_dev":{"confidence_interval":{"confidence_level":0.95,"lower_bound":140628.30738031954,"upper_bound":3663863.6789857964},"point_estimate":2386656.2582208156,"standard_error":1280875.1754928452}}