{"mean":{"confidence_interval":{"confidence_level":0.95,"lower_bound":1057642192.6,"upper_bound":1116277596.1},"point_estimate":1085261044.5,"standard_error":15193075.070680328},"median":{"confidence_interval":{"confidence_level":0.95,"lower_bound":1045026878.0,"upper_bound":1141354195.0},"point_estimate":1055080807.5,"standard_error":26855006.10017679},"median_abs_dev":{"confidence_interval":{"confidence_level":0.95,"lower_bound":2824330.7108581066,"upper_bound":78225654.42441702},"point_estimate":16895727.83254087,"standard_error":23654300.717574097},"slope":null,"std_dev":{"confidence_interval":{"confidence_level":0.95,"lower_bound":24723923.811452925,"upper_bound":59179610.306567006},"point_estimate":50763663.38126079,"standard_error":8597612.985282933}}