{"mean":{"confidence_interval":{"confidence_level":0.95,"lower_bound":1095366863.6875,"upper_bound":1256943067.7975},"point_estimate":1168427309.7,"standard_error":40952759.39769465},"median":{"confidence_interval":{"confidence_level":0.95,"lower_bound":1086243498.0,"upper_bound":1234027058.0},"point_estimate":1100805056.0,"standard_error":42014148.56394454},"median_abs_dev":{"confidence_interval":{"confidence_level":0.95,"lower_bound":1867656.391042471,"upper_bound":197514936.6586089},"point_estimate":25600241.294404864,"standard_error":50791743.07280568},"slope":null,"std_dev":{"confidence_interval":{"confidence_level":0.95,"lower_bound":11001499.769785082,"upper_bound":185029468.12937737},"point_estimate":137087406.6848882,"standard_error":40207400.06875859}}