{"mean":{"confidence_interval":{"confidence_level":0.95,"lower_bound":1042688455.5525,"upper_bound":1048838023.0975},"point_estimate":1045616034.2,"standard_error":1533544.5833830733},"median":{"confidence_interval":{"confidence_level":0.95,"lower_bound":1042199176.0,"upper_bound":1050685688.0},"point_estimate":1042647108.5,"standard_error":2264212.898836042},"median_abs_dev":{"confidence_interval":{"confidence_level":0.95,"lower_bound":163487.78169751167,"upper_bound":7377696.939119697},"point_estimate":909294.872456789,"standard_error":2007572.1688704076},"slope":null,"std_dev":{"confidence_interval":{"confidence_level":0.95,"lower_bound":628989.2897202357,"upper_bound":5999057.627477936},"point_estimate":5124510.917272524,"standard_error":1088372.9574829566}}