{"mean":{"confidence_interval":{"confidence_level":0.95,"lower_bound":1042634777.5,"upper_bound":1059940714.0300001},"point_estimate":1049481328.7,"standard_error":4709000.666623284},"median":{"confidence_interval":{"confidence_level":0.95,"lower_bound":1042026530.0,"upper_bound":1050362401.0},"point_estimate":1043102715.0,"standard_error":2491148.3282980826},"median_abs_dev":{"confidence_interval":{"confidence_level":0.95,"lower_bound":226996.4341700077,"upper_bound":10875036.858129501},"point_estimate":2386475.201931596,"standard_error":3110804.86033396},"slope":null,"std_dev":{"confidence_interval":{"confidence_level":0.95,"lower_bound":1690998.35690855,"upper_bound":23722505.43025477},"point_estimate":15720135.128225189,"standard_error":6811269.77463741}}