{"mean":{"confidence_interval":{"confidence_level":0.95,"lower_bound":1038233057.1474999,"upper_bound":1045429672.5925},"point_estimate":1041077576.0,"standard_error":1953096.495030803},"median":{"confidence_interval":{"confidence_level":0.95,"lower_bound":1037144753.0,"upper_bound":1041420893.5},"point_estimate":1039757603.0,"standard_error":1239457.0777070716},"median_abs_dev":{"confidence_interval":{"confidence_level":0.95,"lower_bound":362281.4578682184,"upper_bound":5032177.820160985},"point_estimate":3037564.169472456,"standard_error":1192260.3296704835},"slope":null,"std_dev":{"confidence_interval":{"confidence_level":0.95,"lower_bound":1459395.4773097583,"upper_bound":9819150.918168878},"point_estimate":6472339.295759317,"standard_error":2811523.115115049}}