{"mean":{"confidence_interval":{"confidence_level":0.95,"lower_bound":1054730489.4875,"upper_bound":1069488336.7},"point_estimate":1062035641.1,"standard_error":3785726.3960756},"median":{"confidence_interval":{"confidence_level":0.95,"lower_bound":1049556799.0,"upper_bound":1072739758.0},"point_estimate":1062425745.0,"standard_error":6460855.112297124},"median_abs_dev":{"confidence_interval":{"confidence_level":0.95,"lower_bound":2637649.876472354,"upper_bound":21508009.6185565},"point_estimate":17326983.54768455,"standard_error":5194202.04798036},"slope":null,"std_dev":{"confidence_interval":{"confidence_level":0.95,"lower_bound":7875717.290341377,"upper_bound":15183233.080331462},"point_estimate":12621168.005022405,"standard_error":1875755.4675675929}}