{"mean":{"confidence_interval":{"confidence_level":0.95,"lower_bound":-0.00627277729794439,"upper_bound":0.0041930952942799155},"point_estimate":-0.0009746602875435606,"standard_error":0.0026739036905034604},"median":{"confidence_interval":{"confidence_level":0.95,"lower_bound":-0.002359370032448407,"upper_bound":0.00035607801565062935},"point_estimate":-0.00038068591962969744,"standard_error":0.0006348997971747503}}