{"mean":{"confidence_interval":{"confidence_level":0.95,"lower_bound":-0.0026300823225651193,"upper_bound":0.00959432995146714},"point_estimate":0.003950350859189156,"standard_error":0.003128068080526559},"median":{"confidence_interval":{"confidence_level":0.95,"lower_bound":-0.00025709088569692007,"upper_bound":0.00895913677739446},"point_estimate":0.004577411824949529,"standard_error":0.002258441589007587}}