{"mean":{"confidence_interval":{"confidence_level":0.95,"lower_bound":-0.011755277706681388,"upper_bound":-0.004830732862230137},"point_estimate":-0.00819014088013903,"standard_error":0.0017719926081885618},"median":{"confidence_interval":{"confidence_level":0.95,"lower_bound":-0.013254536442593223,"upper_bound":-0.007634175616190175},"point_estimate":-0.009053233631128643,"standard_error":0.0014710565876038123}}