{"mean":{"confidence_interval":{"confidence_level":0.95,"lower_bound":-0.005846667818393381,"upper_bound":0.002844123366263228},"point_estimate":-0.0012364122374100006,"standard_error":0.002202803898407357},"median":{"confidence_interval":{"confidence_level":0.95,"lower_bound":-0.0010545874688822066,"upper_bound":0.000723936264524383},"point_estimate":-0.0001538143202417519,"standard_error":0.0004573732415400599}}