{"mean":{"confidence_interval":{"confidence_level":0.95,"lower_bound":0.003889675014380485,"upper_bound":0.022669712740048035},"point_estimate":0.011499210339108945,"standard_error":0.0048524634714705445},"median":{"confidence_interval":{"confidence_level":0.95,"lower_bound":0.005787480643883569,"upper_bound":0.018009470724615673},"point_estimate":0.007072390600772804,"standard_error":0.002650326103475516}}