{"mean":{"confidence_interval":{"confidence_level":0.95,"lower_bound":-0.0029237209827772275,"upper_bound":0.01192953741595486},"point_estimate":0.0037285054406259732,"standard_error":0.0038961062655147156},"median":{"confidence_interval":{"confidence_level":0.95,"lower_bound":-0.003997664158435943,"upper_bound":0.0027809148631345836},"point_estimate":-0.0010249864408726772,"standard_error":0.0017106606191241768}}