{"mean":{"confidence_interval":{"confidence_level":0.95,"lower_bound":-0.004611518691580607,"upper_bound":0.0056128895970167176},"point_estimate":0.0007563284413227844,"standard_error":0.0025895594163559492},"median":{"confidence_interval":{"confidence_level":0.95,"lower_bound":-0.0019276598646299492,"upper_bound":0.003495248535753337},"point_estimate":0.002341728382240005,"standard_error":0.001581342489684018}}