{"mean":{"confidence_interval":{"confidence_level":0.95,"lower_bound":-0.012044136205476175,"upper_bound":-0.0029034899914287537},"point_estimate":-0.007279156383859231,"standard_error":0.002340641569723508},"median":{"confidence_interval":{"confidence_level":0.95,"lower_bound":-0.011335846720316844,"upper_bound":-0.003487112674921411},"point_estimate":-0.007041836390412781,"standard_error":0.002088120861426713}}