{"mean":{"confidence_interval":{"confidence_level":0.95,"lower_bound":0.010209170497309517,"upper_bound":0.01907235516738224},"point_estimate":0.014901912418663121,"standard_error":0.002227658327145184},"median":{"confidence_interval":{"confidence_level":0.95,"lower_bound":0.011734137204024275,"upper_bound":0.01570807392465423},"point_estimate":0.013234343752421607,"standard_error":0.0009586752145441227}}