{"mean":{"confidence_interval":{"confidence_level":0.95,"lower_bound":0.0008400013670830653,"upper_bound":0.014380963148207197},"point_estimate":0.007812968010578958,"standard_error":0.003398412425045389},"median":{"confidence_interval":{"confidence_level":0.95,"lower_bound":-0.0010693390119950186,"upper_bound":0.01172334943327602},"point_estimate":0.009657312967867204,"standard_error":0.002622103822327476}}