{"mean":{"confidence_interval":{"confidence_level":0.95,"lower_bound":-0.016580629650059464,"upper_bound":0.0027028854936893146},"point_estimate":-0.005774131047961428,"standard_error":0.004962834868296837},"median":{"confidence_interval":{"confidence_level":0.95,"lower_bound":-0.01166440344235764,"upper_bound":0.0016778770158494272},"point_estimate":-0.0017523961324512616,"standard_error":0.0030488443855065375}}