{"mean":{"confidence_interval":{"confidence_level":0.95,"lower_bound":-0.0019265668910423523,"upper_bound":0.011165909692662778},"point_estimate":0.004250450964824903,"standard_error":0.0033099681967765286},"median":{"confidence_interval":{"confidence_level":0.95,"lower_bound":0.0010962107949576971,"upper_bound":0.00859957895171859},"point_estimate":0.0036834137003580736,"standard_error":0.0018245268364450854}}