{"mean":{"confidence_interval":{"confidence_level":0.95,"lower_bound":-0.024424127966212388,"upper_bound":-0.009216006996370835},"point_estimate":-0.016306365595756822,"standard_error":0.0038647963732427173},"median":{"confidence_interval":{"confidence_level":0.95,"lower_bound":-0.0146880758985668,"upper_bound":-0.009068742561911591},"point_estimate":-0.011424898310490317,"standard_error":0.0014572281105700356}}