{"mean":{"confidence_interval":{"confidence_level":0.95,"lower_bound":384878.78769130015,"upper_bound":387656.06721587107},"point_estimate":386064.63905281894,"standard_error":716.2803512345398},"median":{"confidence_interval":{"confidence_level":0.95,"lower_bound":384214.7521367521,"upper_bound":385449.18695286196},"point_estimate":384853.57908391487,"standard_error":317.4062133093211},"median_abs_dev":{"confidence_interval":{"confidence_level":0.95,"lower_bound":962.8646225522068,"upper_bound":2299.062031853732},"point_estimate":1678.968475132781,"standard_error":341.89955272978943},"slope":{"confidence_interval":{"confidence_level":0.95,"lower_bound":385048.15483309695,"upper_bound":386244.7810619128},"point_estimate":385658.5458124636,"standard_error":305.766092265057},"std_dev":{"confidence_interval":{"confidence_level":0.95,"lower_bound":1794.3191172124434,"upper_bound":7823.011929052744},"point_estimate":5124.484417484947,"standard_error":1630.838902304134}}