{"mean":{"confidence_interval":{"confidence_level":0.95,"lower_bound":1042312282.95,"upper_bound":1053166288.0999999},"point_estimate":1047063693.9,"standard_error":2766561.259753416},"median":{"confidence_interval":{"confidence_level":0.95,"lower_bound":1041383390.0,"upper_bound":1053831085.5},"point_estimate":1043192101.5,"standard_error":2690885.19816999},"median_abs_dev":{"confidence_interval":{"confidence_level":0.95,"lower_bound":267210.47585606575,"upper_bound":13564411.682483554},"point_estimate":2683515.5892580748,"standard_error":2635043.668410649},"slope":null,"std_dev":{"confidence_interval":{"confidence_level":0.95,"lower_bound":1701994.2378697926,"upper_bound":11627889.835509887},"point_estimate":9220234.07145752,"standard_error":2658584.389914777}}