{"mean":{"confidence_interval":{"confidence_level":0.95,"lower_bound":1040425155.6,"upper_bound":1055157712.5},"point_estimate":1046938612.7,"standard_error":3834327.8112250795},"median":{"confidence_interval":{"confidence_level":0.95,"lower_bound":1037807749.0,"upper_bound":1053204715.5},"point_estimate":1044356543.0,"standard_error":3151562.238400376},"median_abs_dev":{"confidence_interval":{"confidence_level":0.95,"lower_bound":586329.0006905794,"upper_bound":13443102.387437224},"point_estimate":7913432.215708494,"standard_error":4032936.1142316237},"slope":null,"std_dev":{"confidence_interval":{"confidence_level":0.95,"lower_bound":3425328.5954555725,"upper_bound":17743079.865406375},"point_estimate":12858133.668609997,"standard_error":3987909.8653424317}}