{"mean":{"confidence_interval":{"confidence_level":0.95,"lower_bound":4472007.6132499995,"upper_bound":4483949.485854167},"point_estimate":4477683.115833333,"standard_error":3053.104342616229},"median":{"confidence_interval":{"confidence_level":0.95,"lower_bound":4465816.083333333,"upper_bound":4476430.5},"point_estimate":4471754.458333334,"standard_error":2823.0690783270443},"median_abs_dev":{"confidence_interval":{"confidence_level":0.95,"lower_bound":18371.94644883298,"upper_bound":28583.35376754357},"point_estimate":23490.190432964835,"standard_error":2669.8124621706447},"slope":null,"std_dev":{"confidence_interval":{"confidence_level":0.95,"lower_bound":22680.97157263353,"upper_bound":38361.87088619266},"point_estimate":30833.410424971637,"standard_error":4019.963921721922}}