{"mean":{"confidence_interval":{"confidence_level":0.95,"lower_bound":-0.019945020315544456,"upper_bound":0.0013279138991595385},"point_estimate":-0.00792112798809963,"standard_error":0.00551852723979914},"median":{"confidence_interval":{"confidence_level":0.95,"lower_bound":-0.018921669376296246,"upper_bound":0.002096758743680205},"point_estimate":0.0005232710280749231,"standard_error":0.004557382261116411}}