{"mean":{"confidence_interval":{"confidence_level":0.95,"lower_bound":-0.00126375906930698,"upper_bound":0.004643898131285296},"point_estimate":0.001773159449821593,"standard_error":0.0014963464835241796},"median":{"confidence_interval":{"confidence_level":0.95,"lower_bound":-0.0017283001517190977,"upper_bound":0.005190661176811995},"point_estimate":0.0019682939510901054,"standard_error":0.0018445610813075202}}