{"mean":{"confidence_interval":{"confidence_level":0.95,"lower_bound":0.06282935454581391,"upper_bound":0.3426761934642466},"point_estimate":0.20246065740683972,"standard_error":0.07084893064830226},"median":{"confidence_interval":{"confidence_level":0.95,"lower_bound":0.0444271877973037,"upper_bound":0.3392635497916161},"point_estimate":0.08012360044233002,"standard_error":0.06238436491384922}}