{"mean":{"confidence_interval":{"confidence_level":0.95,"lower_bound":0.0024681717338572618,"upper_bound":0.03530311261718781},"point_estimate":0.017449047637359216,"standard_error":0.008450058167194213},"median":{"confidence_interval":{"confidence_level":0.95,"lower_bound":0.0006915817531703006,"upper_bound":0.004025916944204289},"point_estimate":0.0023637151529238842,"standard_error":0.00088965354597962}}