{"mean":{"confidence_interval":{"confidence_level":0.95,"lower_bound":-0.2616115120544876,"upper_bound":-0.03294274179414314},"point_estimate":-0.1447147968041539,"standard_error":0.06172383993195165},"median":{"confidence_interval":{"confidence_level":0.95,"lower_bound":-0.2119688323201676,"upper_bound":-0.02480867836031786},"point_estimate":-0.040092056234078854,"standard_error":0.039687120272567177}}