{"mean":{"confidence_interval":{"confidence_level":0.95,"lower_bound":-0.038546550314237114,"upper_bound":-0.014144450026940314},"point_estimate":-0.025565589224572416,"standard_error":0.006309471294810469},"median":{"confidence_interval":{"confidence_level":0.95,"lower_bound":-0.041111347516156305,"upper_bound":-0.007864556626068664},"point_estimate":-0.01887330857329661,"standard_error":0.00863616224578065}}