{"mean":{"confidence_interval":{"confidence_level":0.95,"lower_bound":0.00581759697167414,"upper_bound":0.0383811419471702},"point_estimate":0.021994482511724867,"standard_error":0.008312351436163056},"median":{"confidence_interval":{"confidence_level":0.95,"lower_bound":0.008852164257335149,"upper_bound":0.04635060442113015},"point_estimate":0.022858580447497667,"standard_error":0.010157544433015735}}