{"mean":{"confidence_interval":{"confidence_level":0.95,"lower_bound":-0.032367824557017366,"upper_bound":0.006966319267540433},"point_estimate":-0.010626285619982134,"standard_error":0.010027260275431904},"median":{"confidence_interval":{"confidence_level":0.95,"lower_bound":-0.002711266925897082,"upper_bound":0.002439082212773558},"point_estimate":-0.0010687298784561872,"standard_error":0.0018353248521178378}}