{"mean":{"confidence_interval":{"confidence_level":0.95,"lower_bound":-0.0010461102450100895,"upper_bound":0.021024523618650467},"point_estimate":0.008219018293023073,"standard_error":0.005205289139816742},"median":{"confidence_interval":{"confidence_level":0.95,"lower_bound":-0.0023843483851939684,"upper_bound":0.02002763170237598},"point_estimate":-0.00027071922241728164,"standard_error":0.0041923071346204295}}