{"mean":{"confidence_interval":{"confidence_level":0.95,"lower_bound":-0.0016982422458149404,"upper_bound":0.006818505355263542},"point_estimate":0.002521777816761217,"standard_error":0.002201477978940626},"median":{"confidence_interval":{"confidence_level":0.95,"lower_bound":-0.0032742591116075026,"upper_bound":0.00507297970788545},"point_estimate":0.0009050720932510803,"standard_error":0.0022207425537063385}}