{"mean":{"confidence_interval":{"confidence_level":0.95,"lower_bound":-0.009829415230069917,"upper_bound":0.3183430438613969},"point_estimate":0.12156012249114667,"standard_error":0.08492745733729955},"median":{"confidence_interval":{"confidence_level":0.95,"lower_bound":-0.037339939057873694,"upper_bound":0.21464102081247138},"point_estimate":0.007819353847416055,"standard_error":0.05344473588854545}}