{"mean":{"confidence_interval":{"confidence_level":0.95,"lower_bound":-0.24675300189791421,"upper_bound":-0.03472355718112871},"point_estimate":-0.14188385421147365,"standard_error":0.05484129678864741},"median":{"confidence_interval":{"confidence_level":0.95,"lower_bound":-0.24040813692577967,"upper_bound":0.0026521037296816097},"point_estimate":-0.051954854820069896,"standard_error":0.05990923729819072}}