{"mean":{"confidence_interval":{"confidence_level":0.95,"lower_bound":-0.008635833329331486,"upper_bound":-0.0020993569414985954},"point_estimate":-0.005220297024159937,"standard_error":0.001666886014562603},"median":{"confidence_interval":{"confidence_level":0.95,"lower_bound":-0.0049655693187370615,"upper_bound":-0.000460066791318714},"point_estimate":-0.0024425019178334617,"standard_error":0.001142826755906259}}