{"mean":{"confidence_interval":{"confidence_level":0.95,"lower_bound":0.05826397564232093,"upper_bound":0.3668598046642516},"point_estimate":0.19549911799940967,"standard_error":0.08053064207283113},"median":{"confidence_interval":{"confidence_level":0.95,"lower_bound":0.04133533348462981,"upper_bound":0.40195524513005276},"point_estimate":0.06495733791970104,"standard_error":0.07793619095421875}}