{"mean":{"confidence_interval":{"confidence_level":0.95,"lower_bound":-0.2687413664380883,"upper_bound":-0.06561582400165933},"point_estimate":-0.16767710220868504,"standard_error":0.05221829467006725},"median":{"confidence_interval":{"confidence_level":0.95,"lower_bound":-0.2693265364559849,"upper_bound":-0.04673062275804174},"point_estimate":-0.06705632716607501,"standard_error":0.05134009798524427}}