{"mean":{"confidence_interval":{"confidence_level":0.95,"lower_bound":-0.3508476363935828,"upper_bound":-0.12648145004203037},"point_estimate":-0.2409718945502285,"standard_error":0.058289742546667724},"median":{"confidence_interval":{"confidence_level":0.95,"lower_bound":-0.3133509851043248,"upper_bound":-0.05940319395916194},"point_estimate":-0.18339315658375333,"standard_error":0.05902872361378249}}