{"mean":{"confidence_interval":{"confidence_level":0.95,"lower_bound":0.11649841059504217,"upper_bound":0.46718005095976106},"point_estimate":0.2790907799535409,"standard_error":0.09099886319286629},"median":{"confidence_interval":{"confidence_level":0.95,"lower_bound":0.03508331108245799,"upper_bound":0.3532980993202348},"point_estimate":0.19187380084688366,"standard_error":0.08037825887753604}}