{"mean":{"confidence_interval":{"confidence_level":0.95,"lower_bound":-0.012050963205989418,"upper_bound":0.0007044815316156834},"point_estimate":-0.005946489708928859,"standard_error":0.0033955296116780034},"median":{"confidence_interval":{"confidence_level":0.95,"lower_bound":-0.013825030923828474,"upper_bound":-0.0009622697224598298},"point_estimate":-0.008892494877955848,"standard_error":0.0027050304551044}}