{"mean":{"confidence_interval":{"confidence_level":0.95,"lower_bound":-0.0011156069241079775,"upper_bound":0.01634507365336503},"point_estimate":0.009033215373374315,"standard_error":0.004571299442304514},"median":{"confidence_interval":{"confidence_level":0.95,"lower_bound":0.007092436840671956,"upper_bound":0.018388171403621145},"point_estimate":0.01236599022091367,"standard_error":0.0029402023228401832}}