{"mean":{"confidence_interval":{"confidence_level":0.95,"lower_bound":-0.0521872054567857,"upper_bound":0.010323217683687257},"point_estimate":-0.014494122500193551,"standard_error":0.016853605188820408},"median":{"confidence_interval":{"confidence_level":0.95,"lower_bound":-0.008627613333353601,"upper_bound":0.006533788327666601},"point_estimate":-0.0032783671355643973,"standard_error":0.005077762755496621}}