{"mean":{"confidence_interval":{"confidence_level":0.95,"lower_bound":-0.013164058183180515,"upper_bound":0.005864590047649611},"point_estimate":-0.0018775939895395721,"standard_error":0.0050934737331705384},"median":{"confidence_interval":{"confidence_level":0.95,"lower_bound":-0.00632032755178491,"upper_bound":0.008030006604056839},"point_estimate":0.004016862028751955,"standard_error":0.0033978459537437737}}