{"mean":{"confidence_interval":{"confidence_level":0.95,"lower_bound":0.0018788881303390143,"upper_bound":0.06004302314383507},"point_estimate":0.02216323092939043,"standard_error":0.017983929087164598},"median":{"confidence_interval":{"confidence_level":0.95,"lower_bound":0.0018208630201006493,"upper_bound":0.010737488544833541},"point_estimate":0.005016953095163368,"standard_error":0.002277932706960151}}