{"mean":{"confidence_interval":{"confidence_level":0.95,"lower_bound":-0.01277614994122922,"upper_bound":0.00045948207468654795},"point_estimate":-0.005460592508467976,"standard_error":0.0034222446624156398},"median":{"confidence_interval":{"confidence_level":0.95,"lower_bound":-0.009742434072418815,"upper_bound":-0.00028645794197912355},"point_estimate":-0.002186803361353795,"standard_error":0.0020426356556497403}}