{"mean":{"confidence_interval":{"confidence_level":0.95,"lower_bound":0.000045256673338928514,"upper_bound":0.01605617501299972},"point_estimate":0.006225344420788481,"standard_error":0.004615292889237347},"median":{"confidence_interval":{"confidence_level":0.95,"lower_bound":0.0002751010441688351,"upper_bound":0.007787639379166045},"point_estimate":0.0019417936164778382,"standard_error":0.003372100586533974}}