{"mean":{"confidence_interval":{"confidence_level":0.95,"lower_bound":487552411.1975,"upper_bound":496080869.5},"point_estimate":491670010.1,"standard_error":2185708.5896898853},"median":{"confidence_interval":{"confidence_level":0.95,"lower_bound":484956707.0,"upper_bound":497358677.0},"point_estimate":490568459.5,"standard_error":3693014.089349904},"median_abs_dev":{"confidence_interval":{"confidence_level":0.95,"lower_bound":1719233.3076775074,"upper_bound":12637625.095537305},"point_estimate":8572320.40041089,"standard_error":2893437.8602289995},"slope":null,"std_dev":{"confidence_interval":{"confidence_level":0.95,"lower_bound":4386195.52566329,"upper_bound":9016805.86640039},"point_estimate":7291907.045876826,"standard_error":1210719.60616731}}