{"mean":{"confidence_interval":{"confidence_level":0.95,"lower_bound":9484.49596853172,"upper_bound":9514.067765125197},"point_estimate":9498.930097097817,"standard_error":7.55349873724285},"median":{"confidence_interval":{"confidence_level":0.95,"lower_bound":9471.829717362194,"upper_bound":9514.79470930661},"point_estimate":9484.527524125599,"standard_error":11.327973365208758},"median_abs_dev":{"confidence_interval":{"confidence_level":0.95,"lower_bound":30.27758371624182,"upper_bound":66.28151120059349},"point_estimate":47.63083685818601,"standard_error":9.071321066450865},"slope":{"confidence_interval":{"confidence_level":0.95,"lower_bound":9476.49872763275,"upper_bound":9502.876694460741},"point_estimate":9488.971039559972,"standard_error":6.709476289802037},"std_dev":{"confidence_interval":{"confidence_level":0.95,"lower_bound":40.39348113829194,"upper_bound":66.2718093281266},"point_estimate":54.16447704372449,"standard_error":6.642904447014558}}