{"mean":{"confidence_interval":{"confidence_level":0.95,"lower_bound":7663687.868590909,"upper_bound":7697881.116181818},"point_estimate":7679286.667272729,"standard_error":8728.898502917122},"median":{"confidence_interval":{"confidence_level":0.95,"lower_bound":7647407.909090909,"upper_bound":7680532.0},"point_estimate":7664841.090909091,"standard_error":8978.969696304643},"median_abs_dev":{"confidence_interval":{"confidence_level":0.95,"lower_bound":28338.146333261222,"upper_bound":61859.327392685744},"point_estimate":45621.08379006386,"standard_error":8974.547684733414},"slope":null,"std_dev":{"confidence_interval":{"confidence_level":0.95,"lower_bound":37043.666600535245,"upper_bound":86827.2984031767},"point_estimate":62347.98476611641,"standard_error":13649.093899029323}}