{"mean":{"confidence_interval":{"confidence_level":0.95,"lower_bound":8142095.706299998,"upper_bound":8200621.504050001},"point_estimate":8171242.0720000025,"standard_error":14956.87042462637},"median":{"confidence_interval":{"confidence_level":0.95,"lower_bound":8090407.9,"upper_bound":8238495.9},"point_estimate":8188675.699999999,"standard_error":43136.29514829432},"median_abs_dev":{"confidence_interval":{"confidence_level":0.95,"lower_bound":71433.74237179673,"upper_bound":160505.2353304615},"point_estimate":145494.5036369558,"standard_error":23421.69923206553},"slope":null,"std_dev":{"confidence_interval":{"confidence_level":0.95,"lower_bound":92801.24440417357,"upper_bound":118763.47311386128},"point_estimate":106784.56319415913,"standard_error":6685.615919505464}}