{"mean":{"confidence_interval":{"confidence_level":0.95,"lower_bound":7899832.122800001,"upper_bound":7955979.150250003},"point_estimate":7927809.587999997,"standard_error":14280.59018933045},"median":{"confidence_interval":{"confidence_level":0.95,"lower_bound":7889254.85,"upper_bound":7973615.8},"point_estimate":7956183.8,"standard_error":23667.69656314844},"median_abs_dev":{"confidence_interval":{"confidence_level":0.95,"lower_bound":69002.87145495387,"upper_bound":153543.68715405438},"point_estimate":105681.87589377192,"standard_error":22195.8826462679},"slope":null,"std_dev":{"confidence_interval":{"confidence_level":0.95,"lower_bound":86903.5210485083,"upper_bound":115420.1472221785},"point_estimate":102656.80991419037,"standard_error":7268.885071603428}}