{"mean":{"confidence_interval":{"confidence_level":0.95,"lower_bound":7780199.419090913,"upper_bound":8114043.636227272},"point_estimate":7935507.374545456,"standard_error":85212.31843932683},"median":{"confidence_interval":{"confidence_level":0.95,"lower_bound":7617829.863636363,"upper_bound":7701750.2727272725},"point_estimate":7649507.227272727,"standard_error":21913.669717778117},"median_abs_dev":{"confidence_interval":{"confidence_level":0.95,"lower_bound":60981.762990084375,"upper_bound":171603.29977002225},"point_estimate":95225.44197304588,"standard_error":28972.620346177308},"slope":null,"std_dev":{"confidence_interval":{"confidence_level":0.95,"lower_bound":391169.60787888995,"upper_bound":771995.8146313247},"point_estimate":605836.6272731888,"standard_error":97576.85787506872}}