{"mean":{"confidence_interval":{"confidence_level":0.95,"lower_bound":7790740.469181816,"upper_bound":7873204.381045456},"point_estimate":7827063.956363636,"standard_error":21250.084735725304},"median":{"confidence_interval":{"confidence_level":0.95,"lower_bound":7771543.318181818,"upper_bound":7799027.636363637},"point_estimate":7787329.863636363,"standard_error":6763.306543577158},"median_abs_dev":{"confidence_interval":{"confidence_level":0.95,"lower_bound":26165.46346274377,"upper_bound":59630.979632246825},"point_estimate":38582.97954228741,"standard_error":9195.235290141307},"slope":null,"std_dev":{"confidence_interval":{"confidence_level":0.95,"lower_bound":47823.66364646936,"upper_bound":222749.23452500586},"point_estimate":152470.69580449493,"standard_error":43551.43526666166}}