{"mean":{"confidence_interval":{"confidence_level":0.95,"lower_bound":7832603.574181817,"upper_bound":7875910.189500001},"point_estimate":7851800.150909092,"standard_error":11191.75856539924},"median":{"confidence_interval":{"confidence_level":0.95,"lower_bound":7823223.454545455,"upper_bound":7854862.636363637},"point_estimate":7830507.272727273,"standard_error":9373.042919318888},"median_abs_dev":{"confidence_interval":{"confidence_level":0.95,"lower_bound":28881.721396337227,"upper_bound":60392.83384599481},"point_estimate":40282.03911212376,"standard_error":7289.687313517188},"slope":null,"std_dev":{"confidence_interval":{"confidence_level":0.95,"lower_bound":39900.89208402506,"upper_bound":118962.88300269608},"point_estimate":80079.43289616905,"standard_error":23023.72913841257}}