{"mean":{"confidence_interval":{"confidence_level":0.95,"lower_bound":7868308.050363634,"upper_bound":7910447.037772729},"point_estimate":7887472.345454544,"standard_error":10794.269223505184},"median":{"confidence_interval":{"confidence_level":0.95,"lower_bound":7857370.090909091,"upper_bound":7899515.454545455},"point_estimate":7881885.636363637,"standard_error":11364.086823451673},"median_abs_dev":{"confidence_interval":{"confidence_level":0.95,"lower_bound":35202.045084130434,"upper_bound":81759.99727574212},"point_estimate":58126.545004411426,"standard_error":11790.330926459688},"slope":null,"std_dev":{"confidence_interval":{"confidence_level":0.95,"lower_bound":44938.14986500163,"upper_bound":111339.82471210632},"point_estimate":77036.08414990305,"standard_error":19677.18299449818}}