{"mean":{"confidence_interval":{"confidence_level":0.95,"lower_bound":73292.86199870707,"upper_bound":73924.36296701795},"point_estimate":73553.64110688264,"standard_error":167.6132492769437},"median":{"confidence_interval":{"confidence_level":0.95,"lower_bound":73239.88457991803,"upper_bound":73674.22936589253},"point_estimate":73355.58097677596,"standard_error":107.25384482690009},"median_abs_dev":{"confidence_interval":{"confidence_level":0.95,"lower_bound":48.58084652480781,"upper_bound":531.4744938943677},"point_estimate":176.1353471496272,"standard_error":131.43786950593264},"slope":{"confidence_interval":{"confidence_level":0.95,"lower_bound":73325.70630805584,"upper_bound":73750.67225179674},"point_estimate":73505.5291835214,"standard_error":113.57319628613709},"std_dev":{"confidence_interval":{"confidence_level":0.95,"lower_bound":101.32679097680416,"upper_bound":826.7258314141715},"point_estimate":560.2943759781891,"standard_error":216.84298284554683}}