{"mean":{"confidence_interval":{"confidence_level":0.95,"lower_bound":5511593.358730633,"upper_bound":5604480.112102988},"point_estimate":5553174.103493669,"standard_error":23883.34232983945},"median":{"confidence_interval":{"confidence_level":0.95,"lower_bound":5498407.340972222,"upper_bound":5516133.074999999},"point_estimate":5506340.302083334,"standard_error":7137.521938610893},"median_abs_dev":{"confidence_interval":{"confidence_level":0.95,"lower_bound":7628.443265819256,"upper_bound":36787.66489688882},"point_estimate":16123.832043460718,"standard_error":10609.310827631412},"slope":{"confidence_interval":{"confidence_level":0.95,"lower_bound":5500124.058796865,"upper_bound":5579981.581596865},"point_estimate":5529408.867421603,"standard_error":21231.758036077987},"std_dev":{"confidence_interval":{"confidence_level":0.95,"lower_bound":36895.061528488724,"upper_bound":148982.3800506283},"point_estimate":109771.57323159851,"standard_error":28506.65344286791}}