{"mean":{"confidence_interval":{"confidence_level":0.95,"lower_bound":-0.0076351793218182975,"upper_bound":0.000164378044583626},"point_estimate":-0.004122808957908841,"standard_error":0.0019654545004958966},"median":{"confidence_interval":{"confidence_level":0.95,"lower_bound":-0.009565739447563004,"upper_bound":-0.006026289270218865},"point_estimate":-0.008037263581691323,"standard_error":0.0008997790162716688}}