{"mean":{"confidence_interval":{"confidence_level":0.95,"lower_bound":0.01109723604193847,"upper_bound":0.01862218457833447},"point_estimate":0.014623412186635543,"standard_error":0.0019377083732663098},"median":{"confidence_interval":{"confidence_level":0.95,"lower_bound":0.009918513848436561,"upper_bound":0.015795381624150506},"point_estimate":0.01352766163756769,"standard_error":0.0015576876952363176}}