{"mean":{"confidence_interval":{"confidence_level":0.95,"lower_bound":-0.004033233690713733,"upper_bound":0.01646361597274705},"point_estimate":0.004610155944441363,"standard_error":0.005213702531946625},"median":{"confidence_interval":{"confidence_level":0.95,"lower_bound":-0.00034618483430270963,"upper_bound":0.005409354468594918},"point_estimate":0.00136834095242655,"standard_error":0.0016333682836731664}}