{"mean":{"confidence_interval":{"confidence_level":0.95,"lower_bound":0.00014521671441159576,"upper_bound":0.02606574128085735},"point_estimate":0.014363890303946691,"standard_error":0.006700977611571809},"median":{"confidence_interval":{"confidence_level":0.95,"lower_bound":0.01617633088301873,"upper_bound":0.02217078138218498},"point_estimate":0.01957401254230806,"standard_error":0.0014928502636649065}}