{"mean":{"confidence_interval":{"confidence_level":0.95,"lower_bound":0.002906878841897041,"upper_bound":0.026834505100206407},"point_estimate":0.013191410728873976,"standard_error":0.00617689413174807},"median":{"confidence_interval":{"confidence_level":0.95,"lower_bound":-0.000442537008223054,"upper_bound":0.002923939223899774},"point_estimate":0.0013109222851945823,"standard_error":0.0007953156207602128}}