{"mean":{"confidence_interval":{"confidence_level":0.95,"lower_bound":-0.016592438089295447,"upper_bound":-0.009014904974788629},"point_estimate":-0.012461760535051436,"standard_error":0.001923748077359973},"median":{"confidence_interval":{"confidence_level":0.95,"lower_bound":-0.014786687592939218,"upper_bound":-0.009682148322071593},"point_estimate":-0.013196887787248923,"standard_error":0.0010643472398519677}}