{"mean":{"confidence_interval":{"confidence_level":0.95,"lower_bound":0.004789754744482067,"upper_bound":0.01652394065293644},"point_estimate":0.010216143225781016,"standard_error":0.00279906449197862},"median":{"confidence_interval":{"confidence_level":0.95,"lower_bound":0.0009634295518989866,"upper_bound":0.008842545216122044},"point_estimate":0.004171379847174084,"standard_error":0.001925959301720238}}