{"mean":{"confidence_interval":{"confidence_level":0.95,"lower_bound":-0.0142453054582522,"upper_bound":0.0002468240416615419},"point_estimate":-0.006187323428416769,"standard_error":0.003721503165962241},"median":{"confidence_interval":{"confidence_level":0.95,"lower_bound":-0.0017746006230892064,"upper_bound":0.0036105680837132947},"point_estimate":0.0005851837414141414,"standard_error":0.00151977267649788}}