{"mean":{"confidence_interval":{"confidence_level":0.95,"lower_bound":-0.012217650045146744,"upper_bound":0.0044310093016135576},"point_estimate":-0.002543569814756119,"standard_error":0.004371213378606391},"median":{"confidence_interval":{"confidence_level":0.95,"lower_bound":0.0015639865044427825,"upper_bound":0.007858593240567702},"point_estimate":0.00615673108074688,"standard_error":0.001737492698740026}}