{"mean":{"confidence_interval":{"confidence_level":0.95,"lower_bound":-0.028061876092077664,"upper_bound":-0.0020050651744269224},"point_estimate":-0.013566233439042397,"standard_error":0.006716578867635058},"median":{"confidence_interval":{"confidence_level":0.95,"lower_bound":-0.002270234557079087,"upper_bound":0.0008713688382473439},"point_estimate":-0.0009125647829369976,"standard_error":0.0007584949963011412}}