{"mean":{"confidence_interval":{"confidence_level":0.95,"lower_bound":-0.03204142749757943,"upper_bound":-0.0016335057393409825},"point_estimate":-0.014245882620222639,"standard_error":0.007972531314969085},"median":{"confidence_interval":{"confidence_level":0.95,"lower_bound":-0.0021849970541559793,"upper_bound":0.0001708097258459329},"point_estimate":-0.0010427031187536517,"standard_error":0.0005889697392674349}}