{"mean":{"confidence_interval":{"confidence_level":0.95,"lower_bound":-0.013227831127770937,"upper_bound":0.012395812153488383},"point_estimate":-0.00073372436349739,"standard_error":0.006511667873511025},"median":{"confidence_interval":{"confidence_level":0.95,"lower_bound":-0.010096082505271387,"upper_bound":-0.00007371186687665787},"point_estimate":-0.004190335228147268,"standard_error":0.00246164104652346}}