{"mean":{"confidence_interval":{"confidence_level":0.95,"lower_bound":0.0033040979860471465,"upper_bound":0.03125533590657484},"point_estimate":0.01654873625296638,"standard_error":0.007389385082332493},"median":{"confidence_interval":{"confidence_level":0.95,"lower_bound":-0.0003803494996306167,"upper_bound":0.001793490477212334},"point_estimate":0.0008911508153546244,"standard_error":0.0005579676176738006}}