{"mean":{"confidence_interval":{"confidence_level":0.95,"lower_bound":-0.0030093319395923853,"upper_bound":0.0007403552764660308},"point_estimate":-0.0010899320877789664,"standard_error":0.0009595931641880495},"median":{"confidence_interval":{"confidence_level":0.95,"lower_bound":-0.0014509384431969918,"upper_bound":0.001072799840255323},"point_estimate":-0.00015773951035813472,"standard_error":0.0006308824726647694}}