{"mean":{"confidence_interval":{"confidence_level":0.95,"lower_bound":-0.007409923679047867,"upper_bound":0.0026916373022370745},"point_estimate":-0.002618248308972171,"standard_error":0.002567881914213718},"median":{"confidence_interval":{"confidence_level":0.95,"lower_bound":-0.004542084239090749,"upper_bound":0.002066943717793133},"point_estimate":-0.0008437211221334895,"standard_error":0.0016587158539635135}}