{"mean":{"confidence_interval":{"confidence_level":0.95,"lower_bound":-0.00635657100066702,"upper_bound":0.0017538924550246637},"point_estimate":-0.0018376553018284447,"standard_error":0.0020934326446504434},"median":{"confidence_interval":{"confidence_level":0.95,"lower_bound":-0.0011211299918036932,"upper_bound":0.0028772534345262724},"point_estimate":0.0004009477496436098,"standard_error":0.001072215667738879}}