{"mean":{"confidence_interval":{"confidence_level":0.95,"lower_bound":-0.0028588603816795954,"upper_bound":0.01182247997923076},"point_estimate":0.004643413777448924,"standard_error":0.00371871785796539},"median":{"confidence_interval":{"confidence_level":0.95,"lower_bound":0.0054675007049735935,"upper_bound":0.013494342907883095},"point_estimate":0.009680352407476223,"standard_error":0.0021766176393424224}}