{"mean":{"confidence_interval":{"confidence_level":0.95,"lower_bound":-0.016950294344304173,"upper_bound":-0.00675314203601318},"point_estimate":-0.012084294066698198,"standard_error":0.002612696722795126},"median":{"confidence_interval":{"confidence_level":0.95,"lower_bound":-0.01879244377915945,"upper_bound":-0.010692741773731806},"point_estimate":-0.015887789615827486,"standard_error":0.0022191458048115903}}