{"mean":{"confidence_interval":{"confidence_level":0.95,"lower_bound":-0.008368435062636181,"upper_bound":0.007746736133315059},"point_estimate":0.0008439588356912164,"standard_error":0.004088448656179274},"median":{"confidence_interval":{"confidence_level":0.95,"lower_bound":-0.0014639621171353978,"upper_bound":0.005515961261340463},"point_estimate":0.0018213773837660874,"standard_error":0.0018985809810078767}}