{"mean":{"confidence_interval":{"confidence_level":0.95,"lower_bound":-0.021246109596909535,"upper_bound":0.0018425202923242235},"point_estimate":-0.008418158505930973,"standard_error":0.005936107278615366},"median":{"confidence_interval":{"confidence_level":0.95,"lower_bound":-0.004342423413028151,"upper_bound":0.00020683981093894133},"point_estimate":-0.002358276694633732,"standard_error":0.0010583584818048353}}