{"mean":{"confidence_interval":{"confidence_level":0.95,"lower_bound":0.0051965225256562775,"upper_bound":0.016542901631665163},"point_estimate":0.011299191332574177,"standard_error":0.002898707988254019},"median":{"confidence_interval":{"confidence_level":0.95,"lower_bound":0.008937641659717777,"upper_bound":0.019507053378925},"point_estimate":0.015659749058658523,"standard_error":0.0027867267836679923}}