{"mean":{"confidence_interval":{"confidence_level":0.95,"lower_bound":0.0007671193319603123,"upper_bound":0.023611065992325698},"point_estimate":0.010484343245505068,"standard_error":0.006012580149342404},"median":{"confidence_interval":{"confidence_level":0.95,"lower_bound":0.0008104175096406062,"upper_bound":0.0044783530419947315},"point_estimate":0.0025312554000980203,"standard_error":0.0008740399234521356}}