{"mean":{"confidence_interval":{"confidence_level":0.95,"lower_bound":-0.007614291717803923,"upper_bound":0.00016429724548809666},"point_estimate":-0.003462930571706213,"standard_error":0.0019762989905552065},"median":{"confidence_interval":{"confidence_level":0.95,"lower_bound":-0.0037864265058034086,"upper_bound":0.0013558769893546874},"point_estimate":-0.0009187464419652125,"standard_error":0.001280406169757672}}