{"mean":{"confidence_interval":{"confidence_level":0.95,"lower_bound":-0.0006095980447551435,"upper_bound":0.012607541301711156},"point_estimate":0.004750985404834873,"standard_error":0.003271748789139577},"median":{"confidence_interval":{"confidence_level":0.95,"lower_bound":-0.00250268189015157,"upper_bound":0.0032634090735623733},"point_estimate":0.0005028648935534452,"standard_error":0.0014924502817573342}}