{"mean":{"confidence_interval":{"confidence_level":0.95,"lower_bound":-0.007381049258598435,"upper_bound":-0.000651593020059909},"point_estimate":-0.003945922877151564,"standard_error":0.0017100661302485666},"median":{"confidence_interval":{"confidence_level":0.95,"lower_bound":-0.007219756206019445,"upper_bound":-0.0023627163505468562},"point_estimate":-0.004097382126602156,"standard_error":0.0013073862488864262}}