{"mean":{"confidence_interval":{"confidence_level":0.95,"lower_bound":-0.011966771817869228,"upper_bound":-0.0030096816026595227},"point_estimate":-0.007263344963316043,"standard_error":0.0022825613627851776},"median":{"confidence_interval":{"confidence_level":0.95,"lower_bound":-0.008065232787940912,"upper_bound":-0.003582170408948482},"point_estimate":-0.005970413724782464,"standard_error":0.001169426949831975}}