{"mean":{"confidence_interval":{"confidence_level":0.95,"lower_bound":0.010401878261626862,"upper_bound":0.021634365315159165},"point_estimate":0.01596277099551413,"standard_error":0.0029023794004400297},"median":{"confidence_interval":{"confidence_level":0.95,"lower_bound":0.011817358792085786,"upper_bound":0.018850970189152827},"point_estimate":0.016327821230543105,"standard_error":0.001886888868002278}}