{"mean":{"confidence_interval":{"confidence_level":0.95,"lower_bound":0.0016098052697846935,"upper_bound":0.08314341296076422},"point_estimate":0.02826229553260884,"standard_error":0.021975188064240928},"median":{"confidence_interval":{"confidence_level":0.95,"lower_bound":-0.000645633451010208,"upper_bound":0.003396322303681476},"point_estimate":0.001705197544615622,"standard_error":0.0010542501944811769}}