{"mean":{"confidence_interval":{"confidence_level":0.95,"lower_bound":-0.06819703592026338,"upper_bound":0.0013147400163513077},"point_estimate":-0.025409064712008322,"standard_error":0.0198243660329289},"median":{"confidence_interval":{"confidence_level":0.95,"lower_bound":-0.0031643323220407193,"upper_bound":0.00027997622896180907},"point_estimate":-0.0010492238228523298,"standard_error":0.000893308671589832}}