{"mean":{"confidence_interval":{"confidence_level":0.95,"lower_bound":-0.0023095652404904604,"upper_bound":0.0026714598558836844},"point_estimate":0.00035828561620299126,"standard_error":0.0013128863822486454},"median":{"confidence_interval":{"confidence_level":0.95,"lower_bound":-0.0025209894381760245,"upper_bound":0.002230221722192116},"point_estimate":-0.00029578476605252035,"standard_error":0.0012417766970562849}}