{"mean":{"confidence_interval":{"confidence_level":0.95,"lower_bound":-0.01946097714789384,"upper_bound":-0.0023051687017358823},"point_estimate":-0.01193557660971134,"standard_error":0.004390945371223227},"median":{"confidence_interval":{"confidence_level":0.95,"lower_bound":-0.019346329661120043,"upper_bound":-0.01123751580852339},"point_estimate":-0.01577392942147604,"standard_error":0.0022655566146264593}}