{"mean":{"confidence_interval":{"confidence_level":0.95,"lower_bound":-0.013490609753828795,"upper_bound":-0.0023639109913964496},"point_estimate":-0.0077249402047264715,"standard_error":0.002839431225789672},"median":{"confidence_interval":{"confidence_level":0.95,"lower_bound":-0.010396582694278456,"upper_bound":-0.002733373231327163},"point_estimate":-0.008025351553153648,"standard_error":0.0019365686529615822}}