{"mean":{"confidence_interval":{"confidence_level":0.95,"lower_bound":151075.8876216209,"upper_bound":167724.87326751923},"point_estimate":158244.73068257436,"standard_error":4353.803453568311},"median":{"confidence_interval":{"confidence_level":0.95,"lower_bound":149041.9168486172,"upper_bound":163534.20640465792},"point_estimate":152792.87570180913,"standard_error":3725.5533887184797},"median_abs_dev":{"confidence_interval":{"confidence_level":0.95,"lower_bound":1348.1293430091398,"upper_bound":17240.741698544436},"point_estimate":7451.806275280397,"standard_error":4176.703451150684},"slope":{"confidence_interval":{"confidence_level":0.95,"lower_bound":154469.65660351407,"upper_bound":179277.77401143574},"point_estimate":165434.18410934045,"standard_error":6807.452798057373},"std_dev":{"confidence_interval":{"confidence_level":0.95,"lower_bound":4086.4843643751115,"upper_bound":20870.957209845776},"point_estimate":14517.906919476558,"standard_error":4905.30182375375}}