{"mean":{"confidence_interval":{"confidence_level":0.95,"lower_bound":229301.15016199517,"upper_bound":235179.43066363395},"point_estimate":231456.88214511756,"standard_error":1701.9139237529193},"median":{"confidence_interval":{"confidence_level":0.95,"lower_bound":229153.93314873416,"upper_bound":230677.84846292948},"point_estimate":229798.12658227846,"standard_error":529.4215851031715},"median_abs_dev":{"confidence_interval":{"confidence_level":0.95,"lower_bound":140.9656602346932,"upper_bound":2118.2735094658747},"point_estimate":628.0562483434396,"standard_error":677.0520252699085},"slope":{"confidence_interval":{"confidence_level":0.95,"lower_bound":229531.83936562773,"upper_bound":241141.99975657254},"point_estimate":234339.60563866512,"standard_error":3604.5567229244175},"std_dev":{"confidence_interval":{"confidence_level":0.95,"lower_bound":530.704567224763,"upper_bound":8700.329774433132},"point_estimate":5657.170397613529,"standard_error":2873.470480680827}}