{"mean":{"confidence_interval":{"confidence_level":0.95,"lower_bound":168192.30016789195,"upper_bound":169421.96651744697},"point_estimate":168708.70955829267,"standard_error":317.9463158701735},"median":{"confidence_interval":{"confidence_level":0.95,"lower_bound":167872.76842105263,"upper_bound":168604.61184210525},"point_estimate":168276.38497229916,"standard_error":188.57696225094477},"median_abs_dev":{"confidence_interval":{"confidence_level":0.95,"lower_bound":625.0504787092223,"upper_bound":1250.2905340586324},"point_estimate":848.8627372788524,"standard_error":164.5345799952676},"slope":{"confidence_interval":{"confidence_level":0.95,"lower_bound":168104.07796138505,"upper_bound":169096.71435442427},"point_estimate":168585.09715967262,"standard_error":254.5749717091735},"std_dev":{"confidence_interval":{"confidence_level":0.95,"lower_bound":933.2471450249186,"upper_bound":3534.420105493195},"point_estimate":2270.462781135096,"standard_error":814.4405236172656}}