{"mean":{"confidence_interval":{"confidence_level":0.95,"lower_bound":163660.46865262615,"upper_bound":164281.1195412219},"point_estimate":163955.11408300587,"standard_error":158.59384591061172},"median":{"confidence_interval":{"confidence_level":0.95,"lower_bound":163444.30384615384,"upper_bound":164117.09806949808},"point_estimate":163590.06307692308,"standard_error":199.34616198230282},"median_abs_dev":{"confidence_interval":{"confidence_level":0.95,"lower_bound":495.1235731706817,"upper_bound":1135.7160578370076},"point_estimate":853.1014259299425,"standard_error":159.10723551308345},"slope":{"confidence_interval":{"confidence_level":0.95,"lower_bound":163777.31475547075,"upper_bound":164560.78553217623},"point_estimate":164133.62067559696,"standard_error":200.8360731572453},"std_dev":{"confidence_interval":{"confidence_level":0.95,"lower_bound":811.9307786076512,"upper_bound":1408.0588364723217},"point_estimate":1136.4363140561118,"standard_error":152.71374236567385}}