{"mean":{"confidence_interval":{"confidence_level":0.95,"lower_bound":164614.20623173745,"upper_bound":166248.90415918143},"point_estimate":165326.47791655033,"standard_error":420.12205972187155},"median":{"confidence_interval":{"confidence_level":0.95,"lower_bound":164205.77074303405,"upper_bound":165473.91463414635},"point_estimate":164832.79833333334,"standard_error":317.97789795763805},"median_abs_dev":{"confidence_interval":{"confidence_level":0.95,"lower_bound":1210.4724165838272,"upper_bound":2329.35035163821},"point_estimate":1793.043023583802,"standard_error":276.26835080828124},"slope":{"confidence_interval":{"confidence_level":0.95,"lower_bound":164315.15470952506,"upper_bound":166665.9343189378},"point_estimate":165347.95048223645,"standard_error":606.3348422766808},"std_dev":{"confidence_interval":{"confidence_level":0.95,"lower_bound":1401.7766744957498,"upper_bound":4522.351046159305},"point_estimate":3002.2943302932936,"standard_error":909.6113283607782}}