{"mean":{"confidence_interval":{"confidence_level":0.95,"lower_bound":-0.8713131864160336,"upper_bound":-0.869743281768879},"point_estimate":-0.8706033285740368,"standard_error":0.00039477469543112433},"median":{"confidence_interval":{"confidence_level":0.95,"lower_bound":-0.8713723020759763,"upper_bound":-0.8704391497216333},"point_estimate":-0.8708139238231052,"standard_error":0.00021369156675157198}}