{"mean":{"confidence_interval":{"confidence_level":0.95,"lower_bound":-0.0041307135480445345,"upper_bound":0.011572567185786913},"point_estimate":0.003497965372850631,"standard_error":0.004047089144201389},"median":{"confidence_interval":{"confidence_level":0.95,"lower_bound":-0.0028730227087137017,"upper_bound":0.0018118338393895428},"point_estimate":-0.0007333693399824703,"standard_error":0.0013105916481104638}}