{"mean":{"confidence_interval":{"confidence_level":0.95,"lower_bound":193180.52814931705,"upper_bound":193844.8887329917},"point_estimate":193502.00848740657,"standard_error":169.1636538698064},"median":{"confidence_interval":{"confidence_level":0.95,"lower_bound":192881.92326345434,"upper_bound":193609.53970588234},"point_estimate":193181.32785467128,"standard_error":217.75306098922684},"median_abs_dev":{"confidence_interval":{"confidence_level":0.95,"lower_bound":557.9321115426679,"upper_bound":1386.395369563003},"point_estimate":905.1545376067589,"standard_error":206.2973023360139},"slope":{"confidence_interval":{"confidence_level":0.95,"lower_bound":193342.24523013335,"upper_bound":194142.3639686716},"point_estimate":193715.28889376135,"standard_error":204.29946450799395},"std_dev":{"confidence_interval":{"confidence_level":0.95,"lower_bound":905.249513721613,"upper_bound":1458.6918823038488},"point_estimate":1210.7319128563054,"standard_error":141.76987167952433}}