{"mean":{"confidence_interval":{"confidence_level":0.95,"lower_bound":192303.52870411964,"upper_bound":193194.674171405},"point_estimate":192735.68644577212,"standard_error":227.28264186386892},"median":{"confidence_interval":{"confidence_level":0.95,"lower_bound":192116.37862369829,"upper_bound":193020.60343137255},"point_estimate":192626.33531042354,"standard_error":289.51455113164656},"median_abs_dev":{"confidence_interval":{"confidence_level":0.95,"lower_bound":892.0397068150968,"upper_bound":1870.9376835652886},"point_estimate":1350.1975689770802,"standard_error":243.34369861846233},"slope":{"confidence_interval":{"confidence_level":0.95,"lower_bound":192697.79022905527,"upper_bound":193830.52957809795},"point_estimate":193227.7278604954,"standard_error":289.06292520540944},"std_dev":{"confidence_interval":{"confidence_level":0.95,"lower_bound":1219.640660213938,"upper_bound":1950.42552050408},"point_estimate":1620.7799464190277,"standard_error":186.775582280192}}