{"mean":{"confidence_interval":{"confidence_level":0.95,"lower_bound":195443.18217329064,"upper_bound":197229.94226241598},"point_estimate":196266.87750169355,"standard_error":458.6000988184873},"median":{"confidence_interval":{"confidence_level":0.95,"lower_bound":195092.453125,"upper_bound":196342.37936046513},"point_estimate":195823.2798611111,"standard_error":349.15210346283834},"median_abs_dev":{"confidence_interval":{"confidence_level":0.95,"lower_bound":1149.349064245711,"upper_bound":2795.929735688409},"point_estimate":1670.145288437227,"standard_error":424.7648571441414},"slope":{"confidence_interval":{"confidence_level":0.95,"lower_bound":196111.53294611696,"upper_bound":199731.1101246029},"point_estimate":197724.0260046593,"standard_error":953.0837135374859},"std_dev":{"confidence_interval":{"confidence_level":0.95,"lower_bound":1751.1871148579319,"upper_bound":4542.7974593729305},"point_estimate":3271.0797420369477,"standard_error":734.6703934647926}}