{"mean":{"confidence_interval":{"confidence_level":0.95,"lower_bound":141911.88276207092,"upper_bound":143079.4059242215},"point_estimate":142433.97163061585,"standard_error":299.95112226311966},"median":{"confidence_interval":{"confidence_level":0.95,"lower_bound":141494.34057971014,"upper_bound":142225.51376811595},"point_estimate":141763.5538803179,"standard_error":212.06764494346731},"median_abs_dev":{"confidence_interval":{"confidence_level":0.95,"lower_bound":452.8132112841936,"upper_bound":1164.1856974463274},"point_estimate":729.1488287558067,"standard_error":186.6524734306522},"slope":{"confidence_interval":{"confidence_level":0.95,"lower_bound":141903.8035651365,"upper_bound":143834.3784569284},"point_estimate":142770.70250234232,"standard_error":506.79259697700854},"std_dev":{"confidence_interval":{"confidence_level":0.95,"lower_bound":851.3670672452167,"upper_bound":3081.211032031879},"point_estimate":2153.0782147937516,"standard_error":557.3784090826484}}