{"mean":{"confidence_interval":{"confidence_level":0.95,"lower_bound":137438.54313027597,"upper_bound":137941.84013018207},"point_estimate":137687.89439198532,"standard_error":128.3117249104588},"median":{"confidence_interval":{"confidence_level":0.95,"lower_bound":137293.90043290044,"upper_bound":138028.82417929292},"point_estimate":137729.38665824916,"standard_error":174.7537590355983},"median_abs_dev":{"confidence_interval":{"confidence_level":0.95,"lower_bound":68.26197549265977,"upper_bound":782.1758172247238},"point_estimate":492.95309451854433,"standard_error":183.4660700817556},"slope":{"confidence_interval":{"confidence_level":0.95,"lower_bound":137458.7954266934,"upper_bound":137986.878058104},"point_estimate":137729.2255706415,"standard_error":131.94828372866945},"std_dev":{"confidence_interval":{"confidence_level":0.95,"lower_bound":249.83559616989695,"upper_bound":524.7739488305727},"point_estimate":426.1910287525325,"standard_error":70.62398570578118}}