{"mean":{"confidence_interval":{"confidence_level":0.95,"lower_bound":93419211.551,"upper_bound":93809592.052},"point_estimate":93597288.62,"standard_error":99430.04067121517},"median":{"confidence_interval":{"confidence_level":0.95,"lower_bound":93284749.0,"upper_bound":93614973.0},"point_estimate":93368539.5,"standard_error":84186.89210850079},"median_abs_dev":{"confidence_interval":{"confidence_level":0.95,"lower_bound":289702.2587567568,"upper_bound":609435.4139428582},"point_estimate":421133.26382339,"standard_error":80126.03944920396},"slope":null,"std_dev":{"confidence_interval":{"confidence_level":0.95,"lower_bound":410841.07899580884,"upper_bound":973553.1094534135},"point_estimate":709682.056118806,"standard_error":146388.07827586945}}