{"mean":{"confidence_interval":{"confidence_level":0.95,"lower_bound":93136525.18,"upper_bound":93893010.89050001},"point_estimate":93466796.64,"standard_error":194648.90639409382},"median":{"confidence_interval":{"confidence_level":0.95,"lower_bound":92948027.0,"upper_bound":93206970.0},"point_estimate":93080567.5,"standard_error":66699.64278626547},"median_abs_dev":{"confidence_interval":{"confidence_level":0.95,"lower_bound":189636.39743328094,"upper_bound":431698.27123582363},"point_estimate":341289.3248409033,"standard_error":63484.10739322937},"slope":null,"std_dev":{"confidence_interval":{"confidence_level":0.95,"lower_bound":465290.07010554004,"upper_bound":2045614.9646623181},"point_estimate":1393090.5659646483,"standard_error":405150.70650760585}}