{"mean":{"confidence_interval":{"confidence_level":0.95,"lower_bound":93044451.53999999,"upper_bound":93424785.51449999},"point_estimate":93210686.04,"standard_error":98473.02080695522},"median":{"confidence_interval":{"confidence_level":0.95,"lower_bound":92933586.0,"upper_bound":93112265.0},"point_estimate":93004816.0,"standard_error":40058.54209944108},"median_abs_dev":{"confidence_interval":{"confidence_level":0.95,"lower_bound":121853.40923666954,"upper_bound":325481.1026215553},"point_estimate":199606.14095628262,"standard_error":48794.86547697057},"slope":null,"std_dev":{"confidence_interval":{"confidence_level":0.95,"lower_bound":229362.98825354132,"upper_bound":1053298.5303910961},"point_estimate":708185.5950117895,"standard_error":216412.0498710717}}