{"mean":{"confidence_interval":{"confidence_level":0.95,"lower_bound":93163025.14549999,"upper_bound":93865133.255},"point_estimate":93474097.74,"standard_error":180217.35463344865},"median":{"confidence_interval":{"confidence_level":0.95,"lower_bound":92990744.0,"upper_bound":93170739.5},"point_estimate":93038205.5,"standard_error":54462.274222855136},"median_abs_dev":{"confidence_interval":{"confidence_level":0.95,"lower_bound":169713.9602869749,"upper_bound":458445.1160609722},"point_estimate":245900.32513439655,"standard_error":66074.31745898358},"slope":null,"std_dev":{"confidence_interval":{"confidence_level":0.95,"lower_bound":493602.24901534413,"upper_bound":1805211.128449783},"point_estimate":1285275.9104567552,"standard_error":326742.8645161101}}