{"mean":{"confidence_interval":{"confidence_level":0.95,"lower_bound":62696489.58275,"upper_bound":63168787.844749995},"point_estimate":62913670.24,"standard_error":121174.33223672087},"median":{"confidence_interval":{"confidence_level":0.95,"lower_bound":62532246.25,"upper_bound":62802138.5},"point_estimate":62650571.5,"standard_error":71374.70267209013},"median_abs_dev":{"confidence_interval":{"confidence_level":0.95,"lower_bound":252226.20857208967,"upper_bound":596933.6027885586},"point_estimate":380681.26484155655,"standard_error":89269.16770053242},"slope":null,"std_dev":{"confidence_interval":{"confidence_level":0.95,"lower_bound":543784.813009353,"upper_bound":1107716.1969248697},"point_estimate":868769.1778704376,"standard_error":145114.62534627618}}