{"mean":{"confidence_interval":{"confidence_level":0.95,"lower_bound":0.00010062658803278168,"upper_bound":0.01804578245351324},"point_estimate":0.007082075638775276,"standard_error":0.00494986516413556},"median":{"confidence_interval":{"confidence_level":0.95,"lower_bound":-0.0004230922356281974,"upper_bound":0.006814438591787653},"point_estimate":0.0028640114052560506,"standard_error":0.0019211171324267334}}