{"mean":{"confidence_interval":{"confidence_level":0.95,"lower_bound":-0.3852921654834992,"upper_bound":-0.10096632078418044},"point_estimate":-0.25396482002838605,"standard_error":0.07308277745049414},"median":{"confidence_interval":{"confidence_level":0.95,"lower_bound":-0.3672275217894878,"upper_bound":-0.043630073872012676},"point_estimate":-0.08154621414638275,"standard_error":0.10588253117445895}}