{"mean":{"confidence_interval":{"confidence_level":0.95,"lower_bound":0.011267201113892102,"upper_bound":0.019450017572638943},"point_estimate":0.0150688570528692,"standard_error":0.0021144372987947956},"median":{"confidence_interval":{"confidence_level":0.95,"lower_bound":0.009442605829028228,"upper_bound":0.019370881521681538},"point_estimate":0.013172423991733906,"standard_error":0.0024537745329883923}}