{"mean":{"confidence_interval":{"confidence_level":0.95,"lower_bound":0.00471513029425971,"upper_bound":0.031127804339404253},"point_estimate":0.017861336557607466,"standard_error":0.006843611317450044},"median":{"confidence_interval":{"confidence_level":0.95,"lower_bound":0.0058359756886365854,"upper_bound":0.044279898577961774},"point_estimate":0.0100527018543759,"standard_error":0.009017157429062127}}