{"mean":{"confidence_interval":{"confidence_level":0.95,"lower_bound":0.089537401061433,"upper_bound":0.5952371684409923},"point_estimate":0.30520259448538,"standard_error":0.13531126750604439},"median":{"confidence_interval":{"confidence_level":0.95,"lower_bound":0.014754720471997995,"upper_bound":0.620428820634868},"point_estimate":0.06882248459444784,"standard_error":0.17783914492075464}}