{"mean":{"confidence_interval":{"confidence_level":0.95,"lower_bound":-0.03518042131248712,"upper_bound":0.001528079604441067},"point_estimate":-0.012392912074914553,"standard_error":0.01046710365700273},"median":{"confidence_interval":{"confidence_level":0.95,"lower_bound":-0.012689808527650781,"upper_bound":0.0032268899745373503},"point_estimate":-0.000017710759043332303,"standard_error":0.004515112773811407}}