{"mean":{"confidence_interval":{"confidence_level":0.95,"lower_bound":-0.004012245630177691,"upper_bound":0.0023337391868053364},"point_estimate":-0.0007586204716713008,"standard_error":0.0016185712397771676},"median":{"confidence_interval":{"confidence_level":0.95,"lower_bound":-0.0015406394014405578,"upper_bound":0.004384909656675262},"point_estimate":0.002222693709614365,"standard_error":0.0015067874810991493}}