{"mean":{"confidence_interval":{"confidence_level":0.95,"lower_bound":0.0611110316160184,"upper_bound":0.4699288985436212},"point_estimate":0.24013790163243676,"standard_error":0.10400578562851946},"median":{"confidence_interval":{"confidence_level":0.95,"lower_bound":0.030218369560720992,"upper_bound":0.3263972786818994},"point_estimate":0.06681567082804762,"standard_error":0.09472318432902033}}