{"mean":{"confidence_interval":{"confidence_level":0.95,"lower_bound":-0.331928376968911,"upper_bound":-0.08069858983971934},"point_estimate":-0.20786298390700841,"standard_error":0.06588939277229776},"median":{"confidence_interval":{"confidence_level":0.95,"lower_bound":-0.2815918613811065,"upper_bound":-0.045799666685009344},"point_estimate":-0.07759463587091886,"standard_error":0.06999633066196378}}