{"mean":{"confidence_interval":{"confidence_level":0.95,"lower_bound":-0.007050107960353488,"upper_bound":0.033096878169083584},"point_estimate":0.00795869139908234,"standard_error":0.011080598059798316},"median":{"confidence_interval":{"confidence_level":0.95,"lower_bound":-0.00943956489708897,"upper_bound":0.007736467389242829},"point_estimate":-0.0034797760302025527,"standard_error":0.003979448096383349}}