{"mean":{"confidence_interval":{"confidence_level":0.95,"lower_bound":-0.018892755856491195,"upper_bound":0.0039547994079951465},"point_estimate":-0.005886143290280588,"standard_error":0.005713352240238571},"median":{"confidence_interval":{"confidence_level":0.95,"lower_bound":-0.008183470598597031,"upper_bound":-0.0009878601625140648},"point_estimate":-0.0040376132168954415,"standard_error":0.0022084532965186577}}