{"mean":{"confidence_interval":{"confidence_level":0.95,"lower_bound":56291225.690249994,"upper_bound":56851253.08975},"point_estimate":56543932.13,"standard_error":144035.85679691078},"median":{"confidence_interval":{"confidence_level":0.95,"lower_bound":56092832.5,"upper_bound":56330997.0},"point_estimate":56183865.5,"standard_error":62905.621948403146},"median_abs_dev":{"confidence_interval":{"confidence_level":0.95,"lower_bound":183012.88205087185,"upper_bound":486947.72990494967},"point_estimate":319442.47292876244,"standard_error":82803.49375952015},"slope":null,"std_dev":{"confidence_interval":{"confidence_level":0.95,"lower_bound":452770.905150423,"upper_bound":1432911.838678105},"point_estimate":1028884.9025838893,"standard_error":249279.44486230027}}