{"mean":{"confidence_interval":{"confidence_level":0.95,"lower_bound":-0.25559914070272144,"upper_bound":-0.041162156235273854},"point_estimate":-0.13048745676033147,"standard_error":0.06437028448860653},"median":{"confidence_interval":{"confidence_level":0.95,"lower_bound":-0.08467840320145192,"upper_bound":-0.03221457900664282},"point_estimate":-0.060928353633440624,"standard_error":0.016605293681992185}}