{"mean":{"confidence_interval":{"confidence_level":0.95,"lower_bound":0.024267649035173137,"upper_bound":0.2802866393517337},"point_estimate":0.11231316289587756,"standard_error":0.06304167803425824},"median":{"confidence_interval":{"confidence_level":0.95,"lower_bound":0.010655209407421484,"upper_bound":0.15045053620882354},"point_estimate":0.04595897388433312,"standard_error":0.029259035563316136}}