{"mean":{"confidence_interval":{"confidence_level":0.95,"lower_bound":0.005363507357294406,"upper_bound":0.02429098155586988},"point_estimate":0.012979417357976475,"standard_error":0.005002041281669037},"median":{"confidence_interval":{"confidence_level":0.95,"lower_bound":0.0019143650691950675,"upper_bound":0.024429932685848588},"point_estimate":0.0047615169241950195,"standard_error":0.00558171642812704}}