{"mean":{"confidence_interval":{"confidence_level":0.95,"lower_bound":0.03278531454402587,"upper_bound":0.32877863209948976},"point_estimate":0.1382609683320939,"standard_error":0.08975999204196847},"median":{"confidence_interval":{"confidence_level":0.95,"lower_bound":0.03245737101997248,"upper_bound":0.08577221892945097},"point_estimate":0.05313313115063534,"standard_error":0.012172226895837674}}