{"mean":{"confidence_interval":{"confidence_level":0.95,"lower_bound":-0.030326580951368524,"upper_bound":-0.005715486438356615},"point_estimate":-0.01764475107350183,"standard_error":0.006338907683996974},"median":{"confidence_interval":{"confidence_level":0.95,"lower_bound":-0.03410079922889431,"upper_bound":0.0018002986656930897},"point_estimate":-0.011750961577562169,"standard_error":0.011685382912493826}}