{"mean":{"confidence_interval":{"confidence_level":0.95,"lower_bound":-0.012319924608285793,"upper_bound":0.0005829742541277991},"point_estimate":-0.005540947516715189,"standard_error":0.003315874025381355},"median":{"confidence_interval":{"confidence_level":0.95,"lower_bound":-0.003360519167465159,"upper_bound":0.005265573723387762},"point_estimate":0.0007126761890534627,"standard_error":0.002145433747722596}}