{"mean":{"confidence_interval":{"confidence_level":0.95,"lower_bound":0.004401959331689964,"upper_bound":0.030977674425043913},"point_estimate":0.017208717671180818,"standard_error":0.006890435509520902},"median":{"confidence_interval":{"confidence_level":0.95,"lower_bound":-0.0024629744340067365,"upper_bound":0.035657755527628066},"point_estimate":0.011671634221103844,"standard_error":0.012600198264296697}}