{"mean":{"confidence_interval":{"confidence_level":0.95,"lower_bound":-0.006250238128080565,"upper_bound":0.004873393537959236},"point_estimate":-0.0004439778941160988,"standard_error":0.002836235598628063},"median":{"confidence_interval":{"confidence_level":0.95,"lower_bound":-0.007183470138930503,"upper_bound":0.005972438837984484},"point_estimate":0.0030793242277613597,"standard_error":0.003317202890844351}}