{"mean":{"confidence_interval":{"confidence_level":0.95,"lower_bound":0.010222240401131245,"upper_bound":0.017869592696673733},"point_estimate":0.013984514856708596,"standard_error":0.001966936364007003},"median":{"confidence_interval":{"confidence_level":0.95,"lower_bound":0.008923757938327004,"upper_bound":0.017701055302821844},"point_estimate":0.013517354724271735,"standard_error":0.0021617817492183707}}