{"mean":{"confidence_interval":{"confidence_level":0.95,"lower_bound":-0.009973777786848012,"upper_bound":0.0008762749241309147},"point_estimate":-0.004425259142607829,"standard_error":0.0027672404804482036},"median":{"confidence_interval":{"confidence_level":0.95,"lower_bound":-0.010159974453475051,"upper_bound":0.0010240446114346824},"point_estimate":-0.007911015906501673,"standard_error":0.0026813257593649867}}