{"mean":{"confidence_interval":{"confidence_level":0.95,"lower_bound":-0.21690018110526288,"upper_bound":-0.04946943457906705},"point_estimate":-0.12366147596214483,"standard_error":0.045907685993728714},"median":{"confidence_interval":{"confidence_level":0.95,"lower_bound":-0.14771192630819163,"upper_bound":-0.037589187313168626},"point_estimate":-0.06033952153184852,"standard_error":0.02491016471962929}}