{"mean":{"confidence_interval":{"confidence_level":0.95,"lower_bound":-0.01614033790513684,"upper_bound":0.029604789393203674},"point_estimate":0.009351588806642885,"standard_error":0.011820481273222237},"median":{"confidence_interval":{"confidence_level":0.95,"lower_bound":0.0012774849659829002,"upper_bound":0.03594663416450761},"point_estimate":0.015967914652829096,"standard_error":0.007559071202982338}}