{"mean":{"confidence_interval":{"confidence_level":0.95,"lower_bound":-0.027905018263408965,"upper_bound":0.012904143201389084},"point_estimate":-0.010938327874606357,"standard_error":0.010681044405962828},"median":{"confidence_interval":{"confidence_level":0.95,"lower_bound":-0.028978072898413032,"upper_bound":-0.004345265464997583},"point_estimate":-0.021407354573698578,"standard_error":0.005787640148486484}}