{"mean":{"confidence_interval":{"confidence_level":0.95,"lower_bound":-0.025421086434851192,"upper_bound":0.030845412390491374},"point_estimate":0.004882201451528623,"standard_error":0.01434415993865181},"median":{"confidence_interval":{"confidence_level":0.95,"lower_bound":-0.014562016774219755,"upper_bound":0.01842630200649136},"point_estimate":0.008977092547850285,"standard_error":0.009514893170238441}}