{"mean":{"confidence_interval":{"confidence_level":0.95,"lower_bound":-0.013474257113007426,"upper_bound":-0.006867257054210469},"point_estimate":-0.010250777799541977,"standard_error":0.0016852122001537872},"median":{"confidence_interval":{"confidence_level":0.95,"lower_bound":-0.015588250983377239,"upper_bound":-0.006688528394630078},"point_estimate":-0.012405267416882304,"standard_error":0.002176388267609866}}