{"mean":{"confidence_interval":{"confidence_level":0.95,"lower_bound":-0.04418758113471877,"upper_bound":-0.024271296474888016},"point_estimate":-0.033494368596116764,"standard_error":0.005163787081344713},"median":{"confidence_interval":{"confidence_level":0.95,"lower_bound":-0.04546225781834545,"upper_bound":-0.021255920414657403},"point_estimate":-0.02739224101311788,"standard_error":0.005216839773113995}}