{"mean":{"confidence_interval":{"confidence_level":0.95,"lower_bound":0.02799257376907995,"upper_bound":0.04210162593028329},"point_estimate":0.0340358773861722,"standard_error":0.003669340093750876},"median":{"confidence_interval":{"confidence_level":0.95,"lower_bound":0.026357764707924503,"upper_bound":0.03992253816525526},"point_estimate":0.03269935811901159,"standard_error":0.0038897070417111563}}