{"mean":{"confidence_interval":{"confidence_level":0.95,"lower_bound":0.007649349407111878,"upper_bound":0.054835226282414},"point_estimate":0.02596178747618305,"standard_error":0.01231365570323185},"median":{"confidence_interval":{"confidence_level":0.95,"lower_bound":0.005777886862168735,"upper_bound":0.016087029903814942},"point_estimate":0.01156485948939534,"standard_error":0.006768760937298431}}