{"mean":{"confidence_interval":{"confidence_level":0.95,"lower_bound":0.03268982391486348,"upper_bound":0.036638026853960406},"point_estimate":0.034821873994429486,"standard_error":0.0010020068202862115},"median":{"confidence_interval":{"confidence_level":0.95,"lower_bound":0.03236984959152278,"upper_bound":0.03745616105332883},"point_estimate":0.034909835742723105,"standard_error":0.0013426731522339155}}