{"mean":{"confidence_interval":{"confidence_level":0.95,"lower_bound":1591235.5292647607,"upper_bound":1595059.4716165147},"point_estimate":1592990.2823366346,"standard_error":978.0870715847102},"median":{"confidence_interval":{"confidence_level":0.95,"lower_bound":1589604.9,"upper_bound":1592964.537037037},"point_estimate":1590828.5661793372,"standard_error":810.1779933759047},"median_abs_dev":{"confidence_interval":{"confidence_level":0.95,"lower_bound":2621.513398024026,"upper_bound":5806.085389238749},"point_estimate":4002.273788097378,"standard_error":845.7210633780988},"slope":{"confidence_interval":{"confidence_level":0.95,"lower_bound":1591251.2148216695,"upper_bound":1595113.1950819278},"point_estimate":1592974.432514075,"standard_error":990.785717495548},"std_dev":{"confidence_interval":{"confidence_level":0.95,"lower_bound":3890.4466523693336,"upper_bound":9518.230538956142},"point_estimate":7016.30263043648,"standard_error":1458.2948748865954}}