{"mean":{"confidence_interval":{"confidence_level":0.95,"lower_bound":0.2332859251845538,"upper_bound":0.7256773717679352},"point_estimate":0.4684373075742858,"standard_error":0.12694507739974079},"median":{"confidence_interval":{"confidence_level":0.95,"lower_bound":0.06523750419325491,"upper_bound":0.9110599300043656},"point_estimate":0.4100754635571706,"standard_error":0.2673349760952005}}