{"mean":{"confidence_interval":{"confidence_level":0.95,"lower_bound":-0.021753269535069286,"upper_bound":-0.012894381850495995},"point_estimate":-0.01696476580518469,"standard_error":0.0022791794471211553},"median":{"confidence_interval":{"confidence_level":0.95,"lower_bound":-0.02050798427086198,"upper_bound":-0.010826497135516533},"point_estimate":-0.01342597065640272,"standard_error":0.0024484611769442317}}