{"mean":{"confidence_interval":{"confidence_level":0.95,"lower_bound":-0.0068101792461531,"upper_bound":0.0237486567298683},"point_estimate":0.007907165863870969,"standard_error":0.00797282778728213},"median":{"confidence_interval":{"confidence_level":0.95,"lower_bound":-0.0006247542588324606,"upper_bound":0.02341735527413613},"point_estimate":0.0035388412032755223,"standard_error":0.006493781758692816}}