{"mean":{"confidence_interval":{"confidence_level":0.95,"lower_bound":-0.0009710386681140394,"upper_bound":0.009266058212819514},"point_estimate":0.004151849070922253,"standard_error":0.002645303644047108},"median":{"confidence_interval":{"confidence_level":0.95,"lower_bound":-0.005101849873252462,"upper_bound":0.011738540509463213},"point_estimate":0.00045721040326984763,"standard_error":0.004063376777160415}}