{"mean":{"confidence_interval":{"confidence_level":0.95,"lower_bound":-0.0004883972964575874,"upper_bound":0.013167704152222596},"point_estimate":0.005635347270470881,"standard_error":0.003513572151315063},"median":{"confidence_interval":{"confidence_level":0.95,"lower_bound":-0.0013691349522677587,"upper_bound":0.0025203975045446914},"point_estimate":0.00002456130587114025,"standard_error":0.0010479371971256833}}