{"mean":{"confidence_interval":{"confidence_level":0.95,"lower_bound":-0.005430946147139187,"upper_bound":0.022162308278920153},"point_estimate":0.00929252134001013,"standard_error":0.007109028844116048},"median":{"confidence_interval":{"confidence_level":0.95,"lower_bound":-0.0034737723494634443,"upper_bound":0.025095194556080003},"point_estimate":0.01787678876300869,"standard_error":0.006975443303107395}}