{"mean":{"confidence_interval":{"confidence_level":0.95,"lower_bound":-0.04770874139697334,"upper_bound":-0.03262091433746761},"point_estimate":-0.039939582065750656,"standard_error":0.0038674979149080305},"median":{"confidence_interval":{"confidence_level":0.95,"lower_bound":-0.05186486657100098,"upper_bound":-0.030424026386192793},"point_estimate":-0.03702651216463937,"standard_error":0.0055372265533435066}}