{"mean":{"confidence_interval":{"confidence_level":0.95,"lower_bound":0.0007127943803715525,"upper_bound":0.022644948601322105},"point_estimate":0.008559192160373152,"standard_error":0.0057315881957227975},"median":{"confidence_interval":{"confidence_level":0.95,"lower_bound":-0.0014046981155575455,"upper_bound":0.014067605458567112},"point_estimate":0.0012901033806878015,"standard_error":0.0038838793466797377}}