{"mean":{"confidence_interval":{"confidence_level":0.95,"lower_bound":-0.41014875756651525,"upper_bound":-0.18556268769851736},"point_estimate":-0.3145217845617315,"standard_error":0.057651001787744065},"median":{"confidence_interval":{"confidence_level":0.95,"lower_bound":-0.4670345690264247,"upper_bound":-0.06349504219573299},"point_estimate":-0.2925901366856246,"standard_error":0.1320305322876076}}