{"mean":{"confidence_interval":{"confidence_level":0.95,"lower_bound":-0.02156171876292212,"upper_bound":-0.0022149666742920077},"point_estimate":-0.010260831013060412,"standard_error":0.005112498622285143},"median":{"confidence_interval":{"confidence_level":0.95,"lower_bound":-0.014094746539772718,"upper_bound":-0.0008672887897276382},"point_estimate":-0.004964811982206108,"standard_error":0.0033339989186257266}}