{"mean":{"confidence_interval":{"confidence_level":0.95,"lower_bound":0.005005215965663701,"upper_bound":0.03841136576452519},"point_estimate":0.022023856365006145,"standard_error":0.008553131807143715},"median":{"confidence_interval":{"confidence_level":0.95,"lower_bound":-0.008001858968161968,"upper_bound":0.04869536621658033},"point_estimate":0.03123467233508581,"standard_error":0.015283977914720437}}