{"mean":{"confidence_interval":{"confidence_level":0.95,"lower_bound":-0.0024602744540339616,"upper_bound":0.00470151593529522},"point_estimate":0.001366024546190392,"standard_error":0.0018073225559848255},"median":{"confidence_interval":{"confidence_level":0.95,"lower_bound":-0.0035909318493632103,"upper_bound":0.008328811223070831},"point_estimate":0.0025074819431936124,"standard_error":0.0030502727699246337}}