{"mean":{"confidence_interval":{"confidence_level":0.95,"lower_bound":-0.023837117113884657,"upper_bound":-0.0022759926381942883},"point_estimate":-0.011442247066483002,"standard_error":0.0056744450371046},"median":{"confidence_interval":{"confidence_level":0.95,"lower_bound":-0.01764322759863446,"upper_bound":-0.000023557663101914095},"point_estimate":-0.005279258816515586,"standard_error":0.004968154605597098}}