{"mean":{"confidence_interval":{"confidence_level":0.95,"lower_bound":0.007138856357400294,"upper_bound":0.029070905353797014},"point_estimate":0.01530619842427372,"standard_error":0.006179593124002028},"median":{"confidence_interval":{"confidence_level":0.95,"lower_bound":0.006032407801171535,"upper_bound":0.016071852790790153},"point_estimate":0.008496505803710086,"standard_error":0.003565435186303039}}