{"mean":{"confidence_interval":{"confidence_level":0.95,"lower_bound":-0.0023786546673478294,"upper_bound":0.003255770307450566},"point_estimate":0.0006455119910180329,"standard_error":0.001439252522823437},"median":{"confidence_interval":{"confidence_level":0.95,"lower_bound":-0.0029831066220532554,"upper_bound":0.004193906106230827},"point_estimate":0.001854432945352702,"standard_error":0.0016587175933921038}}