{"mean":{"confidence_interval":{"confidence_level":0.95,"lower_bound":-0.17968301881717993,"upper_bound":-0.07694329196578663},"point_estimate":-0.12393025277215708,"standard_error":0.02674441835204282},"median":{"confidence_interval":{"confidence_level":0.95,"lower_bound":-0.14328600663434965,"upper_bound":-0.06862022599240747},"point_estimate":-0.1139560678915057,"standard_error":0.019280265915966207}}