{"mean":{"confidence_interval":{"confidence_level":0.95,"lower_bound":-0.015179823071706101,"upper_bound":0.017518809054815954},"point_estimate":0.0009260444885410557,"standard_error":0.008243983231968023},"median":{"confidence_interval":{"confidence_level":0.95,"lower_bound":-0.005153884596096225,"upper_bound":0.013596506432313138},"point_estimate":0.0002735924279033686,"standard_error":0.005240881308618251}}