{"mean":{"confidence_interval":{"confidence_level":0.95,"lower_bound":-0.005931156505133983,"upper_bound":0.002264266470455702},"point_estimate":-0.0013665468086103694,"standard_error":0.002107588601674654},"median":{"confidence_interval":{"confidence_level":0.95,"lower_bound":-0.0006827976097709687,"upper_bound":0.004097382345372713},"point_estimate":0.0015767427497577202,"standard_error":0.0012315538920361444}}