{"mean":{"confidence_interval":{"confidence_level":0.95,"lower_bound":0.0008907205639452354,"upper_bound":0.007522648668283345},"point_estimate":0.0037966287569835,"standard_error":0.0017111691777355357},"median":{"confidence_interval":{"confidence_level":0.95,"lower_bound":-0.0002211304152591742,"upper_bound":0.0070146072649077094},"point_estimate":0.0030895744187455776,"standard_error":0.0019372255289828177}}