{"mean":{"confidence_interval":{"confidence_level":0.95,"lower_bound":-0.004369275341016539,"upper_bound":0.003992858149909284},"point_estimate":-0.00002050910122708416,"standard_error":0.002131365370762263},"median":{"confidence_interval":{"confidence_level":0.95,"lower_bound":-0.004155493369741414,"upper_bound":0.0061043230871526966},"point_estimate":0.00002621887224596442,"standard_error":0.0025254544207348613}}