{"mean":{"confidence_interval":{"confidence_level":0.95,"lower_bound":0.12709981040973645,"upper_bound":0.2767386498638803},"point_estimate":0.18524007044789448,"standard_error":0.03706762081261511},"median":{"confidence_interval":{"confidence_level":0.95,"lower_bound":0.11717229291178888,"upper_bound":0.19501904600565756},"point_estimate":0.1737314950967812,"standard_error":0.019671069863713128}}