{"mean":{"confidence_interval":{"confidence_level":0.95,"lower_bound":-0.36177854245139907,"upper_bound":-0.048735349006087114},"point_estimate":-0.1855146575274622,"standard_error":0.09947368712110606},"median":{"confidence_interval":{"confidence_level":0.95,"lower_bound":-0.0880692357800098,"upper_bound":-0.04861319302893141},"point_estimate":-0.05861282259666967,"standard_error":0.019822148106970913}}