{"mean":{"confidence_interval":{"confidence_level":0.95,"lower_bound":-0.027223294191673,"upper_bound":0.4654700365983947},"point_estimate":0.1449824256628014,"standard_error":0.14545547820956153},"median":{"confidence_interval":{"confidence_level":0.95,"lower_bound":-0.03969020291106129,"upper_bound":0.0232810542894073},"point_estimate":-0.013183228288633386,"standard_error":0.04788123130697615}}