{"mean":{"confidence_interval":{"confidence_level":0.95,"lower_bound":-0.03216397821897738,"upper_bound":-0.019296496101793997},"point_estimate":-0.024616277455990043,"standard_error":0.0033594440998814834},"median":{"confidence_interval":{"confidence_level":0.95,"lower_bound":-0.023944366509710324,"upper_bound":-0.019376553046514533},"point_estimate":-0.021774998367527165,"standard_error":0.0011901954208987362}}