{"mean":{"confidence_interval":{"confidence_level":0.95,"lower_bound":-0.003379123008295331,"upper_bound":0.004233771470306252},"point_estimate":0.00025508612294533606,"standard_error":0.0019564187404112264},"median":{"confidence_interval":{"confidence_level":0.95,"lower_bound":-0.0037562078139731225,"upper_bound":2.628311594810029e-6},"point_estimate":-0.001557836846256766,"standard_error":0.000984831143893675}}