{"mean":{"confidence_interval":{"confidence_level":0.95,"lower_bound":-0.0004877020226059402,"upper_bound":0.011129344692863957},"point_estimate":0.00449804497120021,"standard_error":0.0028919717096151758},"median":{"confidence_interval":{"confidence_level":0.95,"lower_bound":0.000985700756130914,"upper_bound":0.005099098487860054},"point_estimate":0.002710939791926492,"standard_error":0.0010737330663740865}}