{"mean":{"confidence_interval":{"confidence_level":0.95,"lower_bound":-0.010020106824244406,"upper_bound":0.002607016805288076},"point_estimate":-0.0035064459476497056,"standard_error":0.003191157235953219},"median":{"confidence_interval":{"confidence_level":0.95,"lower_bound":-0.004866260972319569,"upper_bound":-0.0008428204590239519},"point_estimate":-0.0025558959953563276,"standard_error":0.0010654006831090567}}