{"mean":{"confidence_interval":{"confidence_level":0.95,"lower_bound":-0.003200569112804563,"upper_bound":0.010476754649280783},"point_estimate":0.0022129429889703456,"standard_error":0.0034485022051788327},"median":{"confidence_interval":{"confidence_level":0.95,"lower_bound":-0.004061261376971714,"upper_bound":0.0018531419362142199},"point_estimate":-0.001377418177983536,"standard_error":0.001560199322531084}}