{"mean":{"confidence_interval":{"confidence_level":0.95,"lower_bound":-0.007763268041078297,"upper_bound":0.0020170416991014406},"point_estimate":-0.002311795281007112,"standard_error":0.002526446089019299},"median":{"confidence_interval":{"confidence_level":0.95,"lower_bound":-0.00014162495702840783,"upper_bound":0.005088117247229018},"point_estimate":0.0027154337722818944,"standard_error":0.0013211907262393478}}