{"mean":{"confidence_interval":{"confidence_level":0.95,"lower_bound":-0.02413635355807988,"upper_bound":-2.5447361113436813e-6},"point_estimate":-0.009247873345318736,"standard_error":0.006507680425624209},"median":{"confidence_interval":{"confidence_level":0.95,"lower_bound":-0.0017562561810277044,"upper_bound":0.001964754011457126},"point_estimate":4.532167171555912e-6,"standard_error":0.0009439035838645794}}