{"mean":{"confidence_interval":{"confidence_level":0.95,"lower_bound":-0.014343952917008894,"upper_bound":0.0038141503090792224},"point_estimate":-0.0060945493883374224,"standard_error":0.0046447577403056816},"median":{"confidence_interval":{"confidence_level":0.95,"lower_bound":-0.009601768968404034,"upper_bound":-0.003539276502971811},"point_estimate":-0.006830542624352343,"standard_error":0.0014130749802740707}}