{"mean":{"confidence_interval":{"confidence_level":0.95,"lower_bound":-0.00023962942172406354,"upper_bound":0.005482492794968112},"point_estimate":0.002479146267044152,"standard_error":0.001476834923868818},"median":{"confidence_interval":{"confidence_level":0.95,"lower_bound":0.0006773984985544157,"upper_bound":0.0032133369206119484},"point_estimate":0.0019957575701949892,"standard_error":0.000676457528112066}}