{"mean":{"confidence_interval":{"confidence_level":0.95,"lower_bound":-0.0030884538839096587,"upper_bound":0.0014229198024072404},"point_estimate":-0.0007658982458031982,"standard_error":0.001142696551860277},"median":{"confidence_interval":{"confidence_level":0.95,"lower_bound":-0.0028359567882380032,"upper_bound":0.0002891120194741248},"point_estimate":-0.0012745243187614053,"standard_error":0.0007720772660371356}}