{"mean":{"confidence_interval":{"confidence_level":0.95,"lower_bound":-0.014836463049386461,"upper_bound":0.007331722015727339},"point_estimate":-0.003789048173065912,"standard_error":0.005604213800445185},"median":{"confidence_interval":{"confidence_level":0.95,"lower_bound":-0.006102705712481884,"upper_bound":-0.003737352837040908},"point_estimate":-0.005021875322689939,"standard_error":0.0006137358989707505}}