{"mean":{"confidence_interval":{"confidence_level":0.95,"lower_bound":-0.006557911962813903,"upper_bound":-0.0012342081179609196},"point_estimate":-0.003576741145513096,"standard_error":0.0013642349157126513},"median":{"confidence_interval":{"confidence_level":0.95,"lower_bound":-0.003595788757417173,"upper_bound":-0.0012723939652259375},"point_estimate":-0.0023940842647132143,"standard_error":0.0005785749776481472}}