{"mean":{"confidence_interval":{"confidence_level":0.95,"lower_bound":-0.013204041785855132,"upper_bound":-0.002358757179750326},"point_estimate":-0.008420903607128216,"standard_error":0.0027120783904301575},"median":{"confidence_interval":{"confidence_level":0.95,"lower_bound":-0.013140580903166166,"upper_bound":-0.007009663571421965},"point_estimate":-0.00980624092406146,"standard_error":0.0015819351807831153}}