{"mean":{"confidence_interval":{"confidence_level":0.95,"lower_bound":-0.015919512822991016,"upper_bound":0.0017441214751881047},"point_estimate":-0.005233611083031886,"standard_error":0.004722837783421237},"median":{"confidence_interval":{"confidence_level":0.95,"lower_bound":-0.001286885288170366,"upper_bound":0.001729892620669693},"point_estimate":0.00022674704647518418,"standard_error":0.0007358601326805475}}