{"mean":{"confidence_interval":{"confidence_level":0.95,"lower_bound":-0.030148315352830246,"upper_bound":-0.015683568360114617},"point_estimate":-0.021961525312968133,"standard_error":0.0037388380951480374},"median":{"confidence_interval":{"confidence_level":0.95,"lower_bound":-0.01996322826415764,"upper_bound":-0.013752787990630178},"point_estimate":-0.018349394988900536,"standard_error":0.0020085917954083075}}