{"mean":{"confidence_interval":{"confidence_level":0.95,"lower_bound":0.005454493015523587,"upper_bound":0.011688535393716991},"point_estimate":0.008365087361194234,"standard_error":0.0016338021513971706},"median":{"confidence_interval":{"confidence_level":0.95,"lower_bound":0.004000447453721412,"upper_bound":0.00921717061867211},"point_estimate":0.006316561596959591,"standard_error":0.0013200628469217134}}