{"mean":{"confidence_interval":{"confidence_level":0.95,"lower_bound":0.005734092700964161,"upper_bound":0.02097247673037797},"point_estimate":0.012571507419157468,"standard_error":0.00384446261715706},"median":{"confidence_interval":{"confidence_level":0.95,"lower_bound":0.0038657401892068233,"upper_bound":0.011168121580047652},"point_estimate":0.00897701269100648,"standard_error":0.002185833760010818}}