{"mean":{"confidence_interval":{"confidence_level":0.95,"lower_bound":0.012402253463423768,"upper_bound":0.022816601774538474},"point_estimate":0.017340629668182617,"standard_error":0.002719453654654177},"median":{"confidence_interval":{"confidence_level":0.95,"lower_bound":0.011098584443443471,"upper_bound":0.0168963400853952},"point_estimate":0.0141507968788801,"standard_error":0.0014093015788385725}}