{"mean":{"confidence_interval":{"confidence_level":0.95,"lower_bound":-0.012829694778022427,"upper_bound":-0.009412185562304219},"point_estimate":-0.01125174538249385,"standard_error":0.0008645827784311316},"median":{"confidence_interval":{"confidence_level":0.95,"lower_bound":-0.012935393158064246,"upper_bound":-0.010920451438297785},"point_estimate":-0.011604057247590283,"standard_error":0.0005278592076878302}}