{"mean":{"confidence_interval":{"confidence_level":0.95,"lower_bound":-0.0004725454666012148,"upper_bound":0.008220276745623867},"point_estimate":0.0036798605533394646,"standard_error":0.0022141189231181155},"median":{"confidence_interval":{"confidence_level":0.95,"lower_bound":0.0007890270272652433,"upper_bound":0.008274075947191317},"point_estimate":0.0038243661583117206,"standard_error":0.0018866092532871474}}