{"mean":{"confidence_interval":{"confidence_level":0.95,"lower_bound":-0.009554936999308206,"upper_bound":0.00048562477619992355},"point_estimate":-0.004204651699352802,"standard_error":0.0025731982144276823},"median":{"confidence_interval":{"confidence_level":0.95,"lower_bound":-0.0033031460728423223,"upper_bound":-0.00011414330025205643},"point_estimate":-0.0012528493581235312,"standard_error":0.0008270635678065265}}