{"mean":{"confidence_interval":{"confidence_level":0.95,"lower_bound":1036453252.4250001,"upper_bound":1044288563.5},"point_estimate":1039926905.3,"standard_error":2030346.7130090499},"median":{"confidence_interval":{"confidence_level":0.95,"lower_bound":1034250651.0,"upper_bound":1042638330.0},"point_estimate":1039132370.0,"standard_error":1976506.1085181623},"median_abs_dev":{"confidence_interval":{"confidence_level":0.95,"lower_bound":1009893.7284708023,"upper_bound":9377096.42252326},"point_estimate":5549458.433577418,"standard_error":2085403.0345391077},"slope":null,"std_dev":{"confidence_interval":{"confidence_level":0.95,"lower_bound":2689423.7862652866,"upper_bound":9652633.527897663},"point_estimate":6766422.852803689,"standard_error":2099254.6055739024}}