{"mean":{"confidence_interval":{"confidence_level":0.95,"lower_bound":1027428912.2425001,"upper_bound":1036515155.6365},"point_estimate":1031223815.7,"standard_error":2371332.03767364},"median":{"confidence_interval":{"confidence_level":0.95,"lower_bound":1025696228.5,"upper_bound":1026961138.0},"point_estimate":1026267011.0,"standard_error":297038.5677918326},"median_abs_dev":{"confidence_interval":{"confidence_level":0.95,"lower_bound":1104341.796104017,"upper_bound":2826889.2892301823},"point_estimate":1582049.8147130013,"standard_error":403106.1992438309},"slope":null,"std_dev":{"confidence_interval":{"confidence_level":0.95,"lower_bound":4707919.553524939,"upper_bound":26345353.30488172},"point_estimate":16827374.672822796,"standard_error":6098739.354166491}}