{"mean":{"confidence_interval":{"confidence_level":0.95,"lower_bound":1045500563.625,"upper_bound":1053733236.9575},"point_estimate":1049231223.54,"standard_error":2111508.6980831395},"median":{"confidence_interval":{"confidence_level":0.95,"lower_bound":1043762826.5,"upper_bound":1048431430.5},"point_estimate":1045736756.5,"standard_error":1111244.339402613},"median_abs_dev":{"confidence_interval":{"confidence_level":0.95,"lower_bound":4494243.847811222,"upper_bound":10073479.393767409},"point_estimate":6149690.515521169,"standard_error":1492254.0604667165},"slope":null,"std_dev":{"confidence_interval":{"confidence_level":0.95,"lower_bound":7620583.273116273,"upper_bound":20818267.724860456},"point_estimate":15082643.257824548,"standard_error":3396566.7163979993}}