{"mean":{"confidence_interval":{"confidence_level":0.95,"lower_bound":1034263551.0374999,"upper_bound":1039270098.0024999},"point_estimate":1036598771.9,"standard_error":1283800.5178667074},"median":{"confidence_interval":{"confidence_level":0.95,"lower_bound":1033344617.0,"upper_bound":1040206285.0},"point_estimate":1035083959.0,"standard_error":1735866.849731566},"median_abs_dev":{"confidence_interval":{"confidence_level":0.95,"lower_bound":517124.19911921024,"upper_bound":6726168.380686641},"point_estimate":2659993.399375677,"standard_error":1633957.6359032686},"slope":null,"std_dev":{"confidence_interval":{"confidence_level":0.95,"lower_bound":1363586.6779618973,"upper_bound":5230445.46553155},"point_estimate":4248668.599960318,"standard_error":879933.0170291503}}