{"mean":{"confidence_interval":{"confidence_level":0.95,"lower_bound":163379900.44500002,"upper_bound":167464854.49124998},"point_estimate":165223374.7,"standard_error":1052987.0567120288},"median":{"confidence_interval":{"confidence_level":0.95,"lower_bound":162570830.5,"upper_bound":165093867.5},"point_estimate":162845205.0,"standard_error":652333.9616968429},"median_abs_dev":{"confidence_interval":{"confidence_level":0.95,"lower_bound":251056.5669203553,"upper_bound":3618680.3486555815},"point_estimate":769887.479531765,"standard_error":857150.8871245034},"slope":null,"std_dev":{"confidence_interval":{"confidence_level":0.95,"lower_bound":1404894.8073629308,"upper_bound":6524754.742884588},"point_estimate":4831853.425758408,"standard_error":1241349.6686998864}}