{"mean":{"confidence_interval":{"confidence_level":0.95,"lower_bound":166316812.365,"upper_bound":168538164.31125},"point_estimate":167368413.75,"standard_error":570401.1777419203},"median":{"confidence_interval":{"confidence_level":0.95,"lower_bound":166002680.0,"upper_bound":168804338.25},"point_estimate":166788594.75,"standard_error":750047.9858965344},"median_abs_dev":{"confidence_interval":{"confidence_level":0.95,"lower_bound":372637.04803436995,"upper_bound":3104003.551442921},"point_estimate":1497347.3956167698,"standard_error":720381.3270967914},"slope":null,"std_dev":{"confidence_interval":{"confidence_level":0.95,"lower_bound":890534.703339126,"upper_bound":2375991.303331204},"point_estimate":1889752.3149883258,"standard_error":375415.09479113505}}