{"mean":{"confidence_interval":{"confidence_level":0.95,"lower_bound":165317481.75125,"upper_bound":169266875.22375},"point_estimate":167051087.45,"standard_error":1027104.0292704068},"median":{"confidence_interval":{"confidence_level":0.95,"lower_bound":165016551.0,"upper_bound":168714737.75},"point_estimate":166048743.5,"standard_error":754618.2096435764},"median_abs_dev":{"confidence_interval":{"confidence_level":0.95,"lower_bound":300471.86496555805,"upper_bound":4251177.883176506},"point_estimate":1130054.008537531,"standard_error":1039539.7138849999},"slope":null,"std_dev":{"confidence_interval":{"confidence_level":0.95,"lower_bound":885517.3683530646,"upper_bound":4784721.764230492},"point_estimate":3431847.0671356767,"standard_error":1082789.3422270243}}