{"mean":{"confidence_interval":{"confidence_level":0.95,"lower_bound":198212290.19000003,"upper_bound":334362062.5774999},"point_estimate":261547963.2,"standard_error":35190978.1338441},"median":{"confidence_interval":{"confidence_level":0.95,"lower_bound":168557955.5,"upper_bound":345798126.25},"point_estimate":208503842.25,"standard_error":56272210.90736387},"median_abs_dev":{"confidence_interval":{"confidence_level":0.95,"lower_bound":4134520.2455475926,"upper_bound":191448782.12665468},"point_estimate":64571056.55618459,"standard_error":59764381.163215265},"slope":null,"std_dev":{"confidence_interval":{"confidence_level":0.95,"lower_bound":55283391.61962226,"upper_bound":149642387.82627404},"point_estimate":117174780.50595562,"standard_error":24668505.909720197}}