{"mean":{"confidence_interval":{"confidence_level":0.95,"lower_bound":164634410.38375,"upper_bound":166406489.05},"point_estimate":165481522.35,"standard_error":454687.19738278154},"median":{"confidence_interval":{"confidence_level":0.95,"lower_bound":164230480.5,"upper_bound":167013383.5},"point_estimate":165092518.0,"standard_error":604172.7722117943},"median_abs_dev":{"confidence_interval":{"confidence_level":0.95,"lower_bound":57002.633138000965,"upper_bound":2340353.7406504154},"point_estimate":1598919.9491634965,"standard_error":674057.294650384},"slope":null,"std_dev":{"confidence_interval":{"confidence_level":0.95,"lower_bound":688259.2933764304,"upper_bound":1863391.0356738686},"point_estimate":1519973.8303735335,"standard_error":271427.0254530405}}