{"mean":{"confidence_interval":{"confidence_level":0.95,"lower_bound":-0.0151337907857928,"upper_bound":0.0005293705362045475},"point_estimate":-0.007904706897720604,"standard_error":0.004038388077206931},"median":{"confidence_interval":{"confidence_level":0.95,"lower_bound":-0.012652086458440626,"upper_bound":-0.005308920049526554},"point_estimate":-0.008466449878343218,"standard_error":0.0021003092235466524}}