{"mean":{"confidence_interval":{"confidence_level":0.95,"lower_bound":231269089.29666665,"upper_bound":234313980.82},"point_estimate":232660365.66666666,"standard_error":782051.1756491777},"median":{"confidence_interval":{"confidence_level":0.95,"lower_bound":230784128.0,"upper_bound":231976010.5},"point_estimate":231539286.5,"standard_error":370498.45657029323},"median_abs_dev":{"confidence_interval":{"confidence_level":0.95,"lower_bound":867444.0403997898,"upper_bound":3376608.83795321},"point_estimate":1592053.6580353975,"standard_error":683115.9172547008},"slope":null,"std_dev":{"confidence_interval":{"confidence_level":0.95,"lower_bound":1916786.843234213,"upper_bound":5840352.413984597},"point_estimate":4359322.481490874,"standard_error":967926.5219417498}}