{"mean":{"confidence_interval":{"confidence_level":0.95,"lower_bound":231536169.43025002,"upper_bound":234458031.90625},"point_estimate":232818427.03,"standard_error":750166.6177791932},"median":{"confidence_interval":{"confidence_level":0.95,"lower_bound":230421701.0,"upper_bound":231380425.5},"point_estimate":230883184.5,"standard_error":262389.73117483663},"median_abs_dev":{"confidence_interval":{"confidence_level":0.95,"lower_bound":1931336.5432669243,"upper_bound":3082876.8724679947},"point_estimate":2582265.8718556166,"standard_error":293451.5980656465},"slope":null,"std_dev":{"confidence_interval":{"confidence_level":0.95,"lower_bound":3846332.420749126,"upper_bound":11273382.853033515},"point_estimate":7542798.060659892,"standard_error":2165675.2427546554}}