{"mean":{"confidence_interval":{"confidence_level":0.95,"lower_bound":230921369.51325,"upper_bound":233954946.9845},"point_estimate":232318541.31,"standard_error":773268.8419418815},"median":{"confidence_interval":{"confidence_level":0.95,"lower_bound":229003844.0,"upper_bound":229989774.5},"point_estimate":229483904.0,"standard_error":252082.45316989426},"median_abs_dev":{"confidence_interval":{"confidence_level":0.95,"lower_bound":1458490.6742066145,"upper_bound":2905107.946524024},"point_estimate":2129254.4846981764,"standard_error":383846.96152902336},"slope":null,"std_dev":{"confidence_interval":{"confidence_level":0.95,"lower_bound":4769544.739395346,"upper_bound":10678890.251607537},"point_estimate":7779919.353552906,"standard_error":1554173.5782147432}}