{"mean":{"confidence_interval":{"confidence_level":0.95,"lower_bound":-0.004815364590904178,"upper_bound":0.004392493320200863},"point_estimate":0.00008904619151572923,"standard_error":0.002348401529409359},"median":{"confidence_interval":{"confidence_level":0.95,"lower_bound":0.0002260335711863604,"upper_bound":0.005030042197719387},"point_estimate":0.0018760441155982743,"standard_error":0.0012169473686963886}}