{"mean":{"confidence_interval":{"confidence_level":0.95,"lower_bound":-0.0016189418734323389,"upper_bound":0.003195684952545408},"point_estimate":0.000866523596372959,"standard_error":0.0012329710439868383},"median":{"confidence_interval":{"confidence_level":0.95,"lower_bound":-0.0016141262328188688,"upper_bound":0.0022234389288422474},"point_estimate":0.000808997126668709,"standard_error":0.00099349623060197}}