{"mean":{"confidence_interval":{"confidence_level":0.95,"lower_bound":-0.00831477310072637,"upper_bound":-0.003956024563830849},"point_estimate":-0.005944171334479442,"standard_error":0.001111900036016663},"median":{"confidence_interval":{"confidence_level":0.95,"lower_bound":-0.006912710163556102,"upper_bound":-0.0025021023671278897},"point_estimate":-0.004280510353275924,"standard_error":0.0010991931171633834}}