{"mean":{"confidence_interval":{"confidence_level":0.95,"lower_bound":-0.016506018045165383,"upper_bound":-0.0004043401117765857},"point_estimate":-0.007041461952727035,"standard_error":0.004230529091470382},"median":{"confidence_interval":{"confidence_level":0.95,"lower_bound":-0.001549463286512509,"upper_bound":0.0008019071076654782},"point_estimate":0.00006274525558480626,"standard_error":0.0005622288359337118}}