{"mean":{"confidence_interval":{"confidence_level":0.95,"lower_bound":-0.3372742500071385,"upper_bound":-0.3235180895064588},"point_estimate":-0.33165839384127127,"standard_error":0.0035077178784269003},"median":{"confidence_interval":{"confidence_level":0.95,"lower_bound":-0.3349009012116759,"upper_bound":-0.3325371095897429},"point_estimate":-0.3339456236841988,"standard_error":0.0005851853557370799}}