{"mean":{"confidence_interval":{"confidence_level":0.95,"lower_bound":0.009831639273143135,"upper_bound":0.01745014940885839},"point_estimate":0.013713805541256452,"standard_error":0.0019240114328350274},"median":{"confidence_interval":{"confidence_level":0.95,"lower_bound":0.007948834380866687,"upper_bound":0.012352081468252167},"point_estimate":0.0104431899284394,"standard_error":0.0011739839535339876}}