{"mean":{"confidence_interval":{"confidence_level":0.95,"lower_bound":-0.005818236403034094,"upper_bound":0.0062236918147561575},"point_estimate":-0.00033863498835839945,"standard_error":0.002998811652625827},"median":{"confidence_interval":{"confidence_level":0.95,"lower_bound":-0.0019307190645359018,"upper_bound":0.0006667886309290605},"point_estimate":-0.00011420039695408946,"standard_error":0.0006911452897320434}}