{"mean":{"confidence_interval":{"confidence_level":0.95,"lower_bound":-0.0056979172109630875,"upper_bound":0.006547788136615258},"point_estimate":0.00026061497239426856,"standard_error":0.003119824237735403},"median":{"confidence_interval":{"confidence_level":0.95,"lower_bound":-0.0010732922357270525,"upper_bound":0.0022357681864055845},"point_estimate":0.0005695837698369566,"standard_error":0.000846292003109893}}