{"mean":{"confidence_interval":{"confidence_level":0.95,"lower_bound":-0.00958522670723716,"upper_bound":0.006553587354648201},"point_estimate":-0.0008788868778381032,"standard_error":0.004141946150204375},"median":{"confidence_interval":{"confidence_level":0.95,"lower_bound":0.00027437582759516594,"upper_bound":0.0038249478534120307},"point_estimate":0.0020442384571583982,"standard_error":0.0009753392330524731}}