{"mean":{"confidence_interval":{"confidence_level":0.95,"lower_bound":-0.005499166448798896,"upper_bound":0.0008322342269083847},"point_estimate":-0.0020208582874893244,"standard_error":0.0016312788364992033},"median":{"confidence_interval":{"confidence_level":0.95,"lower_bound":-0.0008804604825568552,"upper_bound":0.002198591776173986},"point_estimate":0.00043721788130768324,"standard_error":0.0007246541798095118}}