{"mean":{"confidence_interval":{"confidence_level":0.95,"lower_bound":-0.008265585044657752,"upper_bound":-0.00016284185964637982},"point_estimate":-0.004368643132661165,"standard_error":0.0020494354771412294},"median":{"confidence_interval":{"confidence_level":0.95,"lower_bound":-0.008628556543658683,"upper_bound":-0.005745844989936133},"point_estimate":-0.0076033036994167524,"standard_error":0.0007371426922356211}}