{"mean":{"confidence_interval":{"confidence_level":0.95,"lower_bound":0.0035433693756710127,"upper_bound":0.008617514770691585},"point_estimate":0.0063541639393773774,"standard_error":0.0012940731139752478},"median":{"confidence_interval":{"confidence_level":0.95,"lower_bound":0.005680381054010253,"upper_bound":0.009328139490771825},"point_estimate":0.007208486923945934,"standard_error":0.000908383787850786}}