{"mean":{"confidence_interval":{"confidence_level":0.95,"lower_bound":-0.019818451456461942,"upper_bound":0.0008437845622620524},"point_estimate":-0.009077680808484812,"standard_error":0.0052037144445260435},"median":{"confidence_interval":{"confidence_level":0.95,"lower_bound":-0.011887317262727848,"upper_bound":-0.006834937042200061},"point_estimate":-0.009029819973066733,"standard_error":0.001313979318804028}}