{"mean":{"confidence_interval":{"confidence_level":0.95,"lower_bound":0.491335668382448,"upper_bound":0.5186267804137356},"point_estimate":0.5025254225257227,"standard_error":0.006945194133648765},"median":{"confidence_interval":{"confidence_level":0.95,"lower_bound":0.4931907135614497,"upper_bound":0.5028196628052568},"point_estimate":0.4980077316613145,"standard_error":0.0024627452425229355}}