{"mean":{"confidence_interval":{"confidence_level":0.95,"lower_bound":-0.0001212354809919471,"upper_bound":0.004243672342840275},"point_estimate":0.0018245275434440877,"standard_error":0.001146822923946808},"median":{"confidence_interval":{"confidence_level":0.95,"lower_bound":-0.0014499110264900583,"upper_bound":0.0014796905093903412},"point_estimate":0.0003865971293435244,"standard_error":0.0007696117537871896}}