{"mean":{"confidence_interval":{"confidence_level":0.95,"lower_bound":9510.869245390364,"upper_bound":9556.140652443875},"point_estimate":9531.373313263219,"standard_error":11.656537648971936},"median":{"confidence_interval":{"confidence_level":0.95,"lower_bound":9498.463458110517,"upper_bound":9537.523202129996},"point_estimate":9520.51605528974,"standard_error":9.435618832029366},"median_abs_dev":{"confidence_interval":{"confidence_level":0.95,"lower_bound":37.01123774809266,"upper_bound":70.98757669426405},"point_estimate":55.56854120814306,"standard_error":8.571591430535843},"slope":{"confidence_interval":{"confidence_level":0.95,"lower_bound":9495.087105075889,"upper_bound":9531.170370803722},"point_estimate":9511.83596533771,"standard_error":9.184358502199144},"std_dev":{"confidence_interval":{"confidence_level":0.95,"lower_bound":44.331145677558624,"upper_bound":119.17639822955192},"point_estimate":82.82650435295967,"standard_error":20.770639481998565}}