{"mean":{"confidence_interval":{"confidence_level":0.95,"lower_bound":-0.010515134217592642,"upper_bound":-0.002017057618770468},"point_estimate":-0.005992305677719578,"standard_error":0.002178733135702736},"median":{"confidence_interval":{"confidence_level":0.95,"lower_bound":-0.004939734060905532,"upper_bound":-0.00041948868131924666},"point_estimate":-0.0024851690530882653,"standard_error":0.0010743268865658028}}