{"mean":{"confidence_interval":{"confidence_level":0.95,"lower_bound":0.012422824410827841,"upper_bound":0.02615206459678093},"point_estimate":0.01990068910125209,"standard_error":0.003523480873621628},"median":{"confidence_interval":{"confidence_level":0.95,"lower_bound":0.022046485385046832,"upper_bound":0.025358169986277268},"point_estimate":0.023439692933411527,"standard_error":0.0008671436977806062}}