{"mean":{"confidence_interval":{"confidence_level":0.95,"lower_bound":-0.001751959819027607,"upper_bound":0.0090991859610401},"point_estimate":0.003268803268301923,"standard_error":0.0027712694111178553},"median":{"confidence_interval":{"confidence_level":0.95,"lower_bound":-0.0022262162656222495,"upper_bound":0.0037014199739400233},"point_estimate":0.0003897001403165845,"standard_error":0.0013998910578548042}}