{"mean":{"confidence_interval":{"confidence_level":0.95,"lower_bound":0.017223759333129793,"upper_bound":0.06656703892522334},"point_estimate":0.03830216517505125,"standard_error":0.014175351713602588},"median":{"confidence_interval":{"confidence_level":0.95,"lower_bound":0.0074235875563752884,"upper_bound":0.018349546534887073},"point_estimate":0.012401189146834302,"standard_error":0.0030656049814540435}}