{"mean":{"confidence_interval":{"confidence_level":0.95,"lower_bound":0.017123274077219846,"upper_bound":0.07025653741996754},"point_estimate":0.040282737126853485,"standard_error":0.013889785826275586},"median":{"confidence_interval":{"confidence_level":0.95,"lower_bound":0.01073887123084627,"upper_bound":0.01695529991614464},"point_estimate":0.013674769251902807,"standard_error":0.0016548540133579993}}