{"mean":{"confidence_interval":{"confidence_level":0.95,"lower_bound":-0.037335962733418326,"upper_bound":0.0007487057643211781},"point_estimate":-0.01530839432819775,"standard_error":0.009986843180916593},"median":{"confidence_interval":{"confidence_level":0.95,"lower_bound":-0.002525133455421713,"upper_bound":0.0019462666388723182},"point_estimate":-0.0006301359228205738,"standard_error":0.0011315630504019625}}