{"mean":{"confidence_interval":{"confidence_level":0.95,"lower_bound":0.004328273948810351,"upper_bound":0.011766141603398853},"point_estimate":0.007724453163944878,"standard_error":0.0019130688886865258},"median":{"confidence_interval":{"confidence_level":0.95,"lower_bound":0.0020192593595629305,"upper_bound":0.009409871257757718},"point_estimate":0.004885137095351544,"standard_error":0.001780985414661873}}