{"mean":{"confidence_interval":{"confidence_level":0.95,"lower_bound":-0.10334210363324793,"upper_bound":-0.015096128749651605},"point_estimate":-0.057108068081323515,"standard_error":0.022676272888949113},"median":{"confidence_interval":{"confidence_level":0.95,"lower_bound":-0.054440788657826755,"upper_bound":-0.011963051781935685},"point_estimate":-0.03096577216187235,"standard_error":0.00963380899144344}}