{"mean":{"confidence_interval":{"confidence_level":0.95,"lower_bound":0.0210494162906746,"upper_bound":0.113052243921591},"point_estimate":0.06253148208703507,"standard_error":0.023433681215575056},"median":{"confidence_interval":{"confidence_level":0.95,"lower_bound":0.006124209602931414,"upper_bound":0.0431936812790612},"point_estimate":0.024204336994096742,"standard_error":0.009658032254441456}}