{"mean":{"confidence_interval":{"confidence_level":0.95,"lower_bound":-0.05538392577389106,"upper_bound":-0.0012130440586854974},"point_estimate":-0.025747342449433996,"standard_error":0.013868205141737762},"median":{"confidence_interval":{"confidence_level":0.95,"lower_bound":-0.010927156665111792,"upper_bound":0.0015495808713250625},"point_estimate":-0.005374439945185938,"standard_error":0.0032905638246002525}}