{"mean":{"confidence_interval":{"confidence_level":0.95,"lower_bound":-0.004123750347537203,"upper_bound":0.002422227142075961},"point_estimate":-0.000646641874404219,"standard_error":0.0016821273521044307},"median":{"confidence_interval":{"confidence_level":0.95,"lower_bound":-0.0021702365534395085,"upper_bound":0.0033109220321436705},"point_estimate":0.001235861353448664,"standard_error":0.0015237861541416622}}