{"mean":{"confidence_interval":{"confidence_level":0.95,"lower_bound":-0.03782446039180376,"upper_bound":-0.009698169381646804},"point_estimate":-0.022472952044727768,"standard_error":0.007218818741373128},"median":{"confidence_interval":{"confidence_level":0.95,"lower_bound":-0.02293757571101751,"upper_bound":-0.015049549920967742},"point_estimate":-0.019267675431825837,"standard_error":0.001787687911386744}}