{"mean":{"confidence_interval":{"confidence_level":0.95,"lower_bound":-0.015705163809469624,"upper_bound":0.005820702733654242},"point_estimate":-0.0036610210793386333,"standard_error":0.005571217035326721},"median":{"confidence_interval":{"confidence_level":0.95,"lower_bound":-0.0006592613020420801,"upper_bound":0.004849349874885611},"point_estimate":0.003007092747698392,"standard_error":0.0014300888898896899}}