{"mean":{"confidence_interval":{"confidence_level":0.95,"lower_bound":-0.06334522592717091,"upper_bound":-0.015269610248357825},"point_estimate":-0.036803737053625496,"standard_error":0.012402460335331992},"median":{"confidence_interval":{"confidence_level":0.95,"lower_bound":-0.01627969816128716,"upper_bound":-0.010461159081052496},"point_estimate":-0.01359632836396718,"standard_error":0.0014472602165749252}}