{"mean":{"confidence_interval":{"confidence_level":0.95,"lower_bound":0.002986216094553198,"upper_bound":0.03243164120252327},"point_estimate":0.013572028220647514,"standard_error":0.007282356971002179},"median":{"confidence_interval":{"confidence_level":0.95,"lower_bound":0.003645225799832952,"upper_bound":0.012421524302269393},"point_estimate":0.007656191127328071,"standard_error":0.002137918960949087}}