{"mean":{"confidence_interval":{"confidence_level":0.95,"lower_bound":-0.015127037200215937,"upper_bound":0.005129423021135043},"point_estimate":-0.004785791939763695,"standard_error":0.005137063839519782},"median":{"confidence_interval":{"confidence_level":0.95,"lower_bound":-0.005318076720205123,"upper_bound":0.0010710684362886802},"point_estimate":-0.0012439037123090912,"standard_error":0.0017526295632012865}}