{"mean":{"confidence_interval":{"confidence_level":0.95,"lower_bound":-0.11026140228262316,"upper_bound":-0.06419935972663243},"point_estimate":-0.08613363327154933,"standard_error":0.011826620200919187},"median":{"confidence_interval":{"confidence_level":0.95,"lower_bound":-0.11380362272787603,"upper_bound":-0.050392898327821345},"point_estimate":-0.06527021387361054,"standard_error":0.014830769278111527}}