{"mean":{"confidence_interval":{"confidence_level":0.95,"lower_bound":-0.0159971885568784,"upper_bound":0.008504139610161672},"point_estimate":-0.005270542655189336,"standard_error":0.00609216906230299},"median":{"confidence_interval":{"confidence_level":0.95,"lower_bound":-0.007209634018318423,"upper_bound":-0.0015642770021796482},"point_estimate":-0.004705746333995675,"standard_error":0.0017142993901817433}}