{"mean":{"confidence_interval":{"confidence_level":0.95,"lower_bound":-0.03901387637281833,"upper_bound":-0.003462123921974818},"point_estimate":-0.02045666944692892,"standard_error":0.009082527425036877},"median":{"confidence_interval":{"confidence_level":0.95,"lower_bound":-0.02129201951074089,"upper_bound":-0.0058950716158846506},"point_estimate":-0.012343798389184313,"standard_error":0.00453330582695296}}