{"mean":{"confidence_interval":{"confidence_level":0.95,"lower_bound":-0.01108423738891029,"upper_bound":0.008915735999996883},"point_estimate":-0.0022920355171152096,"standard_error":0.005074079265579926},"median":{"confidence_interval":{"confidence_level":0.95,"lower_bound":-0.009255336945202308,"upper_bound":0.000347858038777904},"point_estimate":-0.005023243635725705,"standard_error":0.0025995431922550155}}