{"mean":{"confidence_interval":{"confidence_level":0.95,"lower_bound":0.0006677043440792063,"upper_bound":0.01663698130751343},"point_estimate":0.007546296556675713,"standard_error":0.0042924600472692325},"median":{"confidence_interval":{"confidence_level":0.95,"lower_bound":0.00023603050470777376,"upper_bound":0.004328822612704952},"point_estimate":0.002091345078087059,"standard_error":0.001062577083076182}}