{"mean":{"confidence_interval":{"confidence_level":0.95,"lower_bound":0.06875160797817777,"upper_bound":0.2664552460664579},"point_estimate":0.15136999874468904,"standard_error":0.05311155479494534},"median":{"confidence_interval":{"confidence_level":0.95,"lower_bound":0.06197034613706798,"upper_bound":0.09011045800012507},"point_estimate":0.07250602794135852,"standard_error":0.008573023918632171}}