{"mean":{"confidence_interval":{"confidence_level":0.95,"lower_bound":0.0011992982139912586,"upper_bound":0.03171875867549016},"point_estimate":0.014554498948886607,"standard_error":0.007716774195152546},"median":{"confidence_interval":{"confidence_level":0.95,"lower_bound":0.00040720577701103267,"upper_bound":0.01638892829361538},"point_estimate":0.0033795662401010507,"standard_error":0.005627740782326077}}