{"mean":{"confidence_interval":{"confidence_level":0.95,"lower_bound":-0.020951075816786634,"upper_bound":0.005379598738793961},"point_estimate":-0.007345760234850007,"standard_error":0.006730506975424547},"median":{"confidence_interval":{"confidence_level":0.95,"lower_bound":-0.008248865457804122,"upper_bound":0.00845579743896141},"point_estimate":0.0037559391077492954,"standard_error":0.004789433805099109}}