{"mean":{"confidence_interval":{"confidence_level":0.95,"lower_bound":0.012130694164843137,"upper_bound":0.05025243573397046},"point_estimate":0.03127099746257156,"standard_error":0.00955025509345945},"median":{"confidence_interval":{"confidence_level":0.95,"lower_bound":0.013880962227696525,"upper_bound":0.029346998660432222},"point_estimate":0.021563040902995878,"standard_error":0.004438253290940672}}