{"mean":{"confidence_interval":{"confidence_level":0.95,"lower_bound":-0.21288597216318106,"upper_bound":-0.0663755997930968},"point_estimate":-0.13467563809667726,"standard_error":0.03832374177954114},"median":{"confidence_interval":{"confidence_level":0.95,"lower_bound":-0.0925010386360835,"upper_bound":-0.06637075051512897},"point_estimate":-0.07494493089961274,"standard_error":0.006617516737188326}}