{"mean":{"confidence_interval":{"confidence_level":0.95,"lower_bound":0.0313868725126736,"upper_bound":0.09283586547405476},"point_estimate":0.06391358635952038,"standard_error":0.015908219915139014},"median":{"confidence_interval":{"confidence_level":0.95,"lower_bound":0.03200010942967957,"upper_bound":0.09448499414765821},"point_estimate":0.048312444696120505,"standard_error":0.014728418319612597}}