{"mean":{"confidence_interval":{"confidence_level":0.95,"lower_bound":-0.07008878810835113,"upper_bound":0.022616530249740516},"point_estimate":-0.019257323990591657,"standard_error":0.024085026124198255},"median":{"confidence_interval":{"confidence_level":0.95,"lower_bound":-0.03288434093549064,"upper_bound":0.02296982210947829},"point_estimate":-0.004511138839058959,"standard_error":0.013078473601565613}}