{"mean":{"confidence_interval":{"confidence_level":0.95,"lower_bound":0.1841658047234623,"upper_bound":0.7888533156156003},"point_estimate":0.47874632156035535,"standard_error":0.15925159428346483},"median":{"confidence_interval":{"confidence_level":0.95,"lower_bound":0.09513451733691625,"upper_bound":0.6966381806200945},"point_estimate":0.2995551453564149,"standard_error":0.14861632125622962}}