{"mean":{"confidence_interval":{"confidence_level":0.95,"lower_bound":-0.006072724806284846,"upper_bound":0.012765296914404627},"point_estimate":0.0033013280029794423,"standard_error":0.004872304301040943},"median":{"confidence_interval":{"confidence_level":0.95,"lower_bound":-0.003025756392918799,"upper_bound":0.005703270634601854},"point_estimate":0.002812342732142259,"standard_error":0.0028992892556771927}}