{"mean":{"confidence_interval":{"confidence_level":0.95,"lower_bound":-0.03928865232907175,"upper_bound":0.015793643470464858},"point_estimate":-0.010719399881688019,"standard_error":0.014030933261061251},"median":{"confidence_interval":{"confidence_level":0.95,"lower_bound":-0.07003926591977394,"upper_bound":0.022721803334566193},"point_estimate":0.014421557209089997,"standard_error":0.022328918704319328}}