{"mean":{"confidence_interval":{"confidence_level":0.95,"lower_bound":-0.020893235593035485,"upper_bound":0.05854002535520286},"point_estimate":0.014025770946062721,"standard_error":0.0193830218717677},"median":{"confidence_interval":{"confidence_level":0.95,"lower_bound":-0.01819404900239352,"upper_bound":0.09660741192280353},"point_estimate":0.0013899853837124887,"standard_error":0.02876618895314036}}