{"mean":{"confidence_interval":{"confidence_level":0.95,"lower_bound":0.046796500053679864,"upper_bound":0.11030903675472103},"point_estimate":0.07235213465986168,"standard_error":0.01630798530225095},"median":{"confidence_interval":{"confidence_level":0.95,"lower_bound":0.04104966712318503,"upper_bound":0.09038224497413205},"point_estimate":0.058143455400367694,"standard_error":0.011654221975116678}}