{"mean":{"confidence_interval":{"confidence_level":0.95,"lower_bound":-0.015243098034269589,"upper_bound":0.05234426987370814},"point_estimate":0.014471422695033542,"standard_error":0.01721199332440257},"median":{"confidence_interval":{"confidence_level":0.95,"lower_bound":-0.02116162327621318,"upper_bound":0.07170180854036445},"point_estimate":-0.007595456489869368,"standard_error":0.023062667718318892}}