{"mean":{"confidence_interval":{"confidence_level":0.95,"lower_bound":-0.04945238643315,"upper_bound":0.05601816243744233},"point_estimate":-0.001561998719449731,"standard_error":0.026988207757053635},"median":{"confidence_interval":{"confidence_level":0.95,"lower_bound":-0.07288471177207101,"upper_bound":0.02892067778714069},"point_estimate":-0.004378507461643033,"standard_error":0.021753114324451636}}