{"mean":{"confidence_interval":{"confidence_level":0.95,"lower_bound":0.010573931868140802,"upper_bound":0.0311450177443457},"point_estimate":0.021652434276863586,"standard_error":0.005228737964160769},"median":{"confidence_interval":{"confidence_level":0.95,"lower_bound":0.018296508963150826,"upper_bound":0.028358947360879627},"point_estimate":0.021953648502021306,"standard_error":0.0027409076603279246}}