{"mean":{"confidence_interval":{"confidence_level":0.95,"lower_bound":-0.01878474425901906,"upper_bound":0.00893632051272848},"point_estimate":-0.0033822943427201935,"standard_error":0.007098317051303996},"median":{"confidence_interval":{"confidence_level":0.95,"lower_bound":-0.010129110509000894,"upper_bound":0.008160474921573568},"point_estimate":0.0019239458040369861,"standard_error":0.005128477019276937}}