{"mean":{"confidence_interval":{"confidence_level":0.95,"lower_bound":-0.10317967214831342,"upper_bound":-0.05124779851138803},"point_estimate":-0.0738072966015868,"standard_error":0.01373520552031422},"median":{"confidence_interval":{"confidence_level":0.95,"lower_bound":-0.09021323890383393,"upper_bound":-0.04959382467684359},"point_estimate":-0.06264515181946495,"standard_error":0.008544856508943571}}