{"mean":{"confidence_interval":{"confidence_level":0.95,"lower_bound":-0.4630184204337803,"upper_bound":-0.18622600054334879},"point_estimate":-0.33751702371970727,"standard_error":0.07167331957876936},"median":{"confidence_interval":{"confidence_level":0.95,"lower_bound":-0.4254732690487837,"upper_bound":-0.11198223030399523},"point_estimate":-0.24636717831701482,"standard_error":0.077240172998556}}