{"mean":{"confidence_interval":{"confidence_level":0.95,"lower_bound":1521647.1851088966,"upper_bound":1532693.010485704},"point_estimate":1526754.674492878,"standard_error":2812.165476455187},"median":{"confidence_interval":{"confidence_level":0.95,"lower_bound":1519398.6333333333,"upper_bound":1525880.7705128205},"point_estimate":1522888.571546733,"standard_error":1515.7078874496556},"median_abs_dev":{"confidence_interval":{"confidence_level":0.95,"lower_bound":6586.227781874537,"upper_bound":13014.15858569422},"point_estimate":9164.033761724346,"standard_error":1627.8076845875055},"slope":{"confidence_interval":{"confidence_level":0.95,"lower_bound":1522531.9941688052,"upper_bound":1543543.2780972},"point_estimate":1532093.6717064648,"standard_error":5450.721787951771},"std_dev":{"confidence_interval":{"confidence_level":0.95,"lower_bound":11428.157377251704,"upper_bound":27009.10295013738},"point_estimate":20025.514092312096,"standard_error":4017.076591026388}}