{"mean":{"confidence_interval":{"confidence_level":0.95,"lower_bound":73148.89971010074,"upper_bound":73888.31670163744},"point_estimate":73460.56307226031,"standard_error":191.75919998910456},"median":{"confidence_interval":{"confidence_level":0.95,"lower_bound":73016.90697674418,"upper_bound":73513.65248414376},"point_estimate":73187.92102083963,"standard_error":129.23082359923444},"median_abs_dev":{"confidence_interval":{"confidence_level":0.95,"lower_bound":373.4077221989512,"upper_bound":902.7133311617963},"point_estimate":617.077983019312,"standard_error":138.84857414464463},"slope":{"confidence_interval":{"confidence_level":0.95,"lower_bound":73247.6741605196,"upper_bound":74920.36054219956},"point_estimate":73900.014642088,"standard_error":458.9952184820995},"std_dev":{"confidence_interval":{"confidence_level":0.95,"lower_bound":570.8378868329363,"upper_bound":2147.4749850416406},"point_estimate":1372.263588349302,"standard_error":489.011068279376}}