{"mean":{"confidence_interval":{"confidence_level":0.95,"lower_bound":0.10705117040122544,"upper_bound":0.5219226232991265},"point_estimate":0.313583770293546,"standard_error":0.10024284260440645},"median":{"confidence_interval":{"confidence_level":0.95,"lower_bound":0.027752298992567592,"upper_bound":0.7092169056052968},"point_estimate":0.09550531444081622,"standard_error":0.22263739017054907}}