{"mean":{"confidence_interval":{"confidence_level":0.95,"lower_bound":-0.35138726200534265,"upper_bound":-0.10266068562981692},"point_estimate":-0.23672358562245888,"standard_error":0.06399901502226046},"median":{"confidence_interval":{"confidence_level":0.95,"lower_bound":-0.40835690265690694,"upper_bound":-0.042627538876284676},"point_estimate":-0.0862986114956511,"standard_error":0.10508502437632165}}