{"mean":{"confidence_interval":{"confidence_level":0.95,"lower_bound":-0.016275995924935758,"upper_bound":0.0073547048331358625},"point_estimate":-0.004518104527584166,"standard_error":0.006026012254372407},"median":{"confidence_interval":{"confidence_level":0.95,"lower_bound":-0.020765404302387824,"upper_bound":0.009086489309906742},"point_estimate":-0.004560990614347671,"standard_error":0.007299407030037078}}