{"mean":{"confidence_interval":{"confidence_level":0.95,"lower_bound":-0.024346004265033194,"upper_bound":0.005871185051278109},"point_estimate":-0.010661701647264987,"standard_error":0.007722658761192822},"median":{"confidence_interval":{"confidence_level":0.95,"lower_bound":-0.03073378951651662,"upper_bound":0.010466324484780536},"point_estimate":-0.013719458476732949,"standard_error":0.01057078953316437}}