{"mean":{"confidence_interval":{"confidence_level":0.95,"lower_bound":-0.020239153833015666,"upper_bound":0.013448809965672442},"point_estimate":-0.0029084403805015313,"standard_error":0.008582945656285996},"median":{"confidence_interval":{"confidence_level":0.95,"lower_bound":-0.028868423392170883,"upper_bound":0.02045082791760411},"point_estimate":0.0005473088327931919,"standard_error":0.013068773711464808}}