{"mean":{"confidence_interval":{"confidence_level":0.95,"lower_bound":0.004208444764821406,"upper_bound":0.03544281947513434},"point_estimate":0.020980206709813043,"standard_error":0.007981721853220528},"median":{"confidence_interval":{"confidence_level":0.95,"lower_bound":0.004482786125626248,"upper_bound":0.039213534079036494},"point_estimate":0.017370362285893393,"standard_error":0.008715637996078005}}