{"mean":{"confidence_interval":{"confidence_level":0.95,"lower_bound":-0.007338110442497547,"upper_bound":0.025966171617274762},"point_estimate":0.008669865099771634,"standard_error":0.0085127987148903},"median":{"confidence_interval":{"confidence_level":0.95,"lower_bound":-0.01671199407297619,"upper_bound":0.03529165958221814},"point_estimate":0.00758822722679553,"standard_error":0.013382814826133434}}