{"mean":{"confidence_interval":{"confidence_level":0.95,"lower_bound":-0.3575467572727614,"upper_bound":-0.11952504871996754},"point_estimate":-0.2557321562300853,"standard_error":0.060183465947149635},"median":{"confidence_interval":{"confidence_level":0.95,"lower_bound":-0.42637264372126316,"upper_bound":-0.040610983785696275},"point_estimate":-0.10885567141467622,"standard_error":0.13658778947217068}}