{"mean":{"confidence_interval":{"confidence_level":0.95,"lower_bound":-0.015247285599305327,"upper_bound":0.017214825634834084},"point_estimate":0.00197907984852419,"standard_error":0.008286508343424185},"median":{"confidence_interval":{"confidence_level":0.95,"lower_bound":-0.018288006279999602,"upper_bound":0.025537091950113222},"point_estimate":0.005206272931443268,"standard_error":0.011062499639773953}}