{"mean":{"confidence_interval":{"confidence_level":0.95,"lower_bound":0.12552470754942613,"upper_bound":0.5551121186483107},"point_estimate":0.3236419075749466,"standard_error":0.11333298620571296},"median":{"confidence_interval":{"confidence_level":0.95,"lower_bound":0.056691139404877466,"upper_bound":0.6991795583884943},"point_estimate":0.10079868582899754,"standard_error":0.17889507454465148}}