{"mean":{"confidence_interval":{"confidence_level":0.95,"lower_bound":-0.019062482128658586,"upper_bound":0.01519767929060241},"point_estimate":-0.0017922633718641112,"standard_error":0.008723661451994453},"median":{"confidence_interval":{"confidence_level":0.95,"lower_bound":-0.018038841149636498,"upper_bound":0.013217440571572148},"point_estimate":0.001524415665143497,"standard_error":0.00787943070425698}}