{"mean":{"confidence_interval":{"confidence_level":0.95,"lower_bound":9500.09513570069,"upper_bound":9546.195066989418},"point_estimate":9523.140880173107,"standard_error":11.833789641887376},"median":{"confidence_interval":{"confidence_level":0.95,"lower_bound":9485.229509057495,"upper_bound":9561.33694633012},"point_estimate":9525.010289956535,"standard_error":23.218109080267862},"median_abs_dev":{"confidence_interval":{"confidence_level":0.95,"lower_bound":6.9294908929927646,"upper_bound":61.70616900163365},"point_estimate":54.24033806740916,"standard_error":15.462724031377364},"slope":{"confidence_interval":{"confidence_level":0.95,"lower_bound":9487.453163683607,"upper_bound":9537.683234801627},"point_estimate":9507.480692004241,"standard_error":12.731929524638582},"std_dev":{"confidence_interval":{"confidence_level":0.95,"lower_bound":26.18829342343683,"upper_bound":45.83264975858176},"point_estimate":39.428912064470246,"standard_error":5.022138336199288}}