{"mean":{"confidence_interval":{"confidence_level":0.95,"lower_bound":0.010437947621279182,"upper_bound":0.05582108019602064},"point_estimate":0.02940297682206383,"standard_error":0.012284620972415703},"median":{"confidence_interval":{"confidence_level":0.95,"lower_bound":0.009524271822324959,"upper_bound":0.042217689752916066},"point_estimate":0.016139446566579396,"standard_error":0.006482944757457823}}