{"mean":{"confidence_interval":{"confidence_level":0.95,"lower_bound":0.0033047121565071566,"upper_bound":0.03815197258520196},"point_estimate":0.01662236698118913,"standard_error":0.00963814405545982},"median":{"confidence_interval":{"confidence_level":0.95,"lower_bound":-0.00005397199302992206,"upper_bound":0.01807126974170803},"point_estimate":0.006293365838538012,"standard_error":0.00558168032525114}}