{"mean":{"confidence_interval":{"confidence_level":0.95,"lower_bound":-0.00690920586975671,"upper_bound":0.001965680257235934},"point_estimate":-0.0020426140693675654,"standard_error":0.0022844610247524134},"median":{"confidence_interval":{"confidence_level":0.95,"lower_bound":-0.005036260833643502,"upper_bound":0.0028496205847268197},"point_estimate":-0.0010474827405392295,"standard_error":0.002062006618475843}}