{"mean":{"confidence_interval":{"confidence_level":0.95,"lower_bound":0.1128749912608656,"upper_bound":0.5530245794582973},"point_estimate":0.3056043204191543,"standard_error":0.11259987890256878},"median":{"confidence_interval":{"confidence_level":0.95,"lower_bound":0.03089417210764389,"upper_bound":0.46474846197284414},"point_estimate":0.20700945959239125,"standard_error":0.11525767869809984}}