{"mean":{"confidence_interval":{"confidence_level":0.95,"lower_bound":-0.011414739158639442,"upper_bound":0.0011033768258270626},"point_estimate":-0.004902349466338385,"standard_error":0.003196206888087451},"median":{"confidence_interval":{"confidence_level":0.95,"lower_bound":-0.015680027992480805,"upper_bound":0.0008509637299547457},"point_estimate":-0.0035201938136839583,"standard_error":0.003973812764793356}}