{"mean":{"confidence_interval":{"confidence_level":0.95,"lower_bound":-0.008450419560562644,"upper_bound":0.004938521071370971},"point_estimate":-0.0014689103304905693,"standard_error":0.003442447412454039},"median":{"confidence_interval":{"confidence_level":0.95,"lower_bound":-0.002323825727254647,"upper_bound":0.006534262430400117},"point_estimate":-0.00039366082576774986,"standard_error":0.0022711454128142984}}