{"mean":{"confidence_interval":{"confidence_level":0.95,"lower_bound":-0.028669119835071918,"upper_bound":0.005670391457538004},"point_estimate":-0.009076515923324147,"standard_error":0.00905640087032432},"median":{"confidence_interval":{"confidence_level":0.95,"lower_bound":-0.014493872670198304,"upper_bound":0.006420774994015943},"point_estimate":-0.0010285484703806969,"standard_error":0.0060137139348661215}}