{"mean":{"confidence_interval":{"confidence_level":0.95,"lower_bound":-0.06263214404417936,"upper_bound":-0.021464002892064123},"point_estimate":-0.03896549429231233,"standard_error":0.010924186063568611},"median":{"confidence_interval":{"confidence_level":0.95,"lower_bound":-0.05057836540848426,"upper_bound":-0.019355186000742486},"point_estimate":-0.02559888628232687,"standard_error":0.006581925971621965}}