{"mean":{"confidence_interval":{"confidence_level":0.95,"lower_bound":0.0032982026346304316,"upper_bound":0.03305004645280358},"point_estimate":0.01473303494398559,"standard_error":0.00802134881612655},"median":{"confidence_interval":{"confidence_level":0.95,"lower_bound":0.0036146159022207858,"upper_bound":0.014720462418155167},"point_estimate":0.010541169826154162,"standard_error":0.0027121076768119585}}