{"mean":{"confidence_interval":{"confidence_level":0.95,"lower_bound":-0.006242067896872671,"upper_bound":0.009604026647411957},"point_estimate":0.001308191488264221,"standard_error":0.003927060708684125},"median":{"confidence_interval":{"confidence_level":0.95,"lower_bound":-0.00037795674123408673,"upper_bound":0.0038833562540034894},"point_estimate":0.001783636180207715,"standard_error":0.0011011110146435744}}