{"mean":{"confidence_interval":{"confidence_level":0.95,"lower_bound":-0.36408298038704834,"upper_bound":-0.11663833248427569},"point_estimate":-0.24346939190976957,"standard_error":0.06458287456133407},"median":{"confidence_interval":{"confidence_level":0.95,"lower_bound":-0.3074660782240747,"upper_bound":-0.041161689288975234},"point_estimate":-0.18110512048405492,"standard_error":0.08137782877124569}}