{"mean":{"confidence_interval":{"confidence_level":0.95,"lower_bound":-0.021667691487075286,"upper_bound":0.007057059807124925},"point_estimate":-0.004449886191269736,"standard_error":0.007652328203510292},"median":{"confidence_interval":{"confidence_level":0.95,"lower_bound":-0.004564901893113094,"upper_bound":0.011653995311750487},"point_estimate":-0.0003555506973900169,"standard_error":0.003910811838373961}}