{"mean":{"confidence_interval":{"confidence_level":0.95,"lower_bound":-0.02915769366414097,"upper_bound":-0.015206320582661359},"point_estimate":-0.021812679321442374,"standard_error":0.003562767745306218},"median":{"confidence_interval":{"confidence_level":0.95,"lower_bound":-0.026263868734170526,"upper_bound":-0.00619660067839134},"point_estimate":-0.01831394784020801,"standard_error":0.005753285938832529}}