{"mean":{"confidence_interval":{"confidence_level":0.95,"lower_bound":0.0003536522268716702,"upper_bound":0.007333302167763148},"point_estimate":0.0036976952302532062,"standard_error":0.0017866975701337628},"median":{"confidence_interval":{"confidence_level":0.95,"lower_bound":-0.0005675250158537759,"upper_bound":0.0033796874564124835},"point_estimate":0.0017505433433204765,"standard_error":0.0010200317444431257}}