{"mean":{"confidence_interval":{"confidence_level":0.95,"lower_bound":-0.016738523499046646,"upper_bound":-0.00829164767836512},"point_estimate":-0.012166489022048865,"standard_error":0.0021674449317930795},"median":{"confidence_interval":{"confidence_level":0.95,"lower_bound":-0.012964641597964066,"upper_bound":-0.00821304270678802},"point_estimate":-0.010720156746255705,"standard_error":0.0012231243903445396}}