{"mean":{"confidence_interval":{"confidence_level":0.95,"lower_bound":-0.0028901721260439837,"upper_bound":0.007215185458162798},"point_estimate":0.001913479664371387,"standard_error":0.002550556034948844},"median":{"confidence_interval":{"confidence_level":0.95,"lower_bound":-0.003765857195981659,"upper_bound":0.00038300183944506294},"point_estimate":-0.0016905831975838614,"standard_error":0.0010229952317638872}}