{"mean":{"confidence_interval":{"confidence_level":0.95,"lower_bound":-0.010554592823438402,"upper_bound":-0.0008243896229949264},"point_estimate":-0.00533223469388433,"standard_error":0.002496043665694319},"median":{"confidence_interval":{"confidence_level":0.95,"lower_bound":-0.0022464322161793726,"upper_bound":0.0015587108726369259},"point_estimate":-0.0001254104324484029,"standard_error":0.0009569138516398839}}