{"mean":{"confidence_interval":{"confidence_level":0.95,"lower_bound":0.007435352749187757,"upper_bound":0.02379521715986889},"point_estimate":0.015162354002685952,"standard_error":0.004175874823948627},"median":{"confidence_interval":{"confidence_level":0.95,"lower_bound":0.0025412329095351183,"upper_bound":0.023276769365797145},"point_estimate":0.014752195473775043,"standard_error":0.006150352394222798}}