{"mean":{"confidence_interval":{"confidence_level":0.95,"lower_bound":0.003791144563235289,"upper_bound":0.031096866935459534},"point_estimate":0.01851871641681435,"standard_error":0.006993149380715525},"median":{"confidence_interval":{"confidence_level":0.95,"lower_bound":0.006616805540595516,"upper_bound":0.03744620994887682},"point_estimate":0.02574393522858065,"standard_error":0.006928782488851613}}