{"mean":{"confidence_interval":{"confidence_level":0.95,"lower_bound":-0.004446041433933234,"upper_bound":0.007095923368123182},"point_estimate":0.0017432746018304357,"standard_error":0.0029433022950177963},"median":{"confidence_interval":{"confidence_level":0.95,"lower_bound":0.0025579660015480066,"upper_bound":0.008671301093968964},"point_estimate":0.0049706949788463906,"standard_error":0.0015677136142086443}}