{"mean":{"confidence_interval":{"confidence_level":0.95,"lower_bound":-0.519398461446791,"upper_bound":-0.04992889488000357},"point_estimate":-0.3288055927541237,"standard_error":0.1220804643128861},"median":{"confidence_interval":{"confidence_level":0.95,"lower_bound":-0.5356702433346661,"upper_bound":0.03546207020560699},"point_estimate":-0.12892239053891363,"standard_error":0.10028010066847919}}