{"mean":{"confidence_interval":{"confidence_level":0.95,"lower_bound":-0.014104581848990164,"upper_bound":0.015556105573537747},"point_estimate":0.001324981592565333,"standard_error":0.0075093107392475225},"median":{"confidence_interval":{"confidence_level":0.95,"lower_bound":-0.02074637695578696,"upper_bound":0.02544374903132418},"point_estimate":-0.006909599249477871,"standard_error":0.012931286051806634}}