{"mean":{"confidence_interval":{"confidence_level":0.95,"lower_bound":0.004196711122693486,"upper_bound":0.046967143374527655},"point_estimate":0.02441303764151903,"standard_error":0.01208766017067457},"median":{"confidence_interval":{"confidence_level":0.95,"lower_bound":0.002134454122112883,"upper_bound":0.01774181524342544},"point_estimate":0.004441791549687046,"standard_error":0.005741192984177408}}