{"mean":{"confidence_interval":{"confidence_level":0.95,"lower_bound":-0.013165482054431382,"upper_bound":0.012924368923922777},"point_estimate":-0.0030557656220793206,"standard_error":0.006821807292700382},"median":{"confidence_interval":{"confidence_level":0.95,"lower_bound":-0.015278171261345341,"upper_bound":0.013579610742658899},"point_estimate":-0.010183532596711786,"standard_error":0.006882848615581337}}