{"mean":{"confidence_interval":{"confidence_level":0.95,"lower_bound":-0.093495421865092,"upper_bound":0.05099095170716666},"point_estimate":-0.02451360003228753,"standard_error":0.03704328185723907},"median":{"confidence_interval":{"confidence_level":0.95,"lower_bound":-0.15078961792421086,"upper_bound":0.03901933588523021},"point_estimate":0.003741347213435997,"standard_error":0.053559163264110136}}