{"mean":{"confidence_interval":{"confidence_level":0.95,"lower_bound":-0.03209121404528659,"upper_bound":-0.0049519744448874884},"point_estimate":-0.018333080873855767,"standard_error":0.006965243067739438},"median":{"confidence_interval":{"confidence_level":0.95,"lower_bound":-0.04011077151074094,"upper_bound":0.002506367425622047},"point_estimate":-0.007518463717187451,"standard_error":0.012549580959099475}}