{"mean":{"confidence_interval":{"confidence_level":0.95,"lower_bound":0.11442196489908142,"upper_bound":1.1691299022006842},"point_estimate":0.5542109722255746,"standard_error":0.2766877076107458},"median":{"confidence_interval":{"confidence_level":0.95,"lower_bound":0.10666600923142622,"upper_bound":1.2035450375405676},"point_estimate":0.1535754147573154,"standard_error":0.26644944674541043}}