{"mean":{"confidence_interval":{"confidence_level":0.95,"lower_bound":0.0103154984931953,"upper_bound":0.07253583941554193},"point_estimate":0.03694581078787196,"standard_error":0.016352980662412746},"median":{"confidence_interval":{"confidence_level":0.95,"lower_bound":0.010770259770350288,"upper_bound":0.07168868049561117},"point_estimate":0.01964336969260061,"standard_error":0.014201832437630088}}