{"mean":{"confidence_interval":{"confidence_level":0.95,"lower_bound":-0.044369226057023606,"upper_bound":0.005631520889985798},"point_estimate":-0.017743426197163736,"standard_error":0.012894585378320798},"median":{"confidence_interval":{"confidence_level":0.95,"lower_bound":-0.04000871557190622,"upper_bound":0.0014432660057623892},"point_estimate":-0.0033622446378878124,"standard_error":0.009212661079836641}}