{"mean":{"confidence_interval":{"confidence_level":0.95,"lower_bound":-0.13603607127021639,"upper_bound":-0.06653370706345917},"point_estimate":-0.09637774060622162,"standard_error":0.018909302457333375},"median":{"confidence_interval":{"confidence_level":0.95,"lower_bound":-0.11220744362977708,"upper_bound":-0.0625300262202444},"point_estimate":-0.07048841072296763,"standard_error":0.010320129019495777}}