{"mean":{"confidence_interval":{"confidence_level":0.95,"lower_bound":761337.8333883106,"upper_bound":767164.0354552654},"point_estimate":763902.052553986,"standard_error":1495.376993571266},"median":{"confidence_interval":{"confidence_level":0.95,"lower_bound":760325.4525,"upper_bound":762299.72},"point_estimate":761629.095212766,"standard_error":539.8096760749088},"median_abs_dev":{"confidence_interval":{"confidence_level":0.95,"lower_bound":1937.7299255984606,"upper_bound":4045.714217534719},"point_estimate":2948.8489876474873,"standard_error":532.5899258148849},"slope":{"confidence_interval":{"confidence_level":0.95,"lower_bound":761801.7453947446,"upper_bound":771898.134638014},"point_estimate":766121.2398415841,"standard_error":2595.259969194264},"std_dev":{"confidence_interval":{"confidence_level":0.95,"lower_bound":3552.3874187622505,"upper_bound":15466.899750308397},"point_estimate":10735.805001625973,"standard_error":2986.6017368035623}}