{"mean":{"confidence_interval":{"confidence_level":0.95,"lower_bound":763915.7682417923,"upper_bound":781221.497921273},"point_estimate":771417.300544777,"standard_error":4431.819044938191},"median":{"confidence_interval":{"confidence_level":0.95,"lower_bound":762537.2625,"upper_bound":765082.7523809524},"point_estimate":763631.96,"standard_error":499.1505819392085},"median_abs_dev":{"confidence_interval":{"confidence_level":0.95,"lower_bound":2233.0845791047705,"upper_bound":4251.312182023938},"point_estimate":3263.1170074527145,"standard_error":508.33869024357386},"slope":{"confidence_interval":{"confidence_level":0.95,"lower_bound":763190.6236802562,"upper_bound":775698.9405006967},"point_estimate":767812.25062318,"standard_error":3413.5523521094406},"std_dev":{"confidence_interval":{"confidence_level":0.95,"lower_bound":3895.7382552627428,"upper_bound":47217.75688205098},"point_estimate":31616.945030126088,"standard_error":10450.269345068962}}