{"mean":{"confidence_interval":{"confidence_level":0.95,"lower_bound":763352.0484566434,"upper_bound":770356.7404221937},"point_estimate":766537.4734620076,"standard_error":1800.6929146641585},"median":{"confidence_interval":{"confidence_level":0.95,"lower_bound":761478.0121530383,"upper_bound":765680.7788888889},"point_estimate":763559.2469387755,"standard_error":1248.2298909160515},"median_abs_dev":{"confidence_interval":{"confidence_level":0.95,"lower_bound":4338.241960480752,"upper_bound":8654.37998483706},"point_estimate":6412.448743656295,"standard_error":1104.0338885751635},"slope":{"confidence_interval":{"confidence_level":0.95,"lower_bound":762759.948846079,"upper_bound":767721.2220297444},"point_estimate":764893.102196855,"standard_error":1263.8927559073263},"std_dev":{"confidence_interval":{"confidence_level":0.95,"lower_bound":6207.6891311536265,"upper_bound":17856.099150778573},"point_estimate":12853.66071406485,"standard_error":3014.1854291346017}}