{"mean":{"confidence_interval":{"confidence_level":0.95,"lower_bound":-0.2708005626366716,"upper_bound":-0.12832205102192934},"point_estimate":-0.2030758027449685,"standard_error":0.03643716936322302},"median":{"confidence_interval":{"confidence_level":0.95,"lower_bound":-0.3056121938462004,"upper_bound":-0.09987320405825195},"point_estimate":-0.1757053226765487,"standard_error":0.05253323788172633}}