{"mean":{"confidence_interval":{"confidence_level":0.95,"lower_bound":0.13781242343173486,"upper_bound":0.36198087833570614},"point_estimate":0.24813902807336952,"standard_error":0.05603390948871363},"median":{"confidence_interval":{"confidence_level":0.95,"lower_bound":0.11104310424296471,"upper_bound":0.42620229694030565},"point_estimate":0.20171983189751175,"standard_error":0.0846646632892135}}