{"mean":{"confidence_interval":{"confidence_level":0.95,"lower_bound":0.008548379066737572,"upper_bound":0.022124295449903242},"point_estimate":0.013647651868711197,"standard_error":0.00364131444403642},"median":{"confidence_interval":{"confidence_level":0.95,"lower_bound":0.0076415936270259905,"upper_bound":0.012922655723004217},"point_estimate":0.009331792998332533,"standard_error":0.0019784183099807546}}