{"mean":{"confidence_interval":{"confidence_level":0.95,"lower_bound":-0.012278617344032624,"upper_bound":0.011412019432458459},"point_estimate":-0.0006104427292635828,"standard_error":0.005997152833831003},"median":{"confidence_interval":{"confidence_level":0.95,"lower_bound":-0.008988221765557358,"upper_bound":0.014701132770215786},"point_estimate":-0.002718603892029825,"standard_error":0.0058861280514758176}}