{"mean":{"confidence_interval":{"confidence_level":0.95,"lower_bound":-0.15774403811232812,"upper_bound":-0.03915045838784248},"point_estimate":-0.0853466973558108,"standard_error":0.03530055662232087},"median":{"confidence_interval":{"confidence_level":0.95,"lower_bound":-0.06325353047130189,"upper_bound":-0.03609056907523811},"point_estimate":-0.044979662257480624,"standard_error":0.009505278361893752}}