{"mean":{"confidence_interval":{"confidence_level":0.95,"lower_bound":-0.004012533320234102,"upper_bound":0.002463403716330248},"point_estimate":-0.0005209201527837104,"standard_error":0.0016561789357648154},"median":{"confidence_interval":{"confidence_level":0.95,"lower_bound":0.00027724368039772074,"upper_bound":0.004203227398927423},"point_estimate":0.0032720747210388534,"standard_error":0.0009508462281022706}}