{"mean":{"confidence_interval":{"confidence_level":0.95,"lower_bound":-0.01176463465437893,"upper_bound":-0.00046967142621696744},"point_estimate":-0.00578273199966417,"standard_error":0.0028926149886777043},"median":{"confidence_interval":{"confidence_level":0.95,"lower_bound":-0.004295142397207075,"upper_bound":-0.0005066299944878061},"point_estimate":-0.0021219432375241265,"standard_error":0.0009952475511293252}}