{"mean":{"confidence_interval":{"confidence_level":0.95,"lower_bound":0.005094072144820093,"upper_bound":0.0234391340668114},"point_estimate":0.013675648812916164,"standard_error":0.004819947105134676},"median":{"confidence_interval":{"confidence_level":0.95,"lower_bound":0.0022979724079179586,"upper_bound":0.020959106501058367},"point_estimate":0.00666525339542523,"standard_error":0.006036423874173395}}