{"mean":{"confidence_interval":{"confidence_level":0.95,"lower_bound":-0.019764293349040396,"upper_bound":-0.001515446289803787},"point_estimate":-0.00985844519319845,"standard_error":0.004678118426695836},"median":{"confidence_interval":{"confidence_level":0.95,"lower_bound":-0.022285877214667793,"upper_bound":0.002299229906013167},"point_estimate":-0.004312460016230424,"standard_error":0.005945955613935902}}