{"mean":{"confidence_interval":{"confidence_level":0.95,"lower_bound":-0.005420421802363462,"upper_bound":0.018237048739268614},"point_estimate":0.005872058410626213,"standard_error":0.005996955932523665},"median":{"confidence_interval":{"confidence_level":0.95,"lower_bound":-0.004394798578291281,"upper_bound":0.02508934607365143},"point_estimate":0.005843405348158859,"standard_error":0.0071231682118665565}}