{"mean":{"confidence_interval":{"confidence_level":0.95,"lower_bound":-0.010808561636527103,"upper_bound":0.010509345384403127},"point_estimate":-0.0004398664684536202,"standard_error":0.005471264269974474},"median":{"confidence_interval":{"confidence_level":0.95,"lower_bound":-0.007281333041954108,"upper_bound":0.0058016880881335275},"point_estimate":-0.0004596722222068861,"standard_error":0.003840249305496493}}