{"mean":{"confidence_interval":{"confidence_level":0.95,"lower_bound":0.012840780648814673,"upper_bound":0.16871817869522665},"point_estimate":0.06946399412881932,"standard_error":0.044653150851859114},"median":{"confidence_interval":{"confidence_level":0.95,"lower_bound":0.006375590474059001,"upper_bound":0.053127334051000785},"point_estimate":0.034524137975334046,"standard_error":0.017354997460237165}}