{"mean":{"confidence_interval":{"confidence_level":0.95,"lower_bound":68359911.90249999,"upper_bound":68759793.1775},"point_estimate":68552017.33333333,"standard_error":101822.86998850826},"median":{"confidence_interval":{"confidence_level":0.95,"lower_bound":68181287.5,"upper_bound":68701665.0},"point_estimate":68521116.5,"standard_error":137148.23057577622},"median_abs_dev":{"confidence_interval":{"confidence_level":0.95,"lower_bound":318008.79875421524,"upper_bound":777913.9051392674},"point_estimate":580392.2997459769,"standard_error":119084.06724351486},"slope":null,"std_dev":{"confidence_interval":{"confidence_level":0.95,"lower_bound":398996.1678997353,"upper_bound":693137.404921449},"point_estimate":569625.2087536992,"standard_error":75635.7467965131}}