{"mean":{"confidence_interval":{"confidence_level":0.95,"lower_bound":102101717.2725,"upper_bound":103500503.3025},"point_estimate":102695582.06,"standard_error":362530.50010075484},"median":{"confidence_interval":{"confidence_level":0.95,"lower_bound":101925937.0,"upper_bound":102209021.0},"point_estimate":102043753.0,"standard_error":76881.78367106317},"median_abs_dev":{"confidence_interval":{"confidence_level":0.95,"lower_bound":194322.89595007896,"upper_bound":453768.2544440031},"point_estimate":330272.1244364977,"standard_error":69614.13948642788},"slope":null,"std_dev":{"confidence_interval":{"confidence_level":0.95,"lower_bound":324297.9745153321,"upper_bound":3987771.582076025},"point_estimate":2589681.8496627165,"standard_error":919523.2785868159}}