{"mean":{"confidence_interval":{"confidence_level":0.95,"lower_bound":68132847.96275,"upper_bound":69473380.72175},"point_estimate":68715933.17,"standard_error":345884.5344503358},"median":{"confidence_interval":{"confidence_level":0.95,"lower_bound":67899560.0,"upper_bound":68060001.0},"point_estimate":67994835.25,"standard_error":39978.38520355182},"median_abs_dev":{"confidence_interval":{"confidence_level":0.95,"lower_bound":147171.39833718538,"upper_bound":332298.8386005163},"point_estimate":215714.21902030706,"standard_error":47950.19284007484},"slope":null,"std_dev":{"confidence_interval":{"confidence_level":0.95,"lower_bound":796618.5744835042,"upper_bound":3690816.0516813826},"point_estimate":2486556.563754626,"standard_error":754175.1244975918}}