{"mean":{"confidence_interval":{"confidence_level":0.95,"lower_bound":68242591.82625,"upper_bound":68654324.5475},"point_estimate":68443535.9,"standard_error":105390.66905667774},"median":{"confidence_interval":{"confidence_level":0.95,"lower_bound":68032161.5,"upper_bound":68733751.0},"point_estimate":68491259.0,"standard_error":200864.8001150952},"median_abs_dev":{"confidence_interval":{"confidence_level":0.95,"lower_bound":344966.5434256196,"upper_bound":1070618.4288427234},"point_estimate":680657.941415906,"standard_error":169314.76363975045},"slope":null,"std_dev":{"confidence_interval":{"confidence_level":0.95,"lower_bound":461817.67403676704,"upper_bound":681409.0984627017},"point_estimate":587835.8332115706,"standard_error":56155.74817234044}}