{"mean":{"confidence_interval":{"confidence_level":0.95,"lower_bound":68110999.58749999,"upper_bound":70216608.63575001},"point_estimate":68939077.52,"standard_error":557724.902366392},"median":{"confidence_interval":{"confidence_level":0.95,"lower_bound":67836188.5,"upper_bound":67999497.5},"point_estimate":67929412.5,"standard_error":42756.95626922651},"median_abs_dev":{"confidence_interval":{"confidence_level":0.95,"lower_bound":160033.32375884056,"upper_bound":367551.35947465897},"point_estimate":247229.84666079283,"standard_error":55344.89853418461},"slope":null,"std_dev":{"confidence_interval":{"confidence_level":0.95,"lower_bound":860071.730391268,"upper_bound":6439417.953251435},"point_estimate":3978233.417229399,"standard_error":1720036.4558185132}}