{"mean":{"confidence_interval":{"confidence_level":0.95,"lower_bound":102750672.544,"upper_bound":103544715.083},"point_estimate":103108709.3,"standard_error":204377.94906499187},"median":{"confidence_interval":{"confidence_level":0.95,"lower_bound":102449679.0,"upper_bound":103103071.5},"point_estimate":102764292.0,"standard_error":176364.18086376615},"median_abs_dev":{"confidence_interval":{"confidence_level":0.95,"lower_bound":539971.0647135973,"upper_bound":1018606.2272161245},"point_estimate":815535.250121355,"standard_error":125708.10226703985},"slope":null,"std_dev":{"confidence_interval":{"confidence_level":0.95,"lower_bound":728907.5438043213,"upper_bound":2020161.2671568925},"point_estimate":1460290.6759005524,"standard_error":328934.8170238539}}