{"mean":{"confidence_interval":{"confidence_level":0.95,"lower_bound":102291229.1465,"upper_bound":103063752.008},"point_estimate":102629640.64,"standard_error":200007.22136257848},"median":{"confidence_interval":{"confidence_level":0.95,"lower_bound":102102466.0,"upper_bound":102363236.5},"point_estimate":102207673.0,"standard_error":63995.3596876379},"median_abs_dev":{"confidence_interval":{"confidence_level":0.95,"lower_bound":202014.62461352348,"upper_bound":460333.2071274519},"point_estimate":357951.5246450901,"standard_error":66445.5885961681},"slope":null,"std_dev":{"confidence_interval":{"confidence_level":0.95,"lower_bound":425864.70005301497,"upper_bound":2079986.0254785726},"point_estimate":1425646.0861397479,"standard_error":409959.8788347483}}