{"mean":{"confidence_interval":{"confidence_level":0.95,"lower_bound":102333425.74900001,"upper_bound":102630555.2395},"point_estimate":102477378.46,"standard_error":75933.8219770229},"median":{"confidence_interval":{"confidence_level":0.95,"lower_bound":102136528.0,"upper_bound":102676729.0},"point_estimate":102315046.0,"standard_error":134898.36988359867},"median_abs_dev":{"confidence_interval":{"confidence_level":0.95,"lower_bound":314666.27711355686,"upper_bound":753010.3027313948},"point_estimate":562743.0590093136,"standard_error":99266.66332696698},"slope":null,"std_dev":{"confidence_interval":{"confidence_level":0.95,"lower_bound":428977.96700740495,"upper_bound":630299.7394159691},"point_estimate":542500.1659151147,"standard_error":51336.249350703074}}