{"mean":{"confidence_interval":{"confidence_level":0.95,"lower_bound":68061898.69583334,"upper_bound":68609011.23875},"point_estimate":68292738.23333333,"standard_error":141992.01672277309},"median":{"confidence_interval":{"confidence_level":0.95,"lower_bound":67966286.0,"upper_bound":68193616.75},"point_estimate":68073974.0,"standard_error":62230.7311656617},"median_abs_dev":{"confidence_interval":{"confidence_level":0.95,"lower_bound":153733.0151706934,"upper_bound":466629.43856567144},"point_estimate":277220.24957835674,"standard_error":79395.10034145878},"slope":null,"std_dev":{"confidence_interval":{"confidence_level":0.95,"lower_bound":283043.3455139184,"upper_bound":1203229.1954309873},"point_estimate":791038.8258374262,"standard_error":271862.24133362196}}