{"mean":{"confidence_interval":{"confidence_level":0.95,"lower_bound":101979766.7395,"upper_bound":102145589.61299999},"point_estimate":102055363.84,"standard_error":42417.08314477497},"median":{"confidence_interval":{"confidence_level":0.95,"lower_bound":101908393.5,"upper_bound":102065035.0},"point_estimate":101986257.5,"standard_error":42471.68755504695},"median_abs_dev":{"confidence_interval":{"confidence_level":0.95,"lower_bound":116526.42753124237,"upper_bound":281684.358099103},"point_estimate":194922.60763943195,"standard_error":39601.25341039598},"slope":null,"std_dev":{"confidence_interval":{"confidence_level":0.95,"lower_bound":178459.97044333103,"upper_bound":421205.5077405941},"point_estimate":302376.90507832996,"standard_error":66375.73403386286}}