{"mean":{"confidence_interval":{"confidence_level":0.95,"lower_bound":588398.5165259059,"upper_bound":598979.8230458221},"point_estimate":593745.1546391135,"standard_error":2724.9578008648127},"median":{"confidence_interval":{"confidence_level":0.95,"lower_bound":585364.0396226415,"upper_bound":602266.8375262055},"point_estimate":594143.0440251572,"standard_error":4543.941370918568},"median_abs_dev":{"confidence_interval":{"confidence_level":0.95,"lower_bound":2580.929615688703,"upper_bound":14997.574162670702},"point_estimate":12116.29512394939,"standard_error":3381.714650710132},"slope":{"confidence_interval":{"confidence_level":0.95,"lower_bound":588889.2826601395,"upper_bound":601901.9807012139},"point_estimate":595387.0315118843,"standard_error":3442.5643802226095},"std_dev":{"confidence_interval":{"confidence_level":0.95,"lower_bound":5651.236765550337,"upper_bound":10793.187930011107},"point_estimate":9093.111544545694,"standard_error":1301.2858237636217}}