{"mean":{"confidence_interval":{"confidence_level":0.95,"lower_bound":0.0010001683331399567,"upper_bound":0.033761344979273133},"point_estimate":0.014776063279478446,"standard_error":0.008724641373632765},"median":{"confidence_interval":{"confidence_level":0.95,"lower_bound":-0.0016778144908985437,"upper_bound":0.006477648758686172},"point_estimate":0.0026595006621006334,"standard_error":0.00202356764214995}}