{"mean":{"confidence_interval":{"confidence_level":0.95,"lower_bound":-0.0019649121676146514,"upper_bound":0.009184136812207342},"point_estimate":0.0032354185645278033,"standard_error":0.0029107510925453655},"median":{"confidence_interval":{"confidence_level":0.95,"lower_bound":-0.0026156479262705594,"upper_bound":0.0011658286128366502},"point_estimate":-0.0010169521197380682,"standard_error":0.0009342857661376813}}