{"mean":{"confidence_interval":{"confidence_level":0.95,"lower_bound":-0.002386804020011007,"upper_bound":0.0030777879974871387},"point_estimate":0.0002785921650025891,"standard_error":0.0013909187371434425},"median":{"confidence_interval":{"confidence_level":0.95,"lower_bound":-0.0025662868981537468,"upper_bound":0.0027128676120549144},"point_estimate":0.001054393203467452,"standard_error":0.0014001354468562983}}