{"mean":{"confidence_interval":{"confidence_level":0.95,"lower_bound":0.0038342679338871535,"upper_bound":0.023462306163141322},"point_estimate":0.012809985860462003,"standard_error":0.004947909783370698},"median":{"confidence_interval":{"confidence_level":0.95,"lower_bound":0.0038678494673147767,"upper_bound":0.01279247633092706},"point_estimate":0.007629232831166011,"standard_error":0.0022081701194319606}}