{"mean":{"confidence_interval":{"confidence_level":0.95,"lower_bound":0.0031900862434235755,"upper_bound":0.013834058461707776},"point_estimate":0.008083419706364836,"standard_error":0.0028476332408765817},"median":{"confidence_interval":{"confidence_level":0.95,"lower_bound":0.0019351361563941794,"upper_bound":0.01078714869581443},"point_estimate":0.006535358646228229,"standard_error":0.002239178490021861}}