{"mean":{"confidence_interval":{"confidence_level":0.95,"lower_bound":-0.0018274098918807198,"upper_bound":0.006998679724354406},"point_estimate":0.002155385893447548,"standard_error":0.002246353659228512},"median":{"confidence_interval":{"confidence_level":0.95,"lower_bound":-0.004645211255520865,"upper_bound":0.004353924536163678},"point_estimate":-0.0022607413580382207,"standard_error":0.0022600782602201215}}