{"mean":{"confidence_interval":{"confidence_level":0.95,"lower_bound":-0.017583899051992945,"upper_bound":-0.00855541197158558},"point_estimate":-0.012658519536196122,"standard_error":0.0022882388880786095},"median":{"confidence_interval":{"confidence_level":0.95,"lower_bound":-0.015140259374057163,"upper_bound":-0.009949502124078524},"point_estimate":-0.012760855587133357,"standard_error":0.0013319855059377146}}