{"mean":{"confidence_interval":{"confidence_level":0.95,"lower_bound":-0.03533710095572963,"upper_bound":-0.0020439011565599463},"point_estimate":-0.015927109217914737,"standard_error":0.008636032794917762},"median":{"confidence_interval":{"confidence_level":0.95,"lower_bound":-0.010245753480338515,"upper_bound":-0.0024776068934497402},"point_estimate":-0.007687049520668232,"standard_error":0.002042807186159512}}