{"mean":{"confidence_interval":{"confidence_level":0.95,"lower_bound":-0.0335791783894193,"upper_bound":0.0016552478928972825},"point_estimate":-0.012679331715711117,"standard_error":0.009354230619054821},"median":{"confidence_interval":{"confidence_level":0.95,"lower_bound":-0.002555918925955525,"upper_bound":0.001699773624227241},"point_estimate":-0.001389731920155346,"standard_error":0.001213737832038631}}