{"mean":{"confidence_interval":{"confidence_level":0.95,"lower_bound":-0.004843076782629296,"upper_bound":0.002477467236029824},"point_estimate":-0.0010648591440926003,"standard_error":0.0018485126863229903},"median":{"confidence_interval":{"confidence_level":0.95,"lower_bound":-0.0021133384154345958,"upper_bound":0.0022329614459235536},"point_estimate":0.000635716806612896,"standard_error":0.0010955913070174877}}