{"mean":{"confidence_interval":{"confidence_level":0.95,"lower_bound":-0.01101995948865602,"upper_bound":0.007182228985034733},"point_estimate":-0.000698135888039797,"standard_error":0.004729416331600731},"median":{"confidence_interval":{"confidence_level":0.95,"lower_bound":0.0018511054602214916,"upper_bound":0.00825293640045121},"point_estimate":0.006149507292744438,"standard_error":0.0016561727901155865}}