{"mean":{"confidence_interval":{"confidence_level":0.95,"lower_bound":-0.009944111577910197,"upper_bound":-0.0005436370000010727},"point_estimate":-0.004801138116694248,"standard_error":0.002402512532704412},"median":{"confidence_interval":{"confidence_level":0.95,"lower_bound":-0.005237902191403585,"upper_bound":0.00074198612818277},"point_estimate":-0.001291347712862212,"standard_error":0.0015204987695883645}}