{"mean":{"confidence_interval":{"confidence_level":0.95,"lower_bound":0.009254334059821696,"upper_bound":0.016136917925611227},"point_estimate":0.01234373518685472,"standard_error":0.0017201798580095834},"median":{"confidence_interval":{"confidence_level":0.95,"lower_bound":0.00915189357219015,"upper_bound":0.017781432051993784},"point_estimate":0.015683175694464424,"standard_error":0.002157205122294065}}