{"mean":{"confidence_interval":{"confidence_level":0.95,"lower_bound":-0.004592659871101361,"upper_bound":0.0004956293305904717},"point_estimate":-0.0019531660577631893,"standard_error":0.0013033368706240427},"median":{"confidence_interval":{"confidence_level":0.95,"lower_bound":-0.005485607680893012,"upper_bound":0.00072953031646672},"point_estimate":-0.0038254096896169765,"standard_error":0.001670048321749729}}