{"mean":{"confidence_interval":{"confidence_level":0.95,"lower_bound":-0.009389448808942324,"upper_bound":0.00435692162290624},"point_estimate":-0.002007068262171896,"standard_error":0.003514478530491982},"median":{"confidence_interval":{"confidence_level":0.95,"lower_bound":-0.001887819379137956,"upper_bound":0.0015066621647270573},"point_estimate":-0.00009865516776974559,"standard_error":0.0008481802525732004}}