{"mean":{"confidence_interval":{"confidence_level":0.95,"lower_bound":-0.0017372006767479389,"upper_bound":0.03394200589829525},"point_estimate":0.012379737391474022,"standard_error":0.008727022834860232},"median":{"confidence_interval":{"confidence_level":0.95,"lower_bound":-0.0007262938504746241,"upper_bound":0.002253861810986413},"point_estimate":0.0008833405054740062,"standard_error":0.0007500733452723445}}