{"mean":{"confidence_interval":{"confidence_level":0.95,"lower_bound":434368814.4,"upper_bound":435505551.0},"point_estimate":434804423.8,"standard_error":317014.21701690496},"median":{"confidence_interval":{"confidence_level":0.95,"lower_bound":434264218.0,"upper_bound":434805715.5},"point_estimate":434439864.5,"standard_error":198710.00833658926},"median_abs_dev":{"confidence_interval":{"confidence_level":0.95,"lower_bound":33153.900611400604,"upper_bound":713186.1848384142},"point_estimate":299994.46777403355,"standard_error":193715.66713588728},"slope":null,"std_dev":{"confidence_interval":{"confidence_level":0.95,"lower_bound":189071.08172287882,"upper_bound":1613882.7233362265},"point_estimate":1054890.0784523897,"standard_error":489327.85804412235}}