{"mean":{"confidence_interval":{"confidence_level":0.95,"lower_bound":-0.006549147163522372,"upper_bound":-0.0038592087653980473},"point_estimate":-0.005161301492223158,"standard_error":0.0006769412784191162},"median":{"confidence_interval":{"confidence_level":0.95,"lower_bound":-0.006305571661489928,"upper_bound":-0.004225714423489069},"point_estimate":-0.005062330756119393,"standard_error":0.0005271284379370188}}