{"mean":{"confidence_interval":{"confidence_level":0.95,"lower_bound":-0.0004187283665453593,"upper_bound":0.007718144199835941},"point_estimate":0.0034556669061434064,"standard_error":0.0020752889521262726},"median":{"confidence_interval":{"confidence_level":0.95,"lower_bound":0.001637919427763146,"upper_bound":0.005912621134870122},"point_estimate":0.0036211935503973613,"standard_error":0.0010045880484721393}}