{"mean":{"confidence_interval":{"confidence_level":0.95,"lower_bound":-0.0002406529228997504,"upper_bound":0.010582303102490143},"point_estimate":0.004908599208545361,"standard_error":0.002761735164829757},"median":{"confidence_interval":{"confidence_level":0.95,"lower_bound":0.0020053293864230604,"upper_bound":0.005906521884433474},"point_estimate":0.0039675990337719735,"standard_error":0.0009940139366861765}}