{"mean":{"confidence_interval":{"confidence_level":0.95,"lower_bound":0.0013126427286893616,"upper_bound":0.011202400258875903},"point_estimate":0.005177151257863111,"standard_error":0.002635479495096269},"median":{"confidence_interval":{"confidence_level":0.95,"lower_bound":0.001315748501673042,"upper_bound":0.004397029367244842},"point_estimate":0.0029992187907732504,"standard_error":0.0007460850630764628}}