{"mean":{"confidence_interval":{"confidence_level":0.95,"lower_bound":0.015301525232398222,"upper_bound":0.026351509425727736},"point_estimate":0.021034132844774955,"standard_error":0.0027900338559881674},"median":{"confidence_interval":{"confidence_level":0.95,"lower_bound":0.018088299143381576,"upper_bound":0.024558519162024783},"point_estimate":0.021076415756714262,"standard_error":0.0017468964214189663}}