{"mean":{"confidence_interval":{"confidence_level":0.95,"lower_bound":-0.009919784193935466,"upper_bound":-0.002033588080365445},"point_estimate":-0.005839375224005017,"standard_error":0.0020050645191404966},"median":{"confidence_interval":{"confidence_level":0.95,"lower_bound":-0.00772509705409774,"upper_bound":-0.004195097451573337},"point_estimate":-0.006380002788386907,"standard_error":0.0008949623766775927}}