{"mean":{"confidence_interval":{"confidence_level":0.95,"lower_bound":0.010470299219798458,"upper_bound":0.01810699668302483},"point_estimate":0.013928690817794465,"standard_error":0.0018929051449741176},"median":{"confidence_interval":{"confidence_level":0.95,"lower_bound":0.010497990634716459,"upper_bound":0.014193687457043191},"point_estimate":0.012489744696571714,"standard_error":0.0009572454213349571}}