{"mean":{"confidence_interval":{"confidence_level":0.95,"lower_bound":0.0010780723681517064,"upper_bound":0.007806557352588909},"point_estimate":0.004368772106518648,"standard_error":0.0017829534796280843},"median":{"confidence_interval":{"confidence_level":0.95,"lower_bound":0.00015473144260158556,"upper_bound":0.00356029207522357},"point_estimate":0.0020027592873947953,"standard_error":0.000876451733925606}}