{"mean":{"confidence_interval":{"confidence_level":0.95,"lower_bound":-0.007516597913110467,"upper_bound":-0.004729700994581003},"point_estimate":-0.006182942484131537,"standard_error":0.0007079198981165181},"median":{"confidence_interval":{"confidence_level":0.95,"lower_bound":-0.007237739486798955,"upper_bound":-0.004602544570287415},"point_estimate":-0.006178509813529298,"standard_error":0.0006277527560592235}}