{"mean":{"confidence_interval":{"confidence_level":0.95,"lower_bound":-0.01797489635730154,"upper_bound":-0.00979703284809541},"point_estimate":-0.013388845808876115,"standard_error":0.0021150821268764324},"median":{"confidence_interval":{"confidence_level":0.95,"lower_bound":-0.011257321500602213,"upper_bound":-0.009033149182297584},"point_estimate":-0.010243874671799658,"standard_error":0.0005630431396966033}}