{"mean":{"confidence_interval":{"confidence_level":0.95,"lower_bound":-0.02370597835595503,"upper_bound":-0.01325572169713077},"point_estimate":-0.018289416276653703,"standard_error":0.0026694040016551164},"median":{"confidence_interval":{"confidence_level":0.95,"lower_bound":-0.02057048558137986,"upper_bound":-0.014444481287715706},"point_estimate":-0.01724099801877732,"standard_error":0.0016774207377692127}}