{"mean":{"confidence_interval":{"confidence_level":0.95,"lower_bound":-0.009129739975092366,"upper_bound":-0.0033247792549904232},"point_estimate":-0.005913164110950664,"standard_error":0.001488038833808804},"median":{"confidence_interval":{"confidence_level":0.95,"lower_bound":-0.005534751144337004,"upper_bound":-0.003238103437186779},"point_estimate":-0.004524287205051047,"standard_error":0.000576336406745997}}