{"mean":{"confidence_interval":{"confidence_level":0.95,"lower_bound":0.00645098025427604,"upper_bound":0.008769996155004687},"point_estimate":0.007645210892950782,"standard_error":0.0005959772716979675},"median":{"confidence_interval":{"confidence_level":0.95,"lower_bound":0.006318030369625305,"upper_bound":0.008555091674421256},"point_estimate":0.00734516252160633,"standard_error":0.000545485225515897}}