{"mean":{"confidence_interval":{"confidence_level":0.95,"lower_bound":-0.0025271669018381094,"upper_bound":0.00572088985135168},"point_estimate":0.00179114407130343,"standard_error":0.002110658821070654},"median":{"confidence_interval":{"confidence_level":0.95,"lower_bound":-0.00033887681715139006,"upper_bound":0.0030046757403674462},"point_estimate":0.0016300191340039571,"standard_error":0.0007714675353835418}}