{"mean":{"confidence_interval":{"confidence_level":0.95,"lower_bound":-0.005417855280095744,"upper_bound":-0.00005617422272029733},"point_estimate":-0.0024538958230431174,"standard_error":0.001376534697899348},"median":{"confidence_interval":{"confidence_level":0.95,"lower_bound":-0.002301834352036791,"upper_bound":0.0006411280401056647},"point_estimate":-0.0010514495622943043,"standard_error":0.0007700764192627696}}