{"mean":{"confidence_interval":{"confidence_level":0.95,"lower_bound":-0.008035468431080939,"upper_bound":-0.0041549641719100805},"point_estimate":-0.006044034271790344,"standard_error":0.0009894602657130828},"median":{"confidence_interval":{"confidence_level":0.95,"lower_bound":-0.0071716610338088405,"upper_bound":-0.0035563470631301275},"point_estimate":-0.005021824184008095,"standard_error":0.000907472422726553}}