{"mean":{"confidence_interval":{"confidence_level":0.95,"lower_bound":0.0008834332181868984,"upper_bound":0.007848283249447252},"point_estimate":0.004411466317513435,"standard_error":0.0018039339074126714},"median":{"confidence_interval":{"confidence_level":0.95,"lower_bound":-0.000548159626997835,"upper_bound":0.0032745123304058765},"point_estimate":0.0013869807803035261,"standard_error":0.000986392840353849}}