{"mean":{"confidence_interval":{"confidence_level":0.95,"lower_bound":0.0067101015115703395,"upper_bound":0.020620842576761778},"point_estimate":0.012585491408834804,"standard_error":0.003418130272303777},"median":{"confidence_interval":{"confidence_level":0.95,"lower_bound":0.011226376675005145,"upper_bound":0.01569908565880633},"point_estimate":0.01341474225896011,"standard_error":0.0011245922880414865}}