{"mean":{"confidence_interval":{"confidence_level":0.95,"lower_bound":0.002023985701929521,"upper_bound":0.011725254467837658},"point_estimate":0.006882287536881693,"standard_error":0.0024471657690993643},"median":{"confidence_interval":{"confidence_level":0.95,"lower_bound":0.0010295191982727658,"upper_bound":0.011811366746642626},"point_estimate":0.005368194311814234,"standard_error":0.0027743567237958253}}