{"mean":{"confidence_interval":{"confidence_level":0.95,"lower_bound":-0.002463514459537408,"upper_bound":0.005701739766251633},"point_estimate":0.0013971985830989464,"standard_error":0.00207539656889994},"median":{"confidence_interval":{"confidence_level":0.95,"lower_bound":-0.0020605901420519546,"upper_bound":0.0023263334828342863},"point_estimate":0.00039698092749906877,"standard_error":0.0011095387122719823}}