{"mean":{"confidence_interval":{"confidence_level":0.95,"lower_bound":-0.008798833829723351,"upper_bound":-0.0009266498582582493},"point_estimate":-0.004510415981270666,"standard_error":0.002015826614957194},"median":{"confidence_interval":{"confidence_level":0.95,"lower_bound":-0.0022177885339876857,"upper_bound":0.0012157314877672132},"point_estimate":-0.0006642050335073924,"standard_error":0.0009072287553095758}}