{"mean":{"confidence_interval":{"confidence_level":0.95,"lower_bound":-0.008681488398371129,"upper_bound":0.007733939248572993},"point_estimate":0.0006943409814121893,"standard_error":0.0042548769384381496},"median":{"confidence_interval":{"confidence_level":0.95,"lower_bound":-0.00040263991160316426,"upper_bound":0.002150058978117375},"point_estimate":0.001232119753469929,"standard_error":0.0006752545179342177}}