{"mean":{"confidence_interval":{"confidence_level":0.95,"lower_bound":-0.0026709041380922004,"upper_bound":0.011641329625816441},"point_estimate":0.003254655033182452,"standard_error":0.003742793260973207},"median":{"confidence_interval":{"confidence_level":0.95,"lower_bound":-0.000849647683996757,"upper_bound":0.002126867578348124},"point_estimate":0.0001912906454695218,"standard_error":0.0007788811553244165}}