{"mean":{"confidence_interval":{"confidence_level":0.95,"lower_bound":-0.020737065388701237,"upper_bound":-0.005743851826305879},"point_estimate":-0.012473831261438861,"standard_error":0.0038460154818484777},"median":{"confidence_interval":{"confidence_level":0.95,"lower_bound":-0.01332345904507426,"upper_bound":-0.0034393558180628725},"point_estimate":-0.008529834555014104,"standard_error":0.0028452855738460405}}