{"mean":{"confidence_interval":{"confidence_level":0.95,"lower_bound":-0.005660370754352137,"upper_bound":0.027024503187276054},"point_estimate":0.008485427714709726,"standard_error":0.008525410174673701},"median":{"confidence_interval":{"confidence_level":0.95,"lower_bound":-0.0029395036803393504,"upper_bound":0.003058108397932191},"point_estimate":-0.0009303732999610403,"standard_error":0.0015835229187710171}}