{"mean":{"confidence_interval":{"confidence_level":0.95,"lower_bound":-0.005128226590950962,"upper_bound":0.011619579364886798},"point_estimate":0.0024410088295756527,"standard_error":0.004271276564318689},"median":{"confidence_interval":{"confidence_level":0.95,"lower_bound":-0.007074512103676711,"upper_bound":0.006525682728288462},"point_estimate":0.0004266377534656307,"standard_error":0.0036290594415904504}}