{"mean":{"confidence_interval":{"confidence_level":0.95,"lower_bound":-0.00486769975692436,"upper_bound":0.0027321455788653637},"point_estimate":-0.000785627112391718,"standard_error":0.0019127883572450102},"median":{"confidence_interval":{"confidence_level":0.95,"lower_bound":-0.0014585489195683143,"upper_bound":0.001578691735402149},"point_estimate":0.0003957079256604601,"standard_error":0.0008247531278274893}}