{"mean":{"confidence_interval":{"confidence_level":0.95,"lower_bound":-0.0018740168688549108,"upper_bound":0.004746833521679133},"point_estimate":0.001718982533529534,"standard_error":0.0016867499897287902},"median":{"confidence_interval":{"confidence_level":0.95,"lower_bound":0.001800865083168235,"upper_bound":0.005628926198553819},"point_estimate":0.00368883530338171,"standard_error":0.0009534312888476404}}