{"mean":{"confidence_interval":{"confidence_level":0.95,"lower_bound":-0.04308638240669904,"upper_bound":-0.012562291141794194},"point_estimate":-0.024880223638811483,"standard_error":0.008144930032097222},"median":{"confidence_interval":{"confidence_level":0.95,"lower_bound":-0.01989424772000703,"upper_bound":-0.014507805415440278},"point_estimate":-0.016307912242605305,"standard_error":0.0013855581453955377}}