{"mean":{"confidence_interval":{"confidence_level":0.95,"lower_bound":233640575.45025,"upper_bound":238477031.002},"point_estimate":235844211.7,"standard_error":1240526.781120097},"median":{"confidence_interval":{"confidence_level":0.95,"lower_bound":230610878.5,"upper_bound":231640076.5},"point_estimate":231138343.5,"standard_error":246735.5174570306},"median_abs_dev":{"confidence_interval":{"confidence_level":0.95,"lower_bound":1210374.6034115553,"upper_bound":2966781.881529093},"point_estimate":2009921.4954167604,"standard_error":444813.14353555045},"slope":null,"std_dev":{"confidence_interval":{"confidence_level":0.95,"lower_bound":6898228.99696343,"upper_bound":17084587.82329296},"point_estimate":12466839.407422667,"standard_error":2593694.904766299}}