{"mean":{"confidence_interval":{"confidence_level":0.95,"lower_bound":230866733.32900003,"upper_bound":232309876.09475002},"point_estimate":231546875.48,"standard_error":369495.5008126035},"median":{"confidence_interval":{"confidence_level":0.95,"lower_bound":229934730.0,"upper_bound":230673705.5},"point_estimate":230337775.0,"standard_error":190793.54370728365},"median_abs_dev":{"confidence_interval":{"confidence_level":0.95,"lower_bound":1131513.9988616114,"upper_bound":2171745.781411305},"point_estimate":1624911.0386520624,"standard_error":254873.48073998367},"slope":null,"std_dev":{"confidence_interval":{"confidence_level":0.95,"lower_bound":2496692.9315884546,"upper_bound":4741865.055790953},"point_estimate":3729964.1510706297,"standard_error":573322.2170201188}}