{"mean":{"confidence_interval":{"confidence_level":0.95,"lower_bound":230619431.81425,"upper_bound":233609901.391},"point_estimate":231886591.03,"standard_error":773942.165838534},"median":{"confidence_interval":{"confidence_level":0.95,"lower_bound":229631520.0,"upper_bound":230247457.5},"point_estimate":229802411.5,"standard_error":147973.6428674597},"median_abs_dev":{"confidence_interval":{"confidence_level":0.95,"lower_bound":818288.4382724762,"upper_bound":1592572.21590869},"point_estimate":994878.6972373724,"standard_error":191210.60208503125},"slope":null,"std_dev":{"confidence_interval":{"confidence_level":0.95,"lower_bound":3200127.3010302447,"upper_bound":12043591.733625831},"point_estimate":7765254.715348993,"standard_error":2600727.7492227983}}