{"mean":{"confidence_interval":{"confidence_level":0.95,"lower_bound":14986475.248666666,"upper_bound":15067407.531249998},"point_estimate":15025426.690000005,"standard_error":20670.763261633598},"median":{"confidence_interval":{"confidence_level":0.95,"lower_bound":14939419.416666666,"upper_bound":15004275.166666668},"point_estimate":14967678.5,"standard_error":19138.7338476641},"median_abs_dev":{"confidence_interval":{"confidence_level":0.95,"lower_bound":54621.96985151617,"upper_bound":144582.5316831465},"point_estimate":82847.43942916347,"standard_error":25428.77185094068},"slope":null,"std_dev":{"confidence_interval":{"confidence_level":0.95,"lower_bound":110760.31916784942,"upper_bound":175267.35424883466},"point_estimate":148051.07328874373,"standard_error":16435.35719782646}}