{"mean":{"confidence_interval":{"confidence_level":0.95,"lower_bound":14997397.238,"upper_bound":15171868.659000002},"point_estimate":15076016.50333333,"standard_error":44774.5373669902},"median":{"confidence_interval":{"confidence_level":0.95,"lower_bound":14931662.333333334,"upper_bound":15010812.166666666},"point_estimate":14974388.666666668,"standard_error":18102.786224065247},"median_abs_dev":{"confidence_interval":{"confidence_level":0.95,"lower_bound":67569.49380040169,"upper_bound":158486.042272563},"point_estimate":92986.32289916462,"standard_error":23781.275225552676},"slope":null,"std_dev":{"confidence_interval":{"confidence_level":0.95,"lower_bound":153032.41116084924,"upper_bound":447188.08963959035},"point_estimate":321226.6503260129,"standard_error":75982.60003294247}}