{"mean":{"confidence_interval":{"confidence_level":0.95,"lower_bound":14944597.111916669,"upper_bound":15127321.200249998},"point_estimate":15026029.68333333,"standard_error":47149.03061377823},"median":{"confidence_interval":{"confidence_level":0.95,"lower_bound":14898973.333333334,"upper_bound":14984058.0},"point_estimate":14934082.0,"standard_error":20522.800841256885},"median_abs_dev":{"confidence_interval":{"confidence_level":0.95,"lower_bound":77221.21962905207,"upper_bound":182518.86120714084},"point_estimate":137083.78811627626,"standard_error":27080.589994438462},"slope":null,"std_dev":{"confidence_interval":{"confidence_level":0.95,"lower_bound":131299.80108456998,"upper_bound":482160.4049191869},"point_estimate":336498.38920029905,"standard_error":88733.871647467}}