{"mean":{"confidence_interval":{"confidence_level":0.95,"lower_bound":15080024.179333331,"upper_bound":15195941.372416668},"point_estimate":15135751.193333337,"standard_error":29813.547318494915},"median":{"confidence_interval":{"confidence_level":0.95,"lower_bound":15043183.25,"upper_bound":15121641.666666666},"point_estimate":15072457.833333332,"standard_error":23963.721045402286},"median_abs_dev":{"confidence_interval":{"confidence_level":0.95,"lower_bound":85273.09653610176,"upper_bound":227438.59181340603},"point_estimate":153153.56568098115,"standard_error":36935.949442699326},"slope":null,"std_dev":{"confidence_interval":{"confidence_level":0.95,"lower_bound":158717.4833072179,"upper_bound":251763.872802864},"point_estimate":211673.00453403417,"standard_error":23734.527081060085}}