{"mean":{"confidence_interval":{"confidence_level":0.95,"lower_bound":14893899.932416672,"upper_bound":14989099.138333332},"point_estimate":14936459.656666664,"standard_error":24383.007661448213},"median":{"confidence_interval":{"confidence_level":0.95,"lower_bound":14871657.333333332,"upper_bound":14933223.166666666},"point_estimate":14886933.833333332,"standard_error":15674.987976798526},"median_abs_dev":{"confidence_interval":{"confidence_level":0.95,"lower_bound":57076.39248668871,"upper_bound":123725.80945342687},"point_estimate":98497.64120131731,"standard_error":17309.054247543896},"slope":null,"std_dev":{"confidence_interval":{"confidence_level":0.95,"lower_bound":91035.0985611567,"upper_bound":251417.71073503647},"point_estimate":173297.46717292638,"standard_error":45364.69733425435}}