{"mean":{"confidence_interval":{"confidence_level":0.95,"lower_bound":14750947.085749999,"upper_bound":14848990.397166664},"point_estimate":14796787.826666668,"standard_error":25076.465792400915},"median":{"confidence_interval":{"confidence_level":0.95,"lower_bound":14714566.333333332,"upper_bound":14793087.5},"point_estimate":14754845.5,"standard_error":19230.418421070197},"median_abs_dev":{"confidence_interval":{"confidence_level":0.95,"lower_bound":79798.96678328422,"upper_bound":187903.3616140494},"point_estimate":111626.55816823336,"standard_error":27920.14663055726},"slope":null,"std_dev":{"confidence_interval":{"confidence_level":0.95,"lower_bound":121330.21376560486,"upper_bound":227863.58249057218},"point_estimate":179856.84207013372,"standard_error":27118.314219742697}}