{"mean":{"confidence_interval":{"confidence_level":0.95,"lower_bound":14931862.873083333,"upper_bound":15012084.698333338},"point_estimate":14969459.03333333,"standard_error":20594.602712649994},"median":{"confidence_interval":{"confidence_level":0.95,"lower_bound":14905598.0,"upper_bound":14955849.583333332},"point_estimate":14930713.416666666,"standard_error":12808.58466865378},"median_abs_dev":{"confidence_interval":{"confidence_level":0.95,"lower_bound":46926.513066887856,"upper_bound":111880.94761371659},"point_estimate":71990.35982191654,"standard_error":15854.049368463833},"slope":null,"std_dev":{"confidence_interval":{"confidence_level":0.95,"lower_bound":92496.28995821773,"upper_bound":190946.88692475695},"point_estimate":147707.81338598023,"standard_error":25108.82267306272}}