{"mean":{"confidence_interval":{"confidence_level":0.95,"lower_bound":20716.66480669785,"upper_bound":20761.725980675656},"point_estimate":20738.614485952075,"standard_error":11.492954953432832},"median":{"confidence_interval":{"confidence_level":0.95,"lower_bound":20705.32548960384,"upper_bound":20743.44332127941},"point_estimate":20718.73311258278,"standard_error":9.952984086734855},"median_abs_dev":{"confidence_interval":{"confidence_level":0.95,"lower_bound":41.66990469988102,"upper_bound":86.386976678244},"point_estimate":60.04480800683647,"standard_error":10.888273194020067},"slope":{"confidence_interval":{"confidence_level":0.95,"lower_bound":20718.71508175905,"upper_bound":20758.710092625104},"point_estimate":20739.11225894541,"standard_error":10.244588348716922},"std_dev":{"confidence_interval":{"confidence_level":0.95,"lower_bound":61.30965068898613,"upper_bound":98.76689037501652},"point_estimate":81.8726004714531,"standard_error":9.59303406605088}}