{"mean":{"confidence_interval":{"confidence_level":0.95,"lower_bound":18641560.2134,"upper_bound":18953375.885799997},"point_estimate":18752494.776,"standard_error":92982.83580273054},"median":{"confidence_interval":{"confidence_level":0.95,"lower_bound":18616151.0,"upper_bound":18674832.4},"point_estimate":18638309.0,"standard_error":15564.4892721914},"median_abs_dev":{"confidence_interval":{"confidence_level":0.95,"lower_bound":40781.13617599563,"upper_bound":87547.52844572067},"point_estimate":59736.9181394577,"standard_error":11588.99388143634},"slope":null,"std_dev":{"confidence_interval":{"confidence_level":0.95,"lower_bound":53526.41195048489,"upper_bound":1124783.6360507782},"point_estimate":665792.2326139945,"standard_error":373485.4883175517}}