{"mean":{"confidence_interval":{"confidence_level":0.95,"lower_bound":67985680.50999999,"upper_bound":68573862.10333334},"point_estimate":68258028.9,"standard_error":150079.82200664308},"median":{"confidence_interval":{"confidence_level":0.95,"lower_bound":67760469.0,"upper_bound":68232538.5},"point_estimate":68116754.5,"standard_error":162231.63770258767},"median_abs_dev":{"confidence_interval":{"confidence_level":0.95,"lower_bound":260870.13706862926,"upper_bound":858188.9100641012},"point_estimate":558195.1835900545,"standard_error":149574.64248841337},"slope":null,"std_dev":{"confidence_interval":{"confidence_level":0.95,"lower_bound":475396.2535791244,"upper_bound":1076048.21843551},"point_estimate":836464.4822571656,"standard_error":151407.08020295788}}