{"mean":{"confidence_interval":{"confidence_level":0.95,"lower_bound":68063713.73166667,"upper_bound":68425003.01},"point_estimate":68232075.7,"standard_error":92442.60252875758},"median":{"confidence_interval":{"confidence_level":0.95,"lower_bound":67892362.0,"upper_bound":68221751.0},"point_estimate":68059013.5,"standard_error":90432.07299829328},"median_abs_dev":{"confidence_interval":{"confidence_level":0.95,"lower_bound":145320.74292004108,"upper_bound":527982.0200264454},"point_estimate":319185.98313331604,"standard_error":101715.15674088821},"slope":null,"std_dev":{"confidence_interval":{"confidence_level":0.95,"lower_bound":283530.1873678988,"upper_bound":658689.2939692412},"point_estimate":516226.3454656668,"standard_error":92568.65215062848}}