{"mean":{"confidence_interval":{"confidence_level":0.95,"lower_bound":73163058.52666667,"upper_bound":81200979.91},"point_estimate":76700451.06666666,"standard_error":2066586.1754951787},"median":{"confidence_interval":{"confidence_level":0.95,"lower_bound":70344764.0,"upper_bound":78325119.5},"point_estimate":71301649.5,"standard_error":2049321.144848259},"median_abs_dev":{"confidence_interval":{"confidence_level":0.95,"lower_bound":1495027.8679579496,"upper_bound":10733579.02944088},"point_estimate":3169798.002424836,"standard_error":2417459.915386807},"slope":null,"std_dev":{"confidence_interval":{"confidence_level":0.95,"lower_bound":5308656.374764276,"upper_bound":16748129.525845502},"point_estimate":11492077.850602373,"standard_error":3237784.737879658}}