{"mean":{"confidence_interval":{"confidence_level":0.95,"lower_bound":68266272.26583333,"upper_bound":69588211.52},"point_estimate":68832110.06666666,"standard_error":345683.1124978631},"median":{"confidence_interval":{"confidence_level":0.95,"lower_bound":68025643.5,"upper_bound":68536395.5},"point_estimate":68339668.5,"standard_error":128569.6117160206},"median_abs_dev":{"confidence_interval":{"confidence_level":0.95,"lower_bound":242118.9539015293,"upper_bound":775108.4553390741},"point_estimate":489388.46011161804,"standard_error":128747.27252219753},"slope":null,"std_dev":{"confidence_interval":{"confidence_level":0.95,"lower_bound":406797.66555951105,"upper_bound":2902215.509272333},"point_estimate":1932679.3223140796,"standard_error":665340.0030582655}}