{"mean":{"confidence_interval":{"confidence_level":0.95,"lower_bound":0.0008789832838695292,"upper_bound":0.009600401544506951},"point_estimate":0.00492599169970398,"standard_error":0.0022617991417760307},"median":{"confidence_interval":{"confidence_level":0.95,"lower_bound":0.0006621237339863306,"upper_bound":0.006741362724541391},"point_estimate":0.0033102664971706997,"standard_error":0.0014986807177446522}}