{"mean":{"confidence_interval":{"confidence_level":0.95,"lower_bound":55269484.44833334,"upper_bound":55475526.94749999},"point_estimate":55367645.605595246,"standard_error":53141.656353078484},"median":{"confidence_interval":{"confidence_level":0.95,"lower_bound":55229582.9375,"upper_bound":55562013.5},"point_estimate":55268532.60714286,"standard_error":90870.16172504716},"median_abs_dev":{"confidence_interval":{"confidence_level":0.95,"lower_bound":9212.134936451912,"upper_bound":270750.479813217},"point_estimate":108805.54548081885,"standard_error":76052.6354072031},"slope":{"confidence_interval":{"confidence_level":0.95,"lower_bound":55231473.34255319,"upper_bound":55533009.69},"point_estimate":55370088.98441558,"standard_error":81171.57324929874},"std_dev":{"confidence_interval":{"confidence_level":0.95,"lower_bound":91769.001237306,"upper_bound":205394.56195980185},"point_estimate":177215.20351853385,"standard_error":28446.182319884872}}