{"mean":{"confidence_interval":{"confidence_level":0.95,"lower_bound":20913.992299815967,"upper_bound":21198.14193969289},"point_estimate":21024.97711720727,"standard_error":77.81121607672956},"median":{"confidence_interval":{"confidence_level":0.95,"lower_bound":20891.059355877616,"upper_bound":21026.11913043478},"point_estimate":20951.923062801932,"standard_error":43.77160327533747},"median_abs_dev":{"confidence_interval":{"confidence_level":0.95,"lower_bound":10.718737374919012,"upper_bound":173.05664728766726},"point_estimate":104.64371923205724,"standard_error":42.65406166968527},"slope":{"confidence_interval":{"confidence_level":0.95,"lower_bound":20941.539304533027,"upper_bound":21472.111854670737},"point_estimate":21171.932366647845,"standard_error":158.30823640665363},"std_dev":{"confidence_interval":{"confidence_level":0.95,"lower_bound":50.50937254705766,"upper_bound":395.6934531828464},"point_estimate":259.91091287746923,"standard_error":117.20129937293345}}