{"mean":{"confidence_interval":{"confidence_level":0.95,"lower_bound":21022.41205436134,"upper_bound":23533.815256347338},"point_estimate":22183.846336703307,"standard_error":633.2514748077273},"median":{"confidence_interval":{"confidence_level":0.95,"lower_bound":20929.73492343934,"upper_bound":23420.852561837455},"point_estimate":20991.82587357676,"standard_error":732.7055178898872},"median_abs_dev":{"confidence_interval":{"confidence_level":0.95,"lower_bound":27.74679738725809,"upper_bound":3180.193184034984},"point_estimate":160.6212122421432,"standard_error":789.4040750968118},"slope":{"confidence_interval":{"confidence_level":0.95,"lower_bound":20946.337039499,"upper_bound":22181.626267794425},"point_estimate":21288.3941749652,"standard_error":331.34790534865346},"std_dev":{"confidence_interval":{"confidence_level":0.95,"lower_bound":132.92597503028597,"upper_bound":2612.008408178974},"point_estimate":2100.832885416888,"standard_error":560.1997489163988}}