{"mean":{"confidence_interval":{"confidence_level":0.95,"lower_bound":59201.664917119975,"upper_bound":59509.42787993952},"point_estimate":59345.394882935834,"standard_error":78.6812908491206},"median":{"confidence_interval":{"confidence_level":0.95,"lower_bound":59158.24639289678,"upper_bound":59279.649356839975},"point_estimate":59246.81725689405,"standard_error":38.16820240794605},"median_abs_dev":{"confidence_interval":{"confidence_level":0.95,"lower_bound":145.0119103642571,"upper_bound":487.27861074497673},"point_estimate":266.20771371425803,"standard_error":81.3683254761837},"slope":{"confidence_interval":{"confidence_level":0.95,"lower_bound":59206.58729009015,"upper_bound":59379.180569033866},"point_estimate":59283.96407028494,"standard_error":44.03197963887752},"std_dev":{"confidence_interval":{"confidence_level":0.95,"lower_bound":335.08279272025305,"upper_bound":757.4387509030968},"point_estimate":562.4826198404958,"standard_error":109.99937163424826}}