{"mean":{"confidence_interval":{"confidence_level":0.95,"lower_bound":-0.010343411367779618,"upper_bound":0.001395367797208084},"point_estimate":-0.0047891675598311645,"standard_error":0.0029795642659769203},"median":{"confidence_interval":{"confidence_level":0.95,"lower_bound":-0.020922494156405326,"upper_bound":-0.01003829833792802},"point_estimate":-0.017215470917381737,"standard_error":0.0033314085923657187}}