{"mean":{"confidence_interval":{"confidence_level":0.95,"lower_bound":-0.016793337428067545,"upper_bound":0.001555650145018024},"point_estimate":-0.006250123519353945,"standard_error":0.004772582767720928},"median":{"confidence_interval":{"confidence_level":0.95,"lower_bound":-0.0004200158450555769,"upper_bound":0.003924942576057466},"point_estimate":0.0019792602308266183,"standard_error":0.0011172959280639028}}