{"mean":{"confidence_interval":{"confidence_level":0.95,"lower_bound":-0.005282399152099493,"upper_bound":0.0006148079717601155},"point_estimate":-0.0022851749802133003,"standard_error":0.0015022899845059097},"median":{"confidence_interval":{"confidence_level":0.95,"lower_bound":-0.004658629994298558,"upper_bound":0.0019238770992946463},"point_estimate":-0.002892919852125808,"standard_error":0.0017633625908001598}}