{"mean":{"confidence_interval":{"confidence_level":0.95,"lower_bound":-0.016734912364045007,"upper_bound":-0.0034874552485528506},"point_estimate":-0.009926954413337241,"standard_error":0.0033886886351977086},"median":{"confidence_interval":{"confidence_level":0.95,"lower_bound":-0.0018246629285505538,"upper_bound":0.0044079174615427605},"point_estimate":0.0008802421813380867,"standard_error":0.0015737290654357886}}