{"mean":{"confidence_interval":{"confidence_level":0.95,"lower_bound":-0.00563307793415653,"upper_bound":-0.00010293279661932608},"point_estimate":-0.0030419359739138896,"standard_error":0.0014347324502587933},"median":{"confidence_interval":{"confidence_level":0.95,"lower_bound":-0.006360858830029792,"upper_bound":0.0005780180791450373},"point_estimate":-0.0017817534635675703,"standard_error":0.0017028624731368432}}