{"mean":{"confidence_interval":{"confidence_level":0.95,"lower_bound":-0.014500528894457571,"upper_bound":0.003197277314900905},"point_estimate":-0.006006405193871744,"standard_error":0.004514069152833665},"median":{"confidence_interval":{"confidence_level":0.95,"lower_bound":-0.013332644634438284,"upper_bound":-0.0005889795203143366},"point_estimate":-0.005108246747812961,"standard_error":0.003572985356799291}}