{"mean":{"confidence_interval":{"confidence_level":0.95,"lower_bound":222862600.058,"upper_bound":224223915.9955},"point_estimate":223474085.98,"standard_error":350182.34112339426},"median":{"confidence_interval":{"confidence_level":0.95,"lower_bound":222528587.0,"upper_bound":223006870.0},"point_estimate":222772469.0,"standard_error":124763.70009354595},"median_abs_dev":{"confidence_interval":{"confidence_level":0.95,"lower_bound":509530.3220540285,"upper_bound":1107736.431133747},"point_estimate":779405.7713627815,"standard_error":163113.15706133252},"slope":null,"std_dev":{"confidence_interval":{"confidence_level":0.95,"lower_bound":943220.7734214895,"upper_bound":3479307.319238038},"point_estimate":2498272.7304967023,"standard_error":612261.8617722817}}