{"mean":{"confidence_interval":{"confidence_level":0.95,"lower_bound":75926367.59425,"upper_bound":76387922.8915},"point_estimate":76138847.51,"standard_error":118322.71966572943},"median":{"confidence_interval":{"confidence_level":0.95,"lower_bound":75757838.0,"upper_bound":76039288.0},"point_estimate":75869006.5,"standard_error":66011.02207107759},"median_abs_dev":{"confidence_interval":{"confidence_level":0.95,"lower_bound":241316.8673157692,"upper_bound":599978.0106395086},"point_estimate":362167.29767024517,"standard_error":88291.28823331332},"slope":null,"std_dev":{"confidence_interval":{"confidence_level":0.95,"lower_bound":465833.50448251894,"upper_bound":1127629.2908537432},"point_estimate":845202.388491212,"standard_error":167635.39361909856}}