{"mean":{"confidence_interval":{"confidence_level":0.95,"lower_bound":75602448.62125,"upper_bound":76906965.50025},"point_estimate":76147595.58,"standard_error":339204.7841176076},"median":{"confidence_interval":{"confidence_level":0.95,"lower_bound":75518142.5,"upper_bound":75650854.0},"point_estimate":75592874.75,"standard_error":34304.94467092859},"median_abs_dev":{"confidence_interval":{"confidence_level":0.95,"lower_bound":155545.12298852205,"upper_bound":466706.53376430273},"point_estimate":287783.40374082327,"standard_error":86214.50496681684},"slope":null,"std_dev":{"confidence_interval":{"confidence_level":0.95,"lower_bound":344625.3687384033,"upper_bound":3726190.9804153237},"point_estimate":2415946.2205583523,"standard_error":875557.6250548632}}