{"mean":{"confidence_interval":{"confidence_level":0.95,"lower_bound":0.006382587766649812,"upper_bound":0.014152940180365958},"point_estimate":0.0100637691293195,"standard_error":0.0020121104346370834},"median":{"confidence_interval":{"confidence_level":0.95,"lower_bound":0.006532161018919291,"upper_bound":0.010800845602597198},"point_estimate":0.00867396519300323,"standard_error":0.0010989631685631325}}