{"mean":{"confidence_interval":{"confidence_level":0.95,"lower_bound":-0.002346650217414236,"upper_bound":0.0072730283101425375},"point_estimate":0.0027688167465049762,"standard_error":0.0024630212777307986},"median":{"confidence_interval":{"confidence_level":0.95,"lower_bound":0.0025224548700031324,"upper_bound":0.008055385668324533},"point_estimate":0.0050892905859099,"standard_error":0.0012476477828048554}}