{"mean":{"confidence_interval":{"confidence_level":0.95,"lower_bound":-0.05102422451232041,"upper_bound":-0.03729267453558069},"point_estimate":-0.043646612709180466,"standard_error":0.0035148240208370805},"median":{"confidence_interval":{"confidence_level":0.95,"lower_bound":-0.047085396027624404,"upper_bound":-0.03629335763633157},"point_estimate":-0.04209677808297385,"standard_error":0.0024936223698581133}}