{"mean":{"confidence_interval":{"confidence_level":0.95,"lower_bound":0.002618209732793104,"upper_bound":0.012975499419405971},"point_estimate":0.007640279898961877,"standard_error":0.0026412423053039473},"median":{"confidence_interval":{"confidence_level":0.95,"lower_bound":0.005163741937525446,"upper_bound":0.011042264174825789},"point_estimate":0.008386467876705828,"standard_error":0.0014877084240093928}}