{"mean":{"confidence_interval":{"confidence_level":0.95,"lower_bound":0.0005282754102359292,"upper_bound":0.0094546750710955},"point_estimate":0.0047506893107476245,"standard_error":0.00231748892216298},"median":{"confidence_interval":{"confidence_level":0.95,"lower_bound":-0.000523576693792771,"upper_bound":0.0034242569767273245},"point_estimate":0.0009975374101247603,"standard_error":0.0010494218732844181}}