{"mean":{"confidence_interval":{"confidence_level":0.95,"lower_bound":-0.016291454281349926,"upper_bound":-0.00795762977003926},"point_estimate":-0.011921550208739307,"standard_error":0.002127265904890862},"median":{"confidence_interval":{"confidence_level":0.95,"lower_bound":-0.012268951648291226,"upper_bound":-0.006738993797866799},"point_estimate":-0.009652979273626627,"standard_error":0.00138430250159867}}