{"mean":{"confidence_interval":{"confidence_level":0.95,"lower_bound":-0.0032089940456072608,"upper_bound":0.007309405395188922},"point_estimate":0.0019128072392258222,"standard_error":0.0026590828145142313},"median":{"confidence_interval":{"confidence_level":0.95,"lower_bound":0.00020753301511255984,"upper_bound":0.00499451191830258},"point_estimate":0.002625028655557582,"standard_error":0.001244806500093864}}