{"mean":{"confidence_interval":{"confidence_level":0.95,"lower_bound":-0.1489936021031088,"upper_bound":-0.1451915910216333},"point_estimate":-0.1471845581704434,"standard_error":0.0009922050644187034},"median":{"confidence_interval":{"confidence_level":0.95,"lower_bound":-0.14900243062190988,"upper_bound":-0.14552160681627746},"point_estimate":-0.14754786754705462,"standard_error":0.0008273951269456642}}