{"mean":{"confidence_interval":{"confidence_level":0.95,"lower_bound":0.0008945961642470101,"upper_bound":0.008915682779145064},"point_estimate":0.004939196963021919,"standard_error":0.002059280955283143},"median":{"confidence_interval":{"confidence_level":0.95,"lower_bound":0.0007955636343497385,"upper_bound":0.005268293909768573},"point_estimate":0.0031937047677248476,"standard_error":0.0011556558548793175}}