{"mean":{"confidence_interval":{"confidence_level":0.95,"lower_bound":-0.011741196112972863,"upper_bound":-0.0063764157166199525},"point_estimate":-0.009297419697306242,"standard_error":0.0013614685795850312},"median":{"confidence_interval":{"confidence_level":0.95,"lower_bound":-0.012319057204644657,"upper_bound":-0.007436381498406308},"point_estimate":-0.009733959163375494,"standard_error":0.001203397434112416}}