{"mean":{"confidence_interval":{"confidence_level":0.95,"lower_bound":0.13471886859356527,"upper_bound":0.17389085856974273},"point_estimate":0.1569505881710096,"standard_error":0.010215567150833535},"median":{"confidence_interval":{"confidence_level":0.95,"lower_bound":0.17508517926413858,"upper_bound":0.18256186914951544},"point_estimate":0.17844456234543027,"standard_error":0.0020665816204128475}}