{"mean":{"confidence_interval":{"confidence_level":0.95,"lower_bound":-0.029363920643570518,"upper_bound":-0.019607364937654276},"point_estimate":-0.024737859025726783,"standard_error":0.0025186328876789996},"median":{"confidence_interval":{"confidence_level":0.95,"lower_bound":-0.03326330802563937,"upper_bound":-0.026183841316891887},"point_estimate":-0.02988994095304287,"standard_error":0.001667195995402584}}