{"mean":{"confidence_interval":{"confidence_level":0.95,"lower_bound":0.012761511389319781,"upper_bound":0.01962038804868651},"point_estimate":0.01626851600761503,"standard_error":0.0017552721232458135},"median":{"confidence_interval":{"confidence_level":0.95,"lower_bound":0.01660200874499118,"upper_bound":0.024242292203580096},"point_estimate":0.020635260716191706,"standard_error":0.001799121360642948}}