{"mean":{"confidence_interval":{"confidence_level":0.95,"lower_bound":0.03304367463792562,"upper_bound":0.04842299848561906},"point_estimate":0.03992059852033125,"standard_error":0.003963978621306217},"median":{"confidence_interval":{"confidence_level":0.95,"lower_bound":0.0327080461389162,"upper_bound":0.045195516510599054},"point_estimate":0.03910687413145508,"standard_error":0.0028891687762165347}}