{"mean":{"confidence_interval":{"confidence_level":0.95,"lower_bound":-0.0017920953409068297,"upper_bound":0.03419529754353828},"point_estimate":0.014501266389052692,"standard_error":0.00925062159263292},"median":{"confidence_interval":{"confidence_level":0.95,"lower_bound":-0.008035985149909664,"upper_bound":-0.0006729038347794702},"point_estimate":-0.004135139675761179,"standard_error":0.002010112861516225}}