{"mean":{"confidence_interval":{"confidence_level":0.95,"lower_bound":-0.005324586443785639,"upper_bound":0.00401390809246982},"point_estimate":-0.0003473632737356347,"standard_error":0.0023882479946008357},"median":{"confidence_interval":{"confidence_level":0.95,"lower_bound":-0.000747661698852875,"upper_bound":0.0015665315243558187},"point_estimate":0.0002859853125261047,"standard_error":0.0005778881912647999}}