{"mean":{"confidence_interval":{"confidence_level":0.95,"lower_bound":-0.009405530413350321,"upper_bound":0.006069956083821548},"point_estimate":-0.0012513374529570243,"standard_error":0.00395437605041931},"median":{"confidence_interval":{"confidence_level":0.95,"lower_bound":-0.005229462700028442,"upper_bound":0.0005215681644830106},"point_estimate":-0.0024280673813478204,"standard_error":0.0014685975819732243}}