{"mean":{"confidence_interval":{"confidence_level":0.95,"lower_bound":-0.860394070632353,"upper_bound":-0.8585560713902209},"point_estimate":-0.8596121829691034,"standard_error":0.000468574655267863},"median":{"confidence_interval":{"confidence_level":0.95,"lower_bound":-0.8605928684454937,"upper_bound":-0.8599005170472811},"point_estimate":-0.8603036255349451,"standard_error":0.00018052209245101507}}