{"mean":{"confidence_interval":{"confidence_level":0.95,"lower_bound":-0.008692271531439366,"upper_bound":0.001690587412148534},"point_estimate":-0.0031267431064667672,"standard_error":0.002665058926504366},"median":{"confidence_interval":{"confidence_level":0.95,"lower_bound":-0.0009643002752671714,"upper_bound":0.004976743221494884},"point_estimate":0.0019753580322805497,"standard_error":0.0014746737593714272}}