{"mean":{"confidence_interval":{"confidence_level":0.95,"lower_bound":1355092.2475668036,"upper_bound":1369642.550998856},"point_estimate":1361625.7606942707,"standard_error":3732.058665115929},"median":{"confidence_interval":{"confidence_level":0.95,"lower_bound":1348737.03505291,"upper_bound":1359865.1953155245},"point_estimate":1352305.517895299,"standard_error":2892.2019280026566},"median_abs_dev":{"confidence_interval":{"confidence_level":0.95,"lower_bound":6728.127039167129,"upper_bound":18120.251187747166},"point_estimate":11886.232115625762,"standard_error":3005.127284903088},"slope":{"confidence_interval":{"confidence_level":0.95,"lower_bound":1354948.9637527794,"upper_bound":1366287.7709190724},"point_estimate":1359951.466767618,"standard_error":2883.0627994844094},"std_dev":{"confidence_interval":{"confidence_level":0.95,"lower_bound":12794.36430259584,"upper_bound":37979.52340588166},"point_estimate":26708.553251002908,"standard_error":6526.468564779287}}