{"mean":{"confidence_interval":{"confidence_level":0.95,"lower_bound":1372743.8023832415,"upper_bound":1383323.6498723265},"point_estimate":1377304.780364555,"standard_error":2735.311968923842},"median":{"confidence_interval":{"confidence_level":0.95,"lower_bound":1371276.6382716051,"upper_bound":1373739.8992424244},"point_estimate":1372223.2268518517,"standard_error":674.9147135859179},"median_abs_dev":{"confidence_interval":{"confidence_level":0.95,"lower_bound":2249.9080226421625,"upper_bound":5192.819198328553},"point_estimate":3419.17571186723,"standard_error":698.6573983987643},"slope":{"confidence_interval":{"confidence_level":0.95,"lower_bound":1371968.6721392425,"upper_bound":1389628.3624313504},"point_estimate":1379164.089916521,"standard_error":4703.2118640084855},"std_dev":{"confidence_interval":{"confidence_level":0.95,"lower_bound":3989.006580504926,"upper_bound":29348.617426718778},"point_estimate":19513.78640533085,"standard_error":6359.8603170800925}}