{"mean":{"confidence_interval":{"confidence_level":0.95,"lower_bound":-0.0030491848709459607,"upper_bound":0.007241557728942288},"point_estimate":0.0019626561407317666,"standard_error":0.0026236513870343016},"median":{"confidence_interval":{"confidence_level":0.95,"lower_bound":0.0006100624603575522,"upper_bound":0.005724135643447648},"point_estimate":0.0028777235213865993,"standard_error":0.0012886061390803914}}