{"mean":{"confidence_interval":{"confidence_level":0.95,"lower_bound":0.007507919030601329,"upper_bound":0.017196975531547774},"point_estimate":0.012644541308416635,"standard_error":0.0024743279546103796},"median":{"confidence_interval":{"confidence_level":0.95,"lower_bound":0.009990917193573479,"upper_bound":0.014789632985797635},"point_estimate":0.013013656030450127,"standard_error":0.0012475915809227497}}