{"mean":{"confidence_interval":{"confidence_level":0.95,"lower_bound":-0.639502465567803,"upper_bound":-0.6363295784377444},"point_estimate":-0.6378068675252111,"standard_error":0.0008133293602767326},"median":{"confidence_interval":{"confidence_level":0.95,"lower_bound":-0.6377528283585507,"upper_bound":-0.6356824910360546},"point_estimate":-0.6367247698201755,"standard_error":0.000541932304750219}}