{"mean":{"confidence_interval":{"confidence_level":0.95,"lower_bound":-0.005097256295016976,"upper_bound":0.0024165845588652868},"point_estimate":-0.0011709361308295252,"standard_error":0.0019141084939624708},"median":{"confidence_interval":{"confidence_level":0.95,"lower_bound":-0.0012948912375532196,"upper_bound":0.0032583264222534325},"point_estimate":0.001945081119586245,"standard_error":0.0011399373325491052}}