{"mean":{"confidence_interval":{"confidence_level":0.95,"lower_bound":-0.010080333808329733,"upper_bound":-0.004916733741113344},"point_estimate":-0.007397075625398042,"standard_error":0.0013103200767745687},"median":{"confidence_interval":{"confidence_level":0.95,"lower_bound":-0.010438129719807732,"upper_bound":-0.0060463525082412655},"point_estimate":-0.007919912368377635,"standard_error":0.001038136791204826}}