{"mean":{"confidence_interval":{"confidence_level":0.95,"lower_bound":0.0002529166133972482,"upper_bound":0.011118942720710102},"point_estimate":0.0056052150450451865,"standard_error":0.0027663785807112216},"median":{"confidence_interval":{"confidence_level":0.95,"lower_bound":0.0020920745718513434,"upper_bound":0.006695237993513681},"point_estimate":0.005182152328401024,"standard_error":0.0011514093900990678}}