{"mean":{"confidence_interval":{"confidence_level":0.95,"lower_bound":-0.0019481431740026034,"upper_bound":0.005828127383947706},"point_estimate":0.0018537946958001594,"standard_error":0.0019453129228062525},"median":{"confidence_interval":{"confidence_level":0.95,"lower_bound":-0.0019579578276001826,"upper_bound":0.0018710250614237811},"point_estimate":-0.0005300524209570501,"standard_error":0.00096999956054591}}