{"mean":{"confidence_interval":{"confidence_level":0.95,"lower_bound":-0.007335870602326766,"upper_bound":0.026478104965509567},"point_estimate":0.007038848366279105,"standard_error":0.009530884300142182},"median":{"confidence_interval":{"confidence_level":0.95,"lower_bound":-0.004903919492679654,"upper_bound":-0.0008842924583163381},"point_estimate":-0.002749618649564467,"standard_error":0.001026419241980958}}