{"mean":{"confidence_interval":{"confidence_level":0.95,"lower_bound":-0.02281403558107442,"upper_bound":-0.013136882319106471},"point_estimate":-0.018251445498191243,"standard_error":0.002470357238094347},"median":{"confidence_interval":{"confidence_level":0.95,"lower_bound":-0.02124671737358752,"upper_bound":-0.016333909942165548},"point_estimate":-0.01966534814966936,"standard_error":0.001245447433202344}}