{"mean":{"confidence_interval":{"confidence_level":0.95,"lower_bound":-0.029656804552839144,"upper_bound":0.005001411273878098},"point_estimate":-0.00863861415150291,"standard_error":0.00918839717821426},"median":{"confidence_interval":{"confidence_level":0.95,"lower_bound":-0.0011962773630351808,"upper_bound":0.004388205734581571},"point_estimate":0.0006783104949095176,"standard_error":0.0013317541713823162}}