{"mean":{"confidence_interval":{"confidence_level":0.95,"lower_bound":309750.4260606277,"upper_bound":312074.46198939165},"point_estimate":310797.0327679791,"standard_error":600.9955909991681},"median":{"confidence_interval":{"confidence_level":0.95,"lower_bound":308961.3900293255,"upper_bound":310118.1462770563},"point_estimate":309694.24104683194,"standard_error":343.82262857785054},"median_abs_dev":{"confidence_interval":{"confidence_level":0.95,"lower_bound":995.7942705084902,"upper_bound":2107.396356040794},"point_estimate":1456.0090189991288,"standard_error":284.0127458723155},"slope":{"confidence_interval":{"confidence_level":0.95,"lower_bound":309491.2096560274,"upper_bound":312866.2175943509},"point_estimate":310959.3269084556,"standard_error":873.6734035619284},"std_dev":{"confidence_interval":{"confidence_level":0.95,"lower_bound":1883.1041972869343,"upper_bound":5903.736123183975},"point_estimate":4287.023004977161,"standard_error":1000.4501562319691}}