{"mean":{"confidence_interval":{"confidence_level":0.95,"lower_bound":313734.91785063344,"upper_bound":316247.7568990801},"point_estimate":314861.8439177459,"standard_error":646.3650672479056},"median":{"confidence_interval":{"confidence_level":0.95,"lower_bound":312928.5176470588,"upper_bound":314122.97307692305},"point_estimate":313315.16615479114,"standard_error":285.9583465217597},"median_abs_dev":{"confidence_interval":{"confidence_level":0.95,"lower_bound":712.4717051771847,"upper_bound":2119.631172538852},"point_estimate":1355.7627634180594,"standard_error":362.90813418818203},"slope":{"confidence_interval":{"confidence_level":0.95,"lower_bound":313989.751112516,"upper_bound":318102.48293361237},"point_estimate":315812.2820896913,"standard_error":1055.896737741465},"std_dev":{"confidence_interval":{"confidence_level":0.95,"lower_bound":2092.992880812191,"upper_bound":6462.988304379341},"point_estimate":4606.758977783854,"standard_error":1114.2101506922409}}