{"mean":{"confidence_interval":{"confidence_level":0.95,"lower_bound":69555237.72833334,"upper_bound":85440228.58333333},"point_estimate":76539407.4,"standard_error":4090359.5632865867},"median":{"confidence_interval":{"confidence_level":0.95,"lower_bound":64848177.5,"upper_bound":72523378.5},"point_estimate":65353131.0,"standard_error":2362810.0986777293},"median_abs_dev":{"confidence_interval":{"confidence_level":0.95,"lower_bound":827160.3165149689,"upper_bound":12797394.51650083},"point_estimate":2111938.4583055973,"standard_error":3320266.249033213},"slope":null,"std_dev":{"confidence_interval":{"confidence_level":0.95,"lower_bound":9198241.350928864,"upper_bound":33272315.909463752},"point_estimate":22782238.685867198,"standard_error":6524303.548471364}}