{"mean":{"confidence_interval":{"confidence_level":0.95,"lower_bound":61890284.05875,"upper_bound":62043721.60791667},"point_estimate":61963586.28333333,"standard_error":39062.13045440742},"median":{"confidence_interval":{"confidence_level":0.95,"lower_bound":61790257.25,"upper_bound":62035166.25},"point_estimate":61983860.25,"standard_error":73749.19057410948},"median_abs_dev":{"confidence_interval":{"confidence_level":0.95,"lower_bound":88788.46462368965,"upper_bound":338821.14800222195},"point_estimate":287035.80270409584,"standard_error":70880.56325278056},"slope":null,"std_dev":{"confidence_interval":{"confidence_level":0.95,"lower_bound":150282.94974061393,"upper_bound":283208.8744988923},"point_estimate":217005.95152301318,"standard_error":35996.36326433575}}