{"mean":{"confidence_interval":{"confidence_level":0.95,"lower_bound":62250507.14291667,"upper_bound":62503672.406666666},"point_estimate":62368379.416666664,"standard_error":64829.889870739964},"median":{"confidence_interval":{"confidence_level":0.95,"lower_bound":62160631.25,"upper_bound":62311075.25},"point_estimate":62225195.25,"standard_error":43489.431723541005},"median_abs_dev":{"confidence_interval":{"confidence_level":0.95,"lower_bound":86420.38181573153,"upper_bound":311936.43991202116},"point_estimate":146856.34584277868,"standard_error":57051.28081602237},"slope":null,"std_dev":{"confidence_interval":{"confidence_level":0.95,"lower_bound":215074.49374037923,"upper_bound":465645.3662010408},"point_estimate":362024.1866190588,"standard_error":64170.49746432129}}