{"mean":{"confidence_interval":{"confidence_level":0.95,"lower_bound":62054060.31583334,"upper_bound":62582419.431666665},"point_estimate":62288112.46666667,"standard_error":135440.01768171677},"median":{"confidence_interval":{"confidence_level":0.95,"lower_bound":61986631.25,"upper_bound":62109405.75},"point_estimate":62064018.0,"standard_error":37582.94243547874},"median_abs_dev":{"confidence_interval":{"confidence_level":0.95,"lower_bound":93048.76197930439,"upper_bound":278482.23867595},"point_estimate":161351.72578543425,"standard_error":46164.51990245121},"slope":null,"std_dev":{"confidence_interval":{"confidence_level":0.95,"lower_bound":164196.10772368909,"upper_bound":1056477.3001688397},"point_estimate":753983.1642621799,"standard_error":207469.7632350226}}