{"mean":{"confidence_interval":{"confidence_level":0.95,"lower_bound":62132944.032916665,"upper_bound":62828394.37791667},"point_estimate":62436380.8,"standard_error":179265.229206193},"median":{"confidence_interval":{"confidence_level":0.95,"lower_bound":61963422.75,"upper_bound":62203812.5},"point_estimate":62015836.75,"standard_error":61328.70651555322},"median_abs_dev":{"confidence_interval":{"confidence_level":0.95,"lower_bound":61669.48720514774,"upper_bound":401333.5118249059},"point_estimate":132932.50818997622,"standard_error":86483.0547703263},"slope":null,"std_dev":{"confidence_interval":{"confidence_level":0.95,"lower_bound":329542.1856596671,"upper_bound":1448112.5512310143},"point_estimate":994027.872828876,"standard_error":288614.49090704747}}