{"mean":{"confidence_interval":{"confidence_level":0.95,"lower_bound":62164659.37083333,"upper_bound":63052626.51916666},"point_estimate":62543039.516666666,"standard_error":230052.93238438756},"median":{"confidence_interval":{"confidence_level":0.95,"lower_bound":61973174.75,"upper_bound":62266908.0},"point_estimate":62066354.0,"standard_error":78849.017301064},"median_abs_dev":{"confidence_interval":{"confidence_level":0.95,"lower_bound":110474.08378869295,"upper_bound":487521.12544476986},"point_estimate":250508.61650258303,"standard_error":101374.23391604102},"slope":null,"std_dev":{"confidence_interval":{"confidence_level":0.95,"lower_bound":420623.7392166286,"upper_bound":1930113.1459168412},"point_estimate":1280271.9766216804,"standard_error":433116.62177908316}}