{"mean":{"confidence_interval":{"confidence_level":0.95,"lower_bound":232291541.167,"upper_bound":235515302.775},"point_estimate":233697754.52,"standard_error":827657.7352086658},"median":{"confidence_interval":{"confidence_level":0.95,"lower_bound":230929326.0,"upper_bound":231995294.5},"point_estimate":231516060.5,"standard_error":266947.49768914847},"median_abs_dev":{"confidence_interval":{"confidence_level":0.95,"lower_bound":1419293.6961025,"upper_bound":2522648.30301404},"point_estimate":2074796.3637650013,"standard_error":302063.41714634653},"slope":null,"std_dev":{"confidence_interval":{"confidence_level":0.95,"lower_bound":3759407.3011815147,"upper_bound":12638759.536510564},"point_estimate":8338513.502981573,"standard_error":2478863.47043725}}