{"mean":{"confidence_interval":{"confidence_level":0.95,"lower_bound":-0.0019979860328683896,"upper_bound":0.01489932292675563},"point_estimate":0.004520766067049653,"standard_error":0.004784203542782982},"median":{"confidence_interval":{"confidence_level":0.95,"lower_bound":-0.001948668970201739,"upper_bound":0.0028031175221816746},"point_estimate":0.000628665487302893,"standard_error":0.0011726871117612404}}