{"mean":{"confidence_interval":{"confidence_level":0.95,"lower_bound":5921935.496020512,"upper_bound":7609735.625519247},"point_estimate":6681980.570012358,"standard_error":434890.8916699173},"median":{"confidence_interval":{"confidence_level":0.95,"lower_bound":5700152.044444445,"upper_bound":5952277.078125},"point_estimate":5792098.916666666,"standard_error":111802.69096705296},"median_abs_dev":{"confidence_interval":{"confidence_level":0.95,"lower_bound":67797.16035437224,"upper_bound":525299.8654021877},"point_estimate":183697.45975235317,"standard_error":156973.7343314996},"slope":{"confidence_interval":{"confidence_level":0.95,"lower_bound":6335140.720344985,"upper_bound":9293767.741793472},"point_estimate":7964005.046341463,"standard_error":753409.4809391658},"std_dev":{"confidence_interval":{"confidence_level":0.95,"lower_bound":504064.4342046296,"upper_bound":2621974.283638409},"point_estimate":1994474.541825129,"standard_error":486150.4429981894}}