{"mean":{"confidence_interval":{"confidence_level":0.95,"lower_bound":0.03428454883758875,"upper_bound":0.5648616005335677},"point_estimate":0.24145564404778685,"standard_error":0.14401193811351543},"median":{"confidence_interval":{"confidence_level":0.95,"lower_bound":-0.002493078889081679,"upper_bound":0.3479996356002164},"point_estimate":0.019023145376288353,"standard_error":0.11013029850427665}}