{"mean":{"confidence_interval":{"confidence_level":0.95,"lower_bound":-0.0028736738843380127,"upper_bound":0.005355640602882739},"point_estimate":0.0016946383433285028,"standard_error":0.0020979231258431022},"median":{"confidence_interval":{"confidence_level":0.95,"lower_bound":0.0019225934420434854,"upper_bound":0.008056445382016442},"point_estimate":0.004106182605538189,"standard_error":0.0015713387846819716}}