{"mean":{"confidence_interval":{"confidence_level":0.95,"lower_bound":-0.034661278861390254,"upper_bound":0.0024275188372477803},"point_estimate":-0.017763986708770663,"standard_error":0.009479491746562187},"median":{"confidence_interval":{"confidence_level":0.95,"lower_bound":-0.041449863583893354,"upper_bound":0.0022398044914728743},"point_estimate":-0.021107775130495665,"standard_error":0.009703168532689734}}