{"mean":{"confidence_interval":{"confidence_level":0.95,"lower_bound":-0.37671954597844814,"upper_bound":-0.034650534424113456},"point_estimate":-0.21650006726158166,"standard_error":0.08765731027869371},"median":{"confidence_interval":{"confidence_level":0.95,"lower_bound":-0.2713344722082247,"upper_bound":-0.026934248440253272},"point_estimate":-0.037552383988874616,"standard_error":0.07138207678845856}}