{"mean":{"confidence_interval":{"confidence_level":0.95,"lower_bound":-0.00902687035497449,"upper_bound":0.0015331451134708018},"point_estimate":-0.002911546022479894,"standard_error":0.0027932832995455213},"median":{"confidence_interval":{"confidence_level":0.95,"lower_bound":-0.004290703281138453,"upper_bound":0.0014021913384143492},"point_estimate":-0.0008268229353672885,"standard_error":0.0014681922487324924}}