{"mean":{"confidence_interval":{"confidence_level":0.95,"lower_bound":-0.0004965239584920302,"upper_bound":0.019639437499650622},"point_estimate":0.008396998557679503,"standard_error":0.00520020989690898},"median":{"confidence_interval":{"confidence_level":0.95,"lower_bound":-0.000021810701557156698,"upper_bound":0.021426453018254854},"point_estimate":0.0033682654474147533,"standard_error":0.004434610069915538}}