{"mean":{"confidence_interval":{"confidence_level":0.95,"lower_bound":-0.007903795082165365,"upper_bound":0.0047597292663205905},"point_estimate":-0.0024653566552851336,"standard_error":0.0032424125689664166},"median":{"confidence_interval":{"confidence_level":0.95,"lower_bound":-0.010362479972741756,"upper_bound":-0.00021787987907673223},"point_estimate":-0.0038869848268230367,"standard_error":0.0024019391092118657}}