{"mean":{"confidence_interval":{"confidence_level":0.95,"lower_bound":0.005707291901893843,"upper_bound":0.031012898408273766},"point_estimate":0.017097700502092028,"standard_error":0.006319291800132833},"median":{"confidence_interval":{"confidence_level":0.95,"lower_bound":0.0019906089417691675,"upper_bound":0.02982220062499641},"point_estimate":0.00992802945698168,"standard_error":0.006634853817115073}}