{"mean":{"confidence_interval":{"confidence_level":0.95,"lower_bound":0.007769634776353791,"upper_bound":0.015508443457170345},"point_estimate":0.011359852332601061,"standard_error":0.0019610072216533266},"median":{"confidence_interval":{"confidence_level":0.95,"lower_bound":0.006712053876518187,"upper_bound":0.017093460628941015},"point_estimate":0.010439062227745488,"standard_error":0.0025109339265549447}}