{"mean":{"confidence_interval":{"confidence_level":0.95,"lower_bound":-0.011004789768314873,"upper_bound":0.023843937736770526},"point_estimate":0.007019568676352339,"standard_error":0.008830724349865983},"median":{"confidence_interval":{"confidence_level":0.95,"lower_bound":-0.013903405308900552,"upper_bound":0.033146173621981356},"point_estimate":0.011864288739038109,"standard_error":0.010552692712330456}}