{"mean":{"confidence_interval":{"confidence_level":0.95,"lower_bound":-0.017309363925501833,"upper_bound":0.0028467787360064094},"point_estimate":-0.006301734570366535,"standard_error":0.005208051765478785},"median":{"confidence_interval":{"confidence_level":0.95,"lower_bound":-0.0206517731164364,"upper_bound":0.0038029850489911254},"point_estimate":-0.0032899056565884877,"standard_error":0.00453819747633797}}