{"mean":{"confidence_interval":{"confidence_level":0.95,"lower_bound":-0.009737597974823452,"upper_bound":0.01912096327896662},"point_estimate":0.005431906536508269,"standard_error":0.007367376203490398},"median":{"confidence_interval":{"confidence_level":0.95,"lower_bound":-0.006952606022853525,"upper_bound":0.025010141062055125},"point_estimate":0.0058201062701197515,"standard_error":0.007388637780740785}}