{"mean":{"confidence_interval":{"confidence_level":0.95,"lower_bound":-0.0009393742798321744,"upper_bound":0.017110727232261192},"point_estimate":0.0071679303057106125,"standard_error":0.004692310545013165},"median":{"confidence_interval":{"confidence_level":0.95,"lower_bound":-0.0031710997967027144,"upper_bound":0.011543121019633285},"point_estimate":0.00045024540693527904,"standard_error":0.00425198228784143}}