{"mean":{"confidence_interval":{"confidence_level":0.95,"lower_bound":0.0002272923747991423,"upper_bound":0.01358973193902691},"point_estimate":0.006857498993361855,"standard_error":0.0033730165781855727},"median":{"confidence_interval":{"confidence_level":0.95,"lower_bound":-0.004650896302864305,"upper_bound":0.019874446021705072},"point_estimate":0.004064719894005808,"standard_error":0.006590041412954159}}