{"mean":{"confidence_interval":{"confidence_level":0.95,"lower_bound":-0.0024883704136645143,"upper_bound":0.007905287541550308},"point_estimate":0.0028147391825215085,"standard_error":0.0026653475129416815},"median":{"confidence_interval":{"confidence_level":0.95,"lower_bound":-0.0018106066738773352,"upper_bound":0.010275759878330959},"point_estimate":0.003673959509041591,"standard_error":0.00434750752307185}}