{"mean":{"confidence_interval":{"confidence_level":0.95,"lower_bound":0.13061165082888515,"upper_bound":0.3433548990084739},"point_estimate":0.2331371375112501,"standard_error":0.055796321583542655},"median":{"confidence_interval":{"confidence_level":0.95,"lower_bound":0.07972961677211954,"upper_bound":0.41307105809582256},"point_estimate":0.2003990221874261,"standard_error":0.10142989116643035}}