{"mean":{"confidence_interval":{"confidence_level":0.95,"lower_bound":-0.18410204365011207,"upper_bound":-0.046792231753131304},"point_estimate":-0.10436199185971351,"standard_error":0.03874708422520459},"median":{"confidence_interval":{"confidence_level":0.95,"lower_bound":-0.09784497991293988,"upper_bound":-0.045124596234983105},"point_estimate":-0.051896481375225956,"standard_error":0.01695734120306502}}