{"mean":{"confidence_interval":{"confidence_level":0.95,"lower_bound":-0.2604354171600257,"upper_bound":-0.12411322761118548},"point_estimate":-0.1958611196661293,"standard_error":0.03495719497370309},"median":{"confidence_interval":{"confidence_level":0.95,"lower_bound":-0.29409056186912685,"upper_bound":-0.08035153309736054},"point_estimate":-0.1703141254000311,"standard_error":0.06477673941561145}}