{"mean":{"confidence_interval":{"confidence_level":0.95,"lower_bound":-0.014123466711891441,"upper_bound":0.016657940295974755},"point_estimate":-0.0009749914531683723,"standard_error":0.007780892976580129},"median":{"confidence_interval":{"confidence_level":0.95,"lower_bound":-0.01990161087360276,"upper_bound":0.0038017475924483346},"point_estimate":-0.008404739772974956,"standard_error":0.005989492055600864}}