{"mean":{"confidence_interval":{"confidence_level":0.95,"lower_bound":-0.024062195305987213,"upper_bound":0.006636372746927915},"point_estimate":-0.005555521420086418,"standard_error":0.008322447619712067},"median":{"confidence_interval":{"confidence_level":0.95,"lower_bound":-0.00895224477306722,"upper_bound":0.008421424537205624},"point_estimate":0.0032475028335712253,"standard_error":0.004740481063278312}}