{"mean":{"confidence_interval":{"confidence_level":0.95,"lower_bound":-0.008489422670737809,"upper_bound":0.0011573102353213541},"point_estimate":-0.0034294669416493617,"standard_error":0.002467612288619546},"median":{"confidence_interval":{"confidence_level":0.95,"lower_bound":-0.010163573017559435,"upper_bound":0.0025435892192673393},"point_estimate":-0.0027203430921814986,"standard_error":0.003256036711281338}}