{"mean":{"confidence_interval":{"confidence_level":0.95,"lower_bound":0.03905206678525467,"upper_bound":0.21991666703101662},"point_estimate":0.10774039283641468,"standard_error":0.050116833454703545},"median":{"confidence_interval":{"confidence_level":0.95,"lower_bound":0.028249174273000444,"upper_bound":0.10462153171581279},"point_estimate":0.04983643408427341,"standard_error":0.02432219629897371}}