{"mean":{"confidence_interval":{"confidence_level":0.95,"lower_bound":193561.05616575805,"upper_bound":195173.67256030662},"point_estimate":194288.30990869418,"standard_error":415.6343358148587},"median":{"confidence_interval":{"confidence_level":0.95,"lower_bound":193228.56535947713,"upper_bound":193787.10980392157},"point_estimate":193447.62536953244,"standard_error":125.27123023382212},"median_abs_dev":{"confidence_interval":{"confidence_level":0.95,"lower_bound":612.2584432026575,"upper_bound":1485.603933862393},"point_estimate":1110.1080076750204,"standard_error":218.77820878710654},"slope":{"confidence_interval":{"confidence_level":0.95,"lower_bound":193860.84901108168,"upper_bound":196667.91047539722},"point_estimate":195115.2670088047,"standard_error":720.5475264062819},"std_dev":{"confidence_interval":{"confidence_level":0.95,"lower_bound":1340.4058282730887,"upper_bound":4116.008021965161},"point_estimate":2954.554142630111,"standard_error":701.7726407439609}}