{"mean":{"confidence_interval":{"confidence_level":0.95,"lower_bound":195041.99433303365,"upper_bound":196649.03829619935},"point_estimate":195790.9728917381,"standard_error":411.7987995295534},"median":{"confidence_interval":{"confidence_level":0.95,"lower_bound":194666.07205882354,"upper_bound":195853.48202614379},"point_estimate":195201.17426825804,"standard_error":380.41897163623844},"median_abs_dev":{"confidence_interval":{"confidence_level":0.95,"lower_bound":1217.8217955575356,"upper_bound":2323.07371050408},"point_estimate":1895.5809299784853,"standard_error":304.64148253153166},"slope":{"confidence_interval":{"confidence_level":0.95,"lower_bound":195297.1882557068,"upper_bound":197369.2089525397},"point_estimate":196258.1836445236,"standard_error":529.9869447576929},"std_dev":{"confidence_interval":{"confidence_level":0.95,"lower_bound":1764.0256040809095,"upper_bound":3823.5962932579127},"point_estimate":2945.0001289965217,"standard_error":521.863205238989}}