{"mean":{"confidence_interval":{"confidence_level":0.95,"lower_bound":0.013505078203318976,"upper_bound":0.09288848431203856},"point_estimate":0.04689251329311683,"standard_error":0.019655783450035654},"median":{"confidence_interval":{"confidence_level":0.95,"lower_bound":0.007067135394273727,"upper_bound":0.08433355394569286},"point_estimate":0.03263263712866893,"standard_error":0.017186478842323157}}