{"mean":{"confidence_interval":{"confidence_level":0.95,"lower_bound":-0.0023781832614860436,"upper_bound":0.01811548771718078},"point_estimate":0.007215664864712146,"standard_error":0.00544761125692185},"median":{"confidence_interval":{"confidence_level":0.95,"lower_bound":-0.005656075732636934,"upper_bound":0.01764875844928393},"point_estimate":0.0007598371353372269,"standard_error":0.00545103907888044}}