{"mean":{"confidence_interval":{"confidence_level":0.95,"lower_bound":-0.08102995511477815,"upper_bound":-0.011019402811496253},"point_estimate":-0.04304473861109359,"standard_error":0.018194014296946736},"median":{"confidence_interval":{"confidence_level":0.95,"lower_bound":-0.0713477455949737,"upper_bound":-0.009598480643259836},"point_estimate":-0.02721806190845877,"standard_error":0.013962913223470614}}