{"mean":{"confidence_interval":{"confidence_level":0.95,"lower_bound":0.024224276490386436,"upper_bound":0.20956461053178202},"point_estimate":0.09553474821367103,"standard_error":0.048412960548316064},"median":{"confidence_interval":{"confidence_level":0.95,"lower_bound":0.05022462117804216,"upper_bound":0.07093650583927569},"point_estimate":0.06126037528969497,"standard_error":0.005881931478604652}}