{"mean":{"confidence_interval":{"confidence_level":0.95,"lower_bound":-0.3093882134162796,"upper_bound":-0.12750830608671804},"point_estimate":-0.20619144313622917,"standard_error":0.05189565681899669},"median":{"confidence_interval":{"confidence_level":0.95,"lower_bound":-0.19313138733568258,"upper_bound":-0.12888029373621213},"point_estimate":-0.142533654876576,"standard_error":0.016787657573184917}}