{"mean":{"confidence_interval":{"confidence_level":0.95,"lower_bound":0.0015647087717742814,"upper_bound":0.04318268311243609},"point_estimate":0.02246830300850511,"standard_error":0.010976077703797039},"median":{"confidence_interval":{"confidence_level":0.95,"lower_bound":-0.005003062685499882,"upper_bound":0.05115434651153985},"point_estimate":0.027904775383562175,"standard_error":0.016746857749203942}}