{"mean":{"confidence_interval":{"confidence_level":0.95,"lower_bound":-0.01764086287307925,"upper_bound":0.006105352965805659},"point_estimate":-0.004621175946625811,"standard_error":0.006132430894679701},"median":{"confidence_interval":{"confidence_level":0.95,"lower_bound":-0.012426223117166124,"upper_bound":0.008373861185555276},"point_estimate":0.0009668584013993176,"standard_error":0.005082061063138963}}