{"mean":{"confidence_interval":{"confidence_level":0.95,"lower_bound":0.09970610896792062,"upper_bound":0.38524067843807197},"point_estimate":0.20682603357196094,"standard_error":0.08284418672821361},"median":{"confidence_interval":{"confidence_level":0.95,"lower_bound":0.10467624800083475,"upper_bound":0.19383762674754745},"point_estimate":0.11644825159152328,"standard_error":0.056454514978941064}}