{"mean":{"confidence_interval":{"confidence_level":0.95,"lower_bound":-0.035831130288592444,"upper_bound":0.023739181029813435},"point_estimate":-0.008207513128012156,"standard_error":0.015261343787478157},"median":{"confidence_interval":{"confidence_level":0.95,"lower_bound":-0.040713485126569804,"upper_bound":0.009544260800780524},"point_estimate":-0.017859574217137686,"standard_error":0.015762389466248493}}