{"mean":{"confidence_interval":{"confidence_level":0.95,"lower_bound":-0.1802665956781984,"upper_bound":-0.05471788468239797},"point_estimate":-0.10334005727152362,"standard_error":0.037759282993883696},"median":{"confidence_interval":{"confidence_level":0.95,"lower_bound":-0.0729357451415873,"upper_bound":-0.05410257515818606},"point_estimate":-0.06319707642373906,"standard_error":0.00940244339564958}}