{"mean":{"confidence_interval":{"confidence_level":0.95,"lower_bound":-0.009208054057278342,"upper_bound":0.012946842909343219},"point_estimate":0.0015296130788888807,"standard_error":0.005765338308122528},"median":{"confidence_interval":{"confidence_level":0.95,"lower_bound":-0.005496993963730934,"upper_bound":0.014986965108490624},"point_estimate":-0.002818778071598249,"standard_error":0.005894306000719505}}