{"mean":{"confidence_interval":{"confidence_level":0.95,"lower_bound":-0.0046068289331609525,"upper_bound":0.006194327622416362},"point_estimate":0.0006616614516001817,"standard_error":0.002733960671401926},"median":{"confidence_interval":{"confidence_level":0.95,"lower_bound":-0.008415329468148047,"upper_bound":0.005510035162458182},"point_estimate":-0.003633984674914048,"standard_error":0.0034668972734453753}}