{"mean":{"confidence_interval":{"confidence_level":0.95,"lower_bound":0.0002933479420480619,"upper_bound":0.010302993099006074},"point_estimate":0.004804871583464099,"standard_error":0.002578233222287736},"median":{"confidence_interval":{"confidence_level":0.95,"lower_bound":-0.0025644065836389895,"upper_bound":0.0021656620531689263},"point_estimate":-0.0001889630749539739,"standard_error":0.0012607964132464876}}