{"mean":{"confidence_interval":{"confidence_level":0.95,"lower_bound":-0.005264954087881635,"upper_bound":0.026338466182906316},"point_estimate":0.012427104465415395,"standard_error":0.008142337218406067},"median":{"confidence_interval":{"confidence_level":0.95,"lower_bound":0.013143529006318655,"upper_bound":0.03428384291845732},"point_estimate":0.024504249421675173,"standard_error":0.005435572288626994}}