{"mean":{"confidence_interval":{"confidence_level":0.95,"lower_bound":0.005677398167035941,"upper_bound":0.01900281644541005},"point_estimate":0.012871446074546489,"standard_error":0.003384265424224198},"median":{"confidence_interval":{"confidence_level":0.95,"lower_bound":0.013400399577214506,"upper_bound":0.024858671909051333},"point_estimate":0.021683162177592585,"standard_error":0.003197839489931981}}