{"mean":{"confidence_interval":{"confidence_level":0.95,"lower_bound":-0.016194006727466737,"upper_bound":-0.002132925183279899},"point_estimate":-0.009761637073770757,"standard_error":0.0035434889299209757},"median":{"confidence_interval":{"confidence_level":0.95,"lower_bound":-0.018094414777807377,"upper_bound":-0.009150312119744042},"point_estimate":-0.014063284334839277,"standard_error":0.0021312173620503627}}