{"mean":{"confidence_interval":{"confidence_level":0.95,"lower_bound":-0.0219751959243083,"upper_bound":-0.00868803547490713},"point_estimate":-0.01528322701224949,"standard_error":0.003381295398367959},"median":{"confidence_interval":{"confidence_level":0.95,"lower_bound":-0.023169825339909095,"upper_bound":-0.0021670574126249065},"point_estimate":-0.01328367210174064,"standard_error":0.005362073577034194}}