{"mean":{"confidence_interval":{"confidence_level":0.95,"lower_bound":-0.04751808208683994,"upper_bound":-0.03476638869269888},"point_estimate":-0.042120660800852416,"standard_error":0.003248055095111741},"median":{"confidence_interval":{"confidence_level":0.95,"lower_bound":-0.05517877057239451,"upper_bound":-0.03746140369061457},"point_estimate":-0.04901230077576968,"standard_error":0.005103318859176878}}