{"mean":{"confidence_interval":{"confidence_level":0.95,"lower_bound":-0.013227362954963295,"upper_bound":-0.005499480192125807},"point_estimate":-0.009218716200356747,"standard_error":0.0019495298096993483},"median":{"confidence_interval":{"confidence_level":0.95,"lower_bound":-0.014089296086187808,"upper_bound":-0.006671666239377205},"point_estimate":-0.01030333742703149,"standard_error":0.0019433063683518257}}