{"mean":{"confidence_interval":{"confidence_level":0.95,"lower_bound":-0.0019908749335537657,"upper_bound":0.0064258843236624725},"point_estimate":0.0021903653711867754,"standard_error":0.0021208297982806346},"median":{"confidence_interval":{"confidence_level":0.95,"lower_bound":-0.0012920072916349223,"upper_bound":0.004710779791556874},"point_estimate":0.0020157280077186535,"standard_error":0.0015635533439761842}}