{"mean":{"confidence_interval":{"confidence_level":0.95,"lower_bound":0.007073557284455864,"upper_bound":0.05024236169213959},"point_estimate":0.02970631697863535,"standard_error":0.011096787702285121},"median":{"confidence_interval":{"confidence_level":0.95,"lower_bound":0.05537842638797619,"upper_bound":0.0784456040265118},"point_estimate":0.07048407913191834,"standard_error":0.006200793314488969}}