{"mean":{"confidence_interval":{"confidence_level":0.95,"lower_bound":-0.003625882784941359,"upper_bound":0.0013622898505517677},"point_estimate":-0.0009708323093906568,"standard_error":0.0012785949255219664},"median":{"confidence_interval":{"confidence_level":0.95,"lower_bound":-0.0035591939783826687,"upper_bound":0.0013401900840135372},"point_estimate":-0.0010061170874776648,"standard_error":0.001230418070717437}}