{"mean":{"confidence_interval":{"confidence_level":0.95,"lower_bound":-0.0029635419168847488,"upper_bound":0.004391911757444697},"point_estimate":0.0005019211458876516,"standard_error":0.0018871820697666706},"median":{"confidence_interval":{"confidence_level":0.95,"lower_bound":-0.0032310422678076735,"upper_bound":0.0031342334687050463},"point_estimate":0.0005250182972424966,"standard_error":0.001582351384370187}}