{"mean":{"confidence_interval":{"confidence_level":0.95,"lower_bound":-0.006693182508497071,"upper_bound":0.00006292630906250238},"point_estimate":-0.0030186488421848345,"standard_error":0.0017256217244120504},"median":{"confidence_interval":{"confidence_level":0.95,"lower_bound":-0.004064474978119015,"upper_bound":0.0007072020618206221},"point_estimate":-0.001957649081380297,"standard_error":0.0012439675405915306}}