{"mean":{"confidence_interval":{"confidence_level":0.95,"lower_bound":-0.007049911853454572,"upper_bound":0.022651460285291858},"point_estimate":0.007123040689088533,"standard_error":0.007653842040103211},"median":{"confidence_interval":{"confidence_level":0.95,"lower_bound":-0.0048126976199318605,"upper_bound":0.0009585628554462655},"point_estimate":-0.0024118147249614363,"standard_error":0.0014759455991333347}}