{"mean":{"confidence_interval":{"confidence_level":0.95,"lower_bound":0.008566236040154888,"upper_bound":0.054856281358396916},"point_estimate":0.03284676264809416,"standard_error":0.011756452845362529},"median":{"confidence_interval":{"confidence_level":0.95,"lower_bound":-0.0067738790886352485,"upper_bound":0.004165464016010922},"point_estimate":-0.0025242385628274633,"standard_error":0.0029174874680051427}}