{"mean":{"confidence_interval":{"confidence_level":0.95,"lower_bound":0.1625991547434179,"upper_bound":0.2937533816774384},"point_estimate":0.2345997861634288,"standard_error":0.032258694257863305},"median":{"confidence_interval":{"confidence_level":0.95,"lower_bound":0.12694253608085737,"upper_bound":0.3235632216024298},"point_estimate":0.26412513516415204,"standard_error":0.04333403228385848}}