{"mean":{"confidence_interval":{"confidence_level":0.95,"lower_bound":-0.01199595375323248,"upper_bound":0.00011197705608934072},"point_estimate":-0.0057330320995567785,"standard_error":0.003099357316388265},"median":{"confidence_interval":{"confidence_level":0.95,"lower_bound":-0.014475668981910217,"upper_bound":0.0024360105390273112},"point_estimate":-0.0033822212852331335,"standard_error":0.004270337575253126}}