{"mean":{"confidence_interval":{"confidence_level":0.95,"lower_bound":0.008540134167242641,"upper_bound":0.02376789746754115},"point_estimate":0.01570328530067222,"standard_error":0.003967775402317741},"median":{"confidence_interval":{"confidence_level":0.95,"lower_bound":0.004584624323622499,"upper_bound":0.030281511110141768},"point_estimate":0.018969636359951636,"standard_error":0.006984744872849027}}