{"mean":{"confidence_interval":{"confidence_level":0.95,"lower_bound":-0.0016811842101307145,"upper_bound":0.010558515401816848},"point_estimate":0.004468656623458411,"standard_error":0.0031522072700094325},"median":{"confidence_interval":{"confidence_level":0.95,"lower_bound":-0.0007040017170196755,"upper_bound":0.011745471089150028},"point_estimate":0.000660138745186778,"standard_error":0.003558881791302489}}