{"mean":{"confidence_interval":{"confidence_level":0.95,"lower_bound":-0.17642014804876102,"upper_bound":-0.054765987530770915},"point_estimate":-0.11368691436534983,"standard_error":0.03080928525492144},"median":{"confidence_interval":{"confidence_level":0.95,"lower_bound":-0.16090357072219075,"upper_bound":-0.046349087559739766},"point_estimate":-0.059174711857428064,"standard_error":0.031853481465669665}}