{"mean":{"confidence_interval":{"confidence_level":0.95,"lower_bound":-0.0038315947867702195,"upper_bound":0.006161401148462952},"point_estimate":0.00127780252425036,"standard_error":0.00253982924093649},"median":{"confidence_interval":{"confidence_level":0.95,"lower_bound":-0.0013515835390147668,"upper_bound":0.0035571188267291554},"point_estimate":0.0026529085966506827,"standard_error":0.0011895790462020848}}