{"mean":{"confidence_interval":{"confidence_level":0.95,"lower_bound":-0.05050183319377588,"upper_bound":-0.004638039720169281},"point_estimate":-0.023242991947825753,"standard_error":0.012712201843122163},"median":{"confidence_interval":{"confidence_level":0.95,"lower_bound":-0.02512889894278325,"upper_bound":-0.005383887374691199},"point_estimate":-0.009853507238339998,"standard_error":0.00564870610382075}}