{"mean":{"confidence_interval":{"confidence_level":0.95,"lower_bound":0.007348804538909227,"upper_bound":0.17047889321353224},"point_estimate":0.07663249834818897,"standard_error":0.04263673943449081},"median":{"confidence_interval":{"confidence_level":0.95,"lower_bound":-0.0365498774900459,"upper_bound":0.1808567645281176},"point_estimate":0.043337200501583295,"standard_error":0.05134040953761924}}