{"mean":{"confidence_interval":{"confidence_level":0.95,"lower_bound":-0.2170464369773899,"upper_bound":-0.11798089749521479},"point_estimate":-0.17230768038686184,"standard_error":0.025373213767583936},"median":{"confidence_interval":{"confidence_level":0.95,"lower_bound":-0.25046913291311756,"upper_bound":-0.10093270785456565},"point_estimate":-0.21440796732253853,"standard_error":0.03672250463355531}}