{"mean":{"confidence_interval":{"confidence_level":0.95,"lower_bound":-0.0002688398967395367,"upper_bound":0.01802936236711526},"point_estimate":0.00807216762106111,"standard_error":0.004668799801881928},"median":{"confidence_interval":{"confidence_level":0.95,"lower_bound":0.001398730970721962,"upper_bound":0.009411121948946805},"point_estimate":0.003217203692811088,"standard_error":0.0028366499512407586}}