{"mean":{"confidence_interval":{"confidence_level":0.95,"lower_bound":-0.0015890145643829045,"upper_bound":0.05112163879472498},"point_estimate":0.020039507349836727,"standard_error":0.013641116198396306},"median":{"confidence_interval":{"confidence_level":0.95,"lower_bound":0.0019247841138589905,"upper_bound":0.02602848897790122},"point_estimate":0.009589826443889615,"standard_error":0.00562582370859099}}