{"mean":{"confidence_interval":{"confidence_level":0.95,"lower_bound":4474406.30396422,"upper_bound":4490785.121588538},"point_estimate":4482213.739583905,"standard_error":4179.118284667378},"median":{"confidence_interval":{"confidence_level":0.95,"lower_bound":4473123.91,"upper_bound":4487625.21},"point_estimate":4480890.580769231,"standard_error":4013.3331117067023},"median_abs_dev":{"confidence_interval":{"confidence_level":0.95,"lower_bound":6477.981088070236,"upper_bound":22676.900911041434},"point_estimate":13146.662453100416,"standard_error":4178.244757282752},"slope":{"confidence_interval":{"confidence_level":0.95,"lower_bound":4475964.075413296,"upper_bound":4500839.873645854},"point_estimate":4487690.254006969,"standard_error":6490.149591257749},"std_dev":{"confidence_interval":{"confidence_level":0.95,"lower_bound":10689.294228540033,"upper_bound":25388.514241358105},"point_estimate":19180.558816554872,"standard_error":3789.7901186865574}}