{"mean":{"confidence_interval":{"confidence_level":0.95,"lower_bound":-0.002181585480535694,"upper_bound":0.00462242586338109},"point_estimate":0.0014890855356366473,"standard_error":0.0017288273008859924},"median":{"confidence_interval":{"confidence_level":0.95,"lower_bound":-0.0011604878630798732,"upper_bound":0.0036906673487988595},"point_estimate":0.0010653808528200415,"standard_error":0.001124965280417517}}