{"mean":{"confidence_interval":{"confidence_level":0.95,"lower_bound":-0.007792869669478069,"upper_bound":-0.002774498842825581},"point_estimate":-0.0053420905789320905,"standard_error":0.001277272595648675},"median":{"confidence_interval":{"confidence_level":0.95,"lower_bound":-0.006823534792752773,"upper_bound":-0.0025214425767601245},"point_estimate":-0.004147836414868267,"standard_error":0.0011372029283627156}}