{"mean":{"confidence_interval":{"confidence_level":0.95,"lower_bound":0.0013733836691169898,"upper_bound":0.006342080643430004},"point_estimate":0.003952501666173891,"standard_error":0.001275279514116675},"median":{"confidence_interval":{"confidence_level":0.95,"lower_bound":0.0012052393444548226,"upper_bound":0.0057088817187853635},"point_estimate":0.003755299504746956,"standard_error":0.001103019309779706}}