{"mean":{"confidence_interval":{"confidence_level":0.95,"lower_bound":0.00328937339227522,"upper_bound":0.014151048201186832},"point_estimate":0.0077147470034057974,"standard_error":0.00275673762002571},"median":{"confidence_interval":{"confidence_level":0.95,"lower_bound":0.0016143708991769312,"upper_bound":0.007308185611475171},"point_estimate":0.004032959536167002,"standard_error":0.0014536118870440554}}