{"mean":{"confidence_interval":{"confidence_level":0.95,"lower_bound":-0.006437521450003758,"upper_bound":0.001123670797420484},"point_estimate":-0.0023784130661257397,"standard_error":0.0019278087252539392},"median":{"confidence_interval":{"confidence_level":0.95,"lower_bound":-0.001338603773959668,"upper_bound":0.0027316065030300596},"point_estimate":0.0008679073858843811,"standard_error":0.0010206642548317086}}