{"mean":{"confidence_interval":{"confidence_level":0.95,"lower_bound":0.026984250442360525,"upper_bound":0.13932496592386306},"point_estimate":0.06952650139290473,"standard_error":0.033688276785364527},"median":{"confidence_interval":{"confidence_level":0.95,"lower_bound":0.0212987799628543,"upper_bound":0.030362592238537413},"point_estimate":0.02617198932822129,"standard_error":0.002383916237361174}}