{"mean":{"confidence_interval":{"confidence_level":0.95,"lower_bound":-0.12119260554809319,"upper_bound":-0.01953364839059442},"point_estimate":-0.05805129393898356,"standard_error":0.030460534830369406},"median":{"confidence_interval":{"confidence_level":0.95,"lower_bound":-0.022456617647365507,"upper_bound":-0.011997217768866086},"point_estimate":-0.017294558600679633,"standard_error":0.0026698189354504077}}