{"mean":{"confidence_interval":{"confidence_level":0.95,"lower_bound":0.006093355240391896,"upper_bound":0.03642534811842294},"point_estimate":0.01994557091009952,"standard_error":0.007830968017894709},"median":{"confidence_interval":{"confidence_level":0.95,"lower_bound":0.007408870983822036,"upper_bound":0.019244105279521362},"point_estimate":0.014649774294344109,"standard_error":0.00293408749468507}}