{"mean":{"confidence_interval":{"confidence_level":0.95,"lower_bound":-0.002854643429373138,"upper_bound":0.0018045908472048566},"point_estimate":-0.0005893963111675005,"standard_error":0.0011812350179003438},"median":{"confidence_interval":{"confidence_level":0.95,"lower_bound":-0.003769344609582004,"upper_bound":0.0005427240486739482},"point_estimate":-0.0015273395810757595,"standard_error":0.0010778925120853886}}