{"mean":{"confidence_interval":{"confidence_level":0.95,"lower_bound":-0.00022999066639883825,"upper_bound":0.00809395162695532},"point_estimate":0.0034985973203878196,"standard_error":0.002108900043574981},"median":{"confidence_interval":{"confidence_level":0.95,"lower_bound":-0.0009516992830349569,"upper_bound":0.002707163824770653},"point_estimate":0.00020072834930062733,"standard_error":0.0009814287791350704}}