{"mean":{"confidence_interval":{"confidence_level":0.95,"lower_bound":0.0025663159220382257,"upper_bound":0.014676252923680917},"point_estimate":0.008014801513456682,"standard_error":0.0031918572217237806},"median":{"confidence_interval":{"confidence_level":0.95,"lower_bound":0.000274307760370629,"upper_bound":0.008124409255049425},"point_estimate":0.004673738564074936,"standard_error":0.002125334177805635}}