{"mean":{"confidence_interval":{"confidence_level":0.95,"lower_bound":-0.029123286167372475,"upper_bound":-0.013632521862154023},"point_estimate":-0.020247684891481543,"standard_error":0.003986851536883979},"median":{"confidence_interval":{"confidence_level":0.95,"lower_bound":-0.019523859898155083,"upper_bound":-0.013401123548938743},"point_estimate":-0.016862241895760022,"standard_error":0.001634763465610866}}