{"mean":{"confidence_interval":{"confidence_level":0.95,"lower_bound":0.012731160723218116,"upper_bound":0.049399722351360524},"point_estimate":0.03363970815001216,"standard_error":0.009399218380873297},"median":{"confidence_interval":{"confidence_level":0.95,"lower_bound":0.03245087662070523,"upper_bound":0.04595111467804114},"point_estimate":0.03823970747749539,"standard_error":0.0032531553203057734}}