{"mean":{"confidence_interval":{"confidence_level":0.95,"lower_bound":-0.015786120938092504,"upper_bound":-0.004754276341587477},"point_estimate":-0.009818606908226002,"standard_error":0.002830369125597322},"median":{"confidence_interval":{"confidence_level":0.95,"lower_bound":-0.007965097353322736,"upper_bound":-0.0010215737133810743},"point_estimate":-0.004441990693254572,"standard_error":0.0019821955624776595}}