{"mean":{"confidence_interval":{"confidence_level":0.95,"lower_bound":-0.010163121241200248,"upper_bound":-0.0046466756015697275},"point_estimate":-0.0074435013272980965,"standard_error":0.0014048806984236805},"median":{"confidence_interval":{"confidence_level":0.95,"lower_bound":-0.011745440543320274,"upper_bound":-0.005147133818250382},"point_estimate":-0.008311971944656937,"standard_error":0.0015737516112516218}}