{"mean":{"confidence_interval":{"confidence_level":0.95,"lower_bound":0.07039396351236858,"upper_bound":0.08418814970539878},"point_estimate":0.0763864839912145,"standard_error":0.0035412325923890485},"median":{"confidence_interval":{"confidence_level":0.95,"lower_bound":0.06929639049412262,"upper_bound":0.07241357150915473},"point_estimate":0.0709104643378462,"standard_error":0.0008909804835995134}}