{"mean":{"confidence_interval":{"confidence_level":0.95,"lower_bound":0.016548956472402503,"upper_bound":0.036829916389248776},"point_estimate":0.02628960118549384,"standard_error":0.004998219479387618},"median":{"confidence_interval":{"confidence_level":0.95,"lower_bound":0.010215305768710065,"upper_bound":0.017758822384682516},"point_estimate":0.013848269043841732,"standard_error":0.0018894194178842127}}