{"mean":{"confidence_interval":{"confidence_level":0.95,"lower_bound":-0.010490177608332705,"upper_bound":0.013924174359865704},"point_estimate":-0.0006879632056687734,"standard_error":0.006241931369197079},"median":{"confidence_interval":{"confidence_level":0.95,"lower_bound":-0.010159010503517196,"upper_bound":-0.0038591334722786197},"point_estimate":-0.007191020837422846,"standard_error":0.0017473517057132756}}