{"mean":{"confidence_interval":{"confidence_level":0.95,"lower_bound":0.06364245695987725,"upper_bound":0.0727900281831975},"point_estimate":0.06843232710281733,"standard_error":0.0023230524805340686},"median":{"confidence_interval":{"confidence_level":0.95,"lower_bound":0.06694782884765038,"upper_bound":0.0707164506981095},"point_estimate":0.0685772415778545,"standard_error":0.0009684022041165027}}