{"mean":{"confidence_interval":{"confidence_level":0.95,"lower_bound":-0.021776044950250033,"upper_bound":-0.0006743440138057425},"point_estimate":-0.010529439467012347,"standard_error":0.005409058978562788},"median":{"confidence_interval":{"confidence_level":0.95,"lower_bound":-0.0028733534478763145,"upper_bound":0.006653639964570468},"point_estimate":0.0009596003348413262,"standard_error":0.0024604777618565657}}