{"mean":{"confidence_interval":{"confidence_level":0.95,"lower_bound":-0.06879195771138658,"upper_bound":-0.06333717406265826},"point_estimate":-0.06569821007718624,"standard_error":0.0013898494978026293},"median":{"confidence_interval":{"confidence_level":0.95,"lower_bound":-0.06634176280583837,"upper_bound":-0.06320717738969639},"point_estimate":-0.06477279259436819,"standard_error":0.0008326150435706748}}