{"mean":{"confidence_interval":{"confidence_level":0.95,"lower_bound":0.011931468344671127,"upper_bound":0.01981316959169459},"point_estimate":0.01584902084085127,"standard_error":0.0019904034943765978},"median":{"confidence_interval":{"confidence_level":0.95,"lower_bound":0.0106803244615028,"upper_bound":0.015759694688914916},"point_estimate":0.013149796773371358,"standard_error":0.0012528479470827751}}