{"mean":{"confidence_interval":{"confidence_level":0.95,"lower_bound":-0.024750818320558216,"upper_bound":-0.002627542377347112},"point_estimate":-0.01189018938816766,"standard_error":0.0057123055770644205},"median":{"confidence_interval":{"confidence_level":0.95,"lower_bound":-0.003241375271338498,"upper_bound":0.0009463583054714064},"point_estimate":-0.0012641273116743568,"standard_error":0.0011079481551444258}}