{"mean":{"confidence_interval":{"confidence_level":0.95,"lower_bound":-0.06380087023259262,"upper_bound":-0.05617037085057855},"point_estimate":-0.06079592304454706,"standard_error":0.0018572813658704244},"median":{"confidence_interval":{"confidence_level":0.95,"lower_bound":-0.06384964531967152,"upper_bound":-0.06086163407798717},"point_estimate":-0.06167729164242086,"standard_error":0.0007679769184904016}}