{"mean":{"confidence_interval":{"confidence_level":0.95,"lower_bound":-0.011121338666732776,"upper_bound":-0.0012326257396402852},"point_estimate":-0.007011980496219539,"standard_error":0.002669875330483221},"median":{"confidence_interval":{"confidence_level":0.95,"lower_bound":-0.011712366004701158,"upper_bound":-0.008537561022766038},"point_estimate":-0.010794659690807729,"standard_error":0.0008754477477660482}}