{"mean":{"confidence_interval":{"confidence_level":0.95,"lower_bound":-0.0014205913431605164,"upper_bound":0.01120240547313075},"point_estimate":0.00558749777711709,"standard_error":0.0032382878576856905},"median":{"confidence_interval":{"confidence_level":0.95,"lower_bound":0.002495231478596427,"upper_bound":0.009667190350736599},"point_estimate":0.005283696842450558,"standard_error":0.0016759618608095494}}