{"mean":{"confidence_interval":{"confidence_level":0.95,"lower_bound":-0.01732844052579452,"upper_bound":0.0007991944041814523},"point_estimate":-0.007357663675020665,"standard_error":0.004673842792025656},"median":{"confidence_interval":{"confidence_level":0.95,"lower_bound":-0.0016647509137011074,"upper_bound":0.0020150109508707548},"point_estimate":0.0003389926204351301,"standard_error":0.0009007698593936}}