{"mean":{"confidence_interval":{"confidence_level":0.95,"lower_bound":0.04567547675124106,"upper_bound":0.051341250255528825},"point_estimate":0.04844428160007119,"standard_error":0.0014445437494794034},"median":{"confidence_interval":{"confidence_level":0.95,"lower_bound":0.04428455993169133,"upper_bound":0.05153861845894081},"point_estimate":0.04860817085033009,"standard_error":0.0019709775865749918}}