{"mean":{"confidence_interval":{"confidence_level":0.95,"lower_bound":-0.0044285839537507865,"upper_bound":0.007187995900990287},"point_estimate":0.0013315812388743353,"standard_error":0.002982543267807799},"median":{"confidence_interval":{"confidence_level":0.95,"lower_bound":-0.0034477277943912865,"upper_bound":0.004856389355738733},"point_estimate":0.0014979427732944028,"standard_error":0.002158946069731276}}