{"mean":{"confidence_interval":{"confidence_level":0.95,"lower_bound":-0.01739221887939458,"upper_bound":0.0015160494225598354},"point_estimate":-0.008303594262049518,"standard_error":0.004912075566137939},"median":{"confidence_interval":{"confidence_level":0.95,"lower_bound":-0.015713821889294044,"upper_bound":-0.011689976496328303},"point_estimate":-0.01369197558790447,"standard_error":0.0010042134586036927}}