{"mean":{"confidence_interval":{"confidence_level":0.95,"lower_bound":-0.017026282373522772,"upper_bound":0.005797224181126047},"point_estimate":-0.005380723138801891,"standard_error":0.0058299106207785},"median":{"confidence_interval":{"confidence_level":0.95,"lower_bound":-0.02131845087888895,"upper_bound":0.014205869384655179},"point_estimate":0.000920605455271728,"standard_error":0.009516088183794211}}