{"mean":{"confidence_interval":{"confidence_level":0.95,"lower_bound":-0.030534796927060293,"upper_bound":0.02429200401584754},"point_estimate":0.0002735225143777331,"standard_error":0.014279848935862939},"median":{"confidence_interval":{"confidence_level":0.95,"lower_bound":-0.00647440689088119,"upper_bound":0.030933109644345258},"point_estimate":0.008897476054587683,"standard_error":0.010435034333161557}}