{"mean":{"confidence_interval":{"confidence_level":0.95,"lower_bound":-0.012932472648069987,"upper_bound":0.015177840098054262},"point_estimate":0.0007812725610196747,"standard_error":0.007189317820323597},"median":{"confidence_interval":{"confidence_level":0.95,"lower_bound":-0.01591512813146445,"upper_bound":0.009950415644592425},"point_estimate":-0.005912612581864929,"standard_error":0.006730091560356212}}