{"mean":{"confidence_interval":{"confidence_level":0.95,"lower_bound":-0.018481355216565243,"upper_bound":0.04996999231489255},"point_estimate":0.010995575538071733,"standard_error":0.016981173986330905},"median":{"confidence_interval":{"confidence_level":0.95,"lower_bound":-0.01863050797693655,"upper_bound":0.028608250125889967},"point_estimate":0.006506103426690668,"standard_error":0.012583241595356223}}