{"mean":{"confidence_interval":{"confidence_level":0.95,"lower_bound":-0.023593005315918125,"upper_bound":-0.0007274225269577179},"point_estimate":-0.011872262178593718,"standard_error":0.0058380480776993385},"median":{"confidence_interval":{"confidence_level":0.95,"lower_bound":-0.02899544776443741,"upper_bound":0.003302601248164283},"point_estimate":-0.01598567255235095,"standard_error":0.008569869344061223}}