{"mean":{"confidence_interval":{"confidence_level":0.95,"lower_bound":-0.003647361725659651,"upper_bound":0.0039069251518891596},"point_estimate":-0.000027081434085585165,"standard_error":0.0019332780121954344},"median":{"confidence_interval":{"confidence_level":0.95,"lower_bound":-0.004021473467271219,"upper_bound":0.002480824939457671},"point_estimate":-0.0005583600532717004,"standard_error":0.0016973294330132266}}