{"mean":{"confidence_interval":{"confidence_level":0.95,"lower_bound":-0.02941618187670303,"upper_bound":0.000305262669942162},"point_estimate":-0.011800579178125603,"standard_error":0.007724528220583537},"median":{"confidence_interval":{"confidence_level":0.95,"lower_bound":-0.007211244777263426,"upper_bound":-0.0023745902115343},"point_estimate":-0.004737670565989838,"standard_error":0.0012561508530624893}}