{"mean":{"confidence_interval":{"confidence_level":0.95,"lower_bound":-0.02132252164547867,"upper_bound":-0.015388706602959656},"point_estimate":-0.01814301007293806,"standard_error":0.0015170134849040802},"median":{"confidence_interval":{"confidence_level":0.95,"lower_bound":-0.020323200729036595,"upper_bound":-0.016847903666751485},"point_estimate":-0.018586571663621765,"standard_error":0.0008661069255475507}}