{"mean":{"confidence_interval":{"confidence_level":0.95,"lower_bound":-0.0014243506327858305,"upper_bound":0.029186632133528092},"point_estimate":0.00951447512617598,"standard_error":0.007989675911261325},"median":{"confidence_interval":{"confidence_level":0.95,"lower_bound":-0.004548116291407389,"upper_bound":0.0006075671957492812},"point_estimate":-0.0015017225202016427,"standard_error":0.0012759971410001732}}