{"mean":{"confidence_interval":{"confidence_level":0.95,"lower_bound":0.007198830135455953,"upper_bound":0.012908121125752422},"point_estimate":0.010040084020282336,"standard_error":0.0014669597199103842},"median":{"confidence_interval":{"confidence_level":0.95,"lower_bound":0.00831468285476622,"upper_bound":0.013935815401088236},"point_estimate":0.0105692326181559,"standard_error":0.0014715753596113502}}