{"mean":{"confidence_interval":{"confidence_level":0.95,"lower_bound":0.0026132568295632514,"upper_bound":0.011784716910096103},"point_estimate":0.006724012309268446,"standard_error":0.002384763790444803},"median":{"confidence_interval":{"confidence_level":0.95,"lower_bound":-0.0001795679126742611,"upper_bound":0.004101591531936677},"point_estimate":0.0019920073503467695,"standard_error":0.0010189659405944107}}