{"mean":{"confidence_interval":{"confidence_level":0.95,"lower_bound":-0.01371941360200446,"upper_bound":-0.0030025603469400145},"point_estimate":-0.008371054143163081,"standard_error":0.0027232694237317666},"median":{"confidence_interval":{"confidence_level":0.95,"lower_bound":-0.012712770915059401,"upper_bound":-0.0028942695204424718},"point_estimate":-0.008521343646591295,"standard_error":0.0021801055751955456}}