{"mean":{"confidence_interval":{"confidence_level":0.95,"lower_bound":0.004919555046213331,"upper_bound":0.011921966584470093},"point_estimate":0.008707829007310153,"standard_error":0.0017910584049378832},"median":{"confidence_interval":{"confidence_level":0.95,"lower_bound":0.005757347929520082,"upper_bound":0.011324499874000082},"point_estimate":0.008944018971237089,"standard_error":0.0014129007308276277}}