{"mean":{"confidence_interval":{"confidence_level":0.95,"lower_bound":-0.001035416707899084,"upper_bound":0.0070701828569740745},"point_estimate":0.002534824210011166,"standard_error":0.0021229391741792282},"median":{"confidence_interval":{"confidence_level":0.95,"lower_bound":-0.0021530734213403013,"upper_bound":0.0025190817922939868},"point_estimate":0.00022636426552780087,"standard_error":0.0012618937632984254}}