{"mean":{"confidence_interval":{"confidence_level":0.95,"lower_bound":-0.00508954975236553,"upper_bound":-0.001371382211769612},"point_estimate":-0.003207274885849598,"standard_error":0.0009522845281706516},"median":{"confidence_interval":{"confidence_level":0.95,"lower_bound":-0.004269123335528979,"upper_bound":-0.00017632149145496712},"point_estimate":-0.0021706486122792246,"standard_error":0.0009971098882467205}}