{"mean":{"confidence_interval":{"confidence_level":0.95,"lower_bound":-0.0009639702423511936,"upper_bound":0.02397024646164512},"point_estimate":0.009974161703318218,"standard_error":0.0065267840950844576},"median":{"confidence_interval":{"confidence_level":0.95,"lower_bound":-0.0025735625941392115,"upper_bound":0.0016003690761334788},"point_estimate":-0.0005547809142426585,"standard_error":0.0011306297358648907}}