{"mean":{"confidence_interval":{"confidence_level":0.95,"lower_bound":0.01218637130046843,"upper_bound":0.02205730227997141},"point_estimate":0.017130348884162983,"standard_error":0.002608524457913007},"median":{"confidence_interval":{"confidence_level":0.95,"lower_bound":0.011369444300702117,"upper_bound":0.02144642803200969},"point_estimate":0.016430194826137834,"standard_error":0.0021919832890498056}}