{"mean":{"confidence_interval":{"confidence_level":0.95,"lower_bound":-0.010275859328002013,"upper_bound":-0.0004322027900612868},"point_estimate":-0.004908571492352687,"standard_error":0.002527130388399368},"median":{"confidence_interval":{"confidence_level":0.95,"lower_bound":-0.003530382132482801,"upper_bound":0.0005569735271069298},"point_estimate":-0.00045500451404945075,"standard_error":0.0011371514997917216}}