{"mean":{"confidence_interval":{"confidence_level":0.95,"lower_bound":-0.02619236871539768,"upper_bound":0.0016278241340565663},"point_estimate":-0.009902853357179109,"standard_error":0.0072947278977686545},"median":{"confidence_interval":{"confidence_level":0.95,"lower_bound":-0.000023398269721530696,"upper_bound":0.004571041966369371},"point_estimate":0.0020902850310235976,"standard_error":0.001077644343271425}}