{"mean":{"confidence_interval":{"confidence_level":0.95,"lower_bound":-0.012983721789911034,"upper_bound":0.010582018920613301},"point_estimate":-0.0002907656862212171,"standard_error":0.006047011651021172},"median":{"confidence_interval":{"confidence_level":0.95,"lower_bound":0.011815190921792507,"upper_bound":0.01872842271247932},"point_estimate":0.015037534720365286,"standard_error":0.0018481978020728471}}