{"mean":{"confidence_interval":{"confidence_level":0.95,"lower_bound":-0.0035254152528749736,"upper_bound":0.025396924002433024},"point_estimate":0.008872885122437335,"standard_error":0.007458153862711204},"median":{"confidence_interval":{"confidence_level":0.95,"lower_bound":-0.0036969053619932968,"upper_bound":0.0015089264762342403},"point_estimate":-0.0015963388067778972,"standard_error":0.0013736553988727427}}