{"mean":{"confidence_interval":{"confidence_level":0.95,"lower_bound":0.015396115522431888,"upper_bound":0.04272679334273483},"point_estimate":0.02684028854177334,"standard_error":0.006725068241698831},"median":{"confidence_interval":{"confidence_level":0.95,"lower_bound":0.011712992357943097,"upper_bound":0.02599952324031718},"point_estimate":0.013920041085984547,"standard_error":0.00367826917534916}}