{"mean":{"confidence_interval":{"confidence_level":0.95,"lower_bound":0.2969905021898236,"upper_bound":0.709678613498792},"point_estimate":0.4775012983657496,"standard_error":0.10643810208104688},"median":{"confidence_interval":{"confidence_level":0.95,"lower_bound":0.14660775874727042,"upper_bound":0.4976307244008269},"point_estimate":0.35429907501041646,"standard_error":0.09166633590645519}}