{"mean":{"confidence_interval":{"confidence_level":0.95,"lower_bound":-0.02656947484003469,"upper_bound":-0.0019809235550829474},"point_estimate":-0.013059730971387906,"standard_error":0.006290237148513993},"median":{"confidence_interval":{"confidence_level":0.95,"lower_bound":-0.005002276925749616,"upper_bound":-0.0005695925166592231},"point_estimate":-0.002446343369746251,"standard_error":0.001285948670586052}}