{"mean":{"confidence_interval":{"confidence_level":0.95,"lower_bound":0.0045929444846189,"upper_bound":0.015214526940827882},"point_estimate":0.00907820074602772,"standard_error":0.00265152991959473},"median":{"confidence_interval":{"confidence_level":0.95,"lower_bound":0.0030717935324893197,"upper_bound":0.013811877483228319},"point_estimate":0.00597454973332856,"standard_error":0.0026707027716014976}}