{"mean":{"confidence_interval":{"confidence_level":0.95,"lower_bound":-0.020098744560881898,"upper_bound":0.0030796109876675207},"point_estimate":-0.006676293235419739,"standard_error":0.006083997807628398},"median":{"confidence_interval":{"confidence_level":0.95,"lower_bound":-0.002087757075010299,"upper_bound":0.004718095683991841},"point_estimate":0.0029766713973187198,"standard_error":0.00198120503534569}}