{"mean":{"confidence_interval":{"confidence_level":0.95,"lower_bound":-0.4227273598881697,"upper_bound":-0.23004524302134463},"point_estimate":-0.3290927530092854,"standard_error":0.049734371879031396},"median":{"confidence_interval":{"confidence_level":0.95,"lower_bound":-0.3383266480530981,"upper_bound":-0.14259468717125856},"point_estimate":-0.26799020384890615,"standard_error":0.05208169248703844}}