{"mean":{"confidence_interval":{"confidence_level":0.95,"lower_bound":-0.0322574096907899,"upper_bound":-0.005310072805102317},"point_estimate":-0.016618707085198747,"standard_error":0.00701525659915799},"median":{"confidence_interval":{"confidence_level":0.95,"lower_bound":-0.014650567226812683,"upper_bound":-0.003218069605909868},"point_estimate":-0.005494234075111182,"standard_error":0.0032506744244521703}}