{"mean":{"confidence_interval":{"confidence_level":0.95,"lower_bound":0.07223041440396429,"upper_bound":0.36073593166884976},"point_estimate":0.2079422150167054,"standard_error":0.07424971196237823},"median":{"confidence_interval":{"confidence_level":0.95,"lower_bound":0.03293693721157287,"upper_bound":0.06903560446682744},"point_estimate":0.04976023830648679,"standard_error":0.016197355568605416}}