{"mean":{"confidence_interval":{"confidence_level":0.95,"lower_bound":-0.003235461238753442,"upper_bound":0.02045700960225601},"point_estimate":0.007831940086016509,"standard_error":0.006092634153610429},"median":{"confidence_interval":{"confidence_level":0.95,"lower_bound":-0.00399770031029556,"upper_bound":-0.00038335778128162357},"point_estimate":-0.002686416242507428,"standard_error":0.0008937644834775691}}