{"mean":{"confidence_interval":{"confidence_level":0.95,"lower_bound":-0.27103308199960474,"upper_bound":-0.06224626373477937},"point_estimate":-0.16872064469879644,"standard_error":0.05370661395406144},"median":{"confidence_interval":{"confidence_level":0.95,"lower_bound":-0.06894680980715961,"upper_bound":-0.026046158005469167},"point_estimate":-0.042603831135653136,"standard_error":0.0164307799140832}}