{"mean":{"confidence_interval":{"confidence_level":0.95,"lower_bound":-0.007955027067123487,"upper_bound":0.004572016983679872},"point_estimate":-0.0017628050952284147,"standard_error":0.003185891076696018},"median":{"confidence_interval":{"confidence_level":0.95,"lower_bound":-0.007152355893295881,"upper_bound":0.002953402903196789},"point_estimate":0.00001901250787472719,"standard_error":0.002476840893114814}}