{"mean":{"confidence_interval":{"confidence_level":0.95,"lower_bound":-0.037434302150445325,"upper_bound":-0.015177909075499763},"point_estimate":-0.025816073772478965,"standard_error":0.005676322668051953},"median":{"confidence_interval":{"confidence_level":0.95,"lower_bound":-0.03256709422753845,"upper_bound":-0.012185278802729127},"point_estimate":-0.021753674362656183,"standard_error":0.005264257857797968}}