{"mean":{"confidence_interval":{"confidence_level":0.95,"lower_bound":0.04761282832261937,"upper_bound":0.06691194401430989},"point_estimate":0.0565158143475637,"standard_error":0.00491953493453294},"median":{"confidence_interval":{"confidence_level":0.95,"lower_bound":0.04637534797342169,"upper_bound":0.060585053133892286},"point_estimate":0.0520488584017047,"standard_error":0.00339288743629837}}