{"mean":{"confidence_interval":{"confidence_level":0.95,"lower_bound":-0.014668068131696188,"upper_bound":0.0010938576595909387},"point_estimate":-0.0061640898625962,"standard_error":0.004051634101247858},"median":{"confidence_interval":{"confidence_level":0.95,"lower_bound":-0.010759066593048608,"upper_bound":-0.004526040629052683},"point_estimate":-0.0072371892631474255,"standard_error":0.0015398525783696952}}