{"mean":{"confidence_interval":{"confidence_level":0.95,"lower_bound":-0.00869637587644947,"upper_bound":0.020697863062923292},"point_estimate":0.003429585379321587,"standard_error":0.0073500447678064035},"median":{"confidence_interval":{"confidence_level":0.95,"lower_bound":-0.003527847342559731,"upper_bound":0.012606848278556404},"point_estimate":0.00005630025774050473,"standard_error":0.004162716115812605}}