{"mean":{"confidence_interval":{"confidence_level":0.95,"lower_bound":0.021378438879269553,"upper_bound":0.03998351571799883},"point_estimate":0.030569763197892286,"standard_error":0.0047661980353862765},"median":{"confidence_interval":{"confidence_level":0.95,"lower_bound":0.026498456219335553,"upper_bound":0.04124513934192886},"point_estimate":0.033973261720171566,"standard_error":0.004103098577041671}}