{"mean":{"confidence_interval":{"confidence_level":0.95,"lower_bound":0.010019837363502504,"upper_bound":0.04611150710383331},"point_estimate":0.02715522720006014,"standard_error":0.009310246132836845},"median":{"confidence_interval":{"confidence_level":0.95,"lower_bound":-0.01801401868320418,"upper_bound":0.043361441553575686},"point_estimate":0.019423353553100098,"standard_error":0.019712785422497252}}