{"mean":{"confidence_interval":{"confidence_level":0.95,"lower_bound":0.005264246018175938,"upper_bound":0.021983170955647884},"point_estimate":0.013560793956665762,"standard_error":0.004325422652726706},"median":{"confidence_interval":{"confidence_level":0.95,"lower_bound":0.008352863025693269,"upper_bound":0.020875115732517102},"point_estimate":0.014943138760362906,"standard_error":0.003630348750497315}}