{"mean":{"confidence_interval":{"confidence_level":0.95,"lower_bound":-0.040345324352540346,"upper_bound":-0.02176350113152148},"point_estimate":-0.03069004135011144,"standard_error":0.004708104288359865},"median":{"confidence_interval":{"confidence_level":0.95,"lower_bound":-0.040355752457239324,"upper_bound":-0.022614382102481456},"point_estimate":-0.02965680920037117,"standard_error":0.0048292378080651635}}