{"mean":{"confidence_interval":{"confidence_level":0.95,"lower_bound":-0.01185923466457607,"upper_bound":0.0012005014245279888},"point_estimate":-0.0052847157413410395,"standard_error":0.00333816337589483},"median":{"confidence_interval":{"confidence_level":0.95,"lower_bound":-0.007408951399000663,"upper_bound":-0.0022211163218633923},"point_estimate":-0.004710732494185077,"standard_error":0.0012795749825099804}}