{"mean":{"confidence_interval":{"confidence_level":0.95,"lower_bound":-0.008433543237337138,"upper_bound":0.006134223590543918},"point_estimate":-0.001440487193977824,"standard_error":0.003623490146600036},"median":{"confidence_interval":{"confidence_level":0.95,"lower_bound":-0.004595665784449363,"upper_bound":0.001119180768291761},"point_estimate":-0.002411157401190578,"standard_error":0.0016035465910682514}}