{"mean":{"confidence_interval":{"confidence_level":0.95,"lower_bound":0.0140931757707365,"upper_bound":0.03587544987201625},"point_estimate":0.023868691999409997,"standard_error":0.005441548090820529},"median":{"confidence_interval":{"confidence_level":0.95,"lower_bound":0.010482354804388395,"upper_bound":0.03010255430881892},"point_estimate":0.019583561267779048,"standard_error":0.00491638598339795}}