{"mean":{"confidence_interval":{"confidence_level":0.95,"lower_bound":-0.004542446960157376,"upper_bound":0.00742374926496416},"point_estimate":0.0010139049354496166,"standard_error":0.0030407536489215127},"median":{"confidence_interval":{"confidence_level":0.95,"lower_bound":-0.003959507100776638,"upper_bound":0.002778851620366174},"point_estimate":-0.0003810365431294871,"standard_error":0.001750086775611879}}