{"mean":{"confidence_interval":{"confidence_level":0.95,"lower_bound":-0.020967133460106674,"upper_bound":0.009449913032161694},"point_estimate":-0.0031944088779747304,"standard_error":0.00794477170779551},"median":{"confidence_interval":{"confidence_level":0.95,"lower_bound":0.0031525328557475696,"upper_bound":0.008758885980744379},"point_estimate":0.006639065402390898,"standard_error":0.0014911682016472596}}