{"mean":{"confidence_interval":{"confidence_level":0.95,"lower_bound":-0.06462168579908312,"upper_bound":-0.027467125736491856},"point_estimate":-0.04563383114411901,"standard_error":0.009438130843698926},"median":{"confidence_interval":{"confidence_level":0.95,"lower_bound":-0.057989114360741056,"upper_bound":-0.0005905459435444627},"point_estimate":-0.03687407215167848,"standard_error":0.019528431014303137}}