{"mean":{"confidence_interval":{"confidence_level":0.95,"lower_bound":-0.05139272227289793,"upper_bound":-0.02037371697081054},"point_estimate":-0.037845936907467514,"standard_error":0.007718778298310733},"median":{"confidence_interval":{"confidence_level":0.95,"lower_bound":-0.051926375369960476,"upper_bound":-0.04328994816198095},"point_estimate":-0.049299884022291685,"standard_error":0.0022977586075138357}}