{"mean":{"confidence_interval":{"confidence_level":0.95,"lower_bound":0.006381414020805393,"upper_bound":0.021233763740562617},"point_estimate":0.012662825085316687,"standard_error":0.003918343461891318},"median":{"confidence_interval":{"confidence_level":0.95,"lower_bound":-0.0005800763330706671,"upper_bound":0.0051002704219160755},"point_estimate":0.002724884458598309,"standard_error":0.0015058546520855351}}