{"mean":{"confidence_interval":{"confidence_level":0.95,"lower_bound":-0.01733122472676707,"upper_bound":-0.0011193004762976796},"point_estimate":-0.009427838926224563,"standard_error":0.004094678666122936},"median":{"confidence_interval":{"confidence_level":0.95,"lower_bound":-0.012530430924835856,"upper_bound":-0.007138648838797779},"point_estimate":-0.010167618396318523,"standard_error":0.0014168333727262643}}