{"mean":{"confidence_interval":{"confidence_level":0.95,"lower_bound":0.0002580864713294581,"upper_bound":0.01740689145059227},"point_estimate":0.007788123344630193,"standard_error":0.004393910804102548},"median":{"confidence_interval":{"confidence_level":0.95,"lower_bound":-0.002351363674643503,"upper_bound":0.006590166305582068},"point_estimate":0.0021841071655508415,"standard_error":0.002209229055462782}}