{"mean":{"confidence_interval":{"confidence_level":0.95,"lower_bound":-0.009566492714652375,"upper_bound":0.0021959456326233672},"point_estimate":-0.0025905632913870713,"standard_error":0.0030632361345174428},"median":{"confidence_interval":{"confidence_level":0.95,"lower_bound":-0.000976712134879043,"upper_bound":0.0023470200737150115},"point_estimate":0.0003616601464104807,"standard_error":0.0009082181441671961}}