{"mean":{"confidence_interval":{"confidence_level":0.95,"lower_bound":0.007440570052833644,"upper_bound":0.02517744132466892},"point_estimate":0.015984981975371904,"standard_error":0.004583016018553082},"median":{"confidence_interval":{"confidence_level":0.95,"lower_bound":0.003456895707993013,"upper_bound":0.015365666518810217},"point_estimate":0.010690549575654407,"standard_error":0.0029416201405104976}}