{"mean":{"confidence_interval":{"confidence_level":0.95,"lower_bound":-0.014196732193062608,"upper_bound":0.0016281979228752789},"point_estimate":-0.007020072362664109,"standard_error":0.0039643202281286205},"median":{"confidence_interval":{"confidence_level":0.95,"lower_bound":-0.009680605400592124,"upper_bound":-0.001783683230092814},"point_estimate":-0.005799154573174814,"standard_error":0.0020737971926840246}}