{"mean":{"confidence_interval":{"confidence_level":0.95,"lower_bound":-0.005653249635993334,"upper_bound":0.004707628734383906},"point_estimate":-0.0005201497657854048,"standard_error":0.0026397271699345826},"median":{"confidence_interval":{"confidence_level":0.95,"lower_bound":-0.001646599107541502,"upper_bound":0.005327563937867716},"point_estimate":0.0017997270423981693,"standard_error":0.0018089857636672349}}