{"mean":{"confidence_interval":{"confidence_level":0.95,"lower_bound":-0.002258090489879905,"upper_bound":0.015002796027520932},"point_estimate":0.006750579125147649,"standard_error":0.004412042274237033},"median":{"confidence_interval":{"confidence_level":0.95,"lower_bound":0.006273477341042666,"upper_bound":0.01660564183840041},"point_estimate":0.010883138033006778,"standard_error":0.002451682408410586}}