{"mean":{"confidence_interval":{"confidence_level":0.95,"lower_bound":-0.000814329828189144,"upper_bound":0.004458042462693885},"point_estimate":0.0017614291359664414,"standard_error":0.001367391297138526},"median":{"confidence_interval":{"confidence_level":0.95,"lower_bound":-0.0012451065859780952,"upper_bound":0.0034111674164503114},"point_estimate":0.0007283017850068241,"standard_error":0.0011410523447981068}}