{"mean":{"confidence_interval":{"confidence_level":0.95,"lower_bound":-0.023028230301630814,"upper_bound":-0.006869321038070586},"point_estimate":-0.014020742488312088,"standard_error":0.004165877473372324},"median":{"confidence_interval":{"confidence_level":0.95,"lower_bound":-0.01075236773446231,"upper_bound":-0.0028711051934937615},"point_estimate":-0.007311334122405699,"standard_error":0.00194228894151859}}