{"mean":{"confidence_interval":{"confidence_level":0.95,"lower_bound":-0.00009270066814904815,"upper_bound":0.008921978508824993},"point_estimate":0.00412853006958569,"standard_error":0.0022788257633949596},"median":{"confidence_interval":{"confidence_level":0.95,"lower_bound":-0.0008198020716184978,"upper_bound":0.0077429647191469275},"point_estimate":0.002929290026769449,"standard_error":0.0023232683741496707}}