{"mean":{"confidence_interval":{"confidence_level":0.95,"lower_bound":0.0026725546990351316,"upper_bound":0.031480575614378545},"point_estimate":0.014110156597933576,"standard_error":0.007036039699007611},"median":{"confidence_interval":{"confidence_level":0.95,"lower_bound":0.0002993640847595014,"upper_bound":0.0039753763849139645},"point_estimate":0.0021768194335605173,"standard_error":0.0009061743060329106}}