{"mean":{"confidence_interval":{"confidence_level":0.95,"lower_bound":-0.0005020590069469977,"upper_bound":0.018752519808135748},"point_estimate":0.009170315589198008,"standard_error":0.004899989141875325},"median":{"confidence_interval":{"confidence_level":0.95,"lower_bound":0.010144677436880079,"upper_bound":0.018148991014800275},"point_estimate":0.013957807073992079,"standard_error":0.0021543176803915536}}