{"mean":{"confidence_interval":{"confidence_level":0.95,"lower_bound":-0.00017890241685469656,"upper_bound":0.01655126998330947},"point_estimate":0.008934253031363637,"standard_error":0.004497307745870073},"median":{"confidence_interval":{"confidence_level":0.95,"lower_bound":-0.0017359164337186206,"upper_bound":0.0016434499434172989},"point_estimate":0.000011185633705723674,"standard_error":0.0008576008979387228}}