{"mean":{"confidence_interval":{"confidence_level":0.95,"lower_bound":-0.020667622663718577,"upper_bound":0.00024720409403762854},"point_estimate":-0.00948937651014925,"standard_error":0.005361004473502715},"median":{"confidence_interval":{"confidence_level":0.95,"lower_bound":-0.0041214951258392585,"upper_bound":-0.0004687674373350381},"point_estimate":-0.0023069915247838635,"standard_error":0.0009649324537335357}}