{"mean":{"confidence_interval":{"confidence_level":0.95,"lower_bound":74858.18786378576,"upper_bound":92271.1290180643},"point_estimate":83330.02868937133,"standard_error":4292.077187721017},"median":{"confidence_interval":{"confidence_level":0.95,"lower_bound":73874.16889017788,"upper_bound":102665.18242459396},"point_estimate":75173.49010054138,"standard_error":7116.618342975605},"median_abs_dev":{"confidence_interval":{"confidence_level":0.95,"lower_bound":513.7669856351926,"upper_bound":22355.757506354228},"point_estimate":2174.775793408571,"standard_error":6106.508531382974},"slope":{"confidence_interval":{"confidence_level":0.95,"lower_bound":74540.11461632472,"upper_bound":100242.78464240964},"point_estimate":89198.6980142827,"standard_error":6183.481829798399},"std_dev":{"confidence_interval":{"confidence_level":0.95,"lower_bound":1250.5466124005536,"upper_bound":15876.57760312638},"point_estimate":14285.872364918117,"standard_error":2863.2404669281786}}