{"mean":{"confidence_interval":{"confidence_level":0.95,"lower_bound":18638294.656000007,"upper_bound":18704128.888800003},"point_estimate":18668100.660000004,"standard_error":16804.207467991888},"median":{"confidence_interval":{"confidence_level":0.95,"lower_bound":18609012.6,"upper_bound":18678762.4},"point_estimate":18626599.1,"standard_error":15517.697850468085},"median_abs_dev":{"confidence_interval":{"confidence_level":0.95,"lower_bound":37251.65867865417,"upper_bound":107681.23608827591},"point_estimate":77856.21719777418,"standard_error":16401.895504137246},"slope":null,"std_dev":{"confidence_interval":{"confidence_level":0.95,"lower_bound":68661.77198157,"upper_bound":170414.32260952226},"point_estimate":120080.14248282647,"standard_error":28866.9891190356}}