{"mean":{"confidence_interval":{"confidence_level":0.95,"lower_bound":38458773.05150001,"upper_bound":38708579.259500004},"point_estimate":38573253.76,"standard_error":64500.415054691955},"median":{"confidence_interval":{"confidence_level":0.95,"lower_bound":38374726.166666664,"upper_bound":38458157.0},"point_estimate":38412923.0,"standard_error":24544.182345628353},"median_abs_dev":{"confidence_interval":{"confidence_level":0.95,"lower_bound":77292.35354028633,"upper_bound":173429.91179600125},"point_estimate":109870.29494941235,"standard_error":25348.363295261333},"slope":null,"std_dev":{"confidence_interval":{"confidence_level":0.95,"lower_bound":251376.58174172367,"upper_bound":617089.3367497469},"point_estimate":461727.6299961923,"standard_error":95215.18405665137}}