{"mean":{"confidence_interval":{"confidence_level":0.95,"lower_bound":38380871.08466668,"upper_bound":38678222.22700001},"point_estimate":38512815.37333334,"standard_error":76427.36638722186},"median":{"confidence_interval":{"confidence_level":0.95,"lower_bound":38305910.666666664,"upper_bound":38392914.333333336},"point_estimate":38346445.16666667,"standard_error":24456.46674283523},"median_abs_dev":{"confidence_interval":{"confidence_level":0.95,"lower_bound":77159.19753015765,"upper_bound":178469.94863152874},"point_estimate":117098.21692108187,"standard_error":24287.38811935509},"slope":null,"std_dev":{"confidence_interval":{"confidence_level":0.95,"lower_bound":178385.53780248403,"upper_bound":775412.7695522469},"point_estimate":545770.8444292933,"standard_error":145503.4782785737}}