{"mean":{"confidence_interval":{"confidence_level":0.95,"lower_bound":38338874.53500001,"upper_bound":38623526.439833336},"point_estimate":38462471.35999999,"standard_error":73426.0195684805},"median":{"confidence_interval":{"confidence_level":0.95,"lower_bound":38283396.0,"upper_bound":38331616.0},"point_estimate":38309377.5,"standard_error":15045.444697082612},"median_abs_dev":{"confidence_interval":{"confidence_level":0.95,"lower_bound":51110.410192614356,"upper_bound":157648.5617011896},"point_estimate":127723.02253246307,"standard_error":29893.182224169348},"slope":null,"std_dev":{"confidence_interval":{"confidence_level":0.95,"lower_bound":168735.80806218984,"upper_bound":783539.1041980541},"point_estimate":524011.92099111783,"standard_error":157993.71174940543}}