{"mean":{"confidence_interval":{"confidence_level":0.95,"lower_bound":38481732.88699999,"upper_bound":40366675.869},"point_estimate":39324169.04,"standard_error":477580.36732175905},"median":{"confidence_interval":{"confidence_level":0.95,"lower_bound":38287016.0,"upper_bound":38538447.333333336},"point_estimate":38378961.83333333,"standard_error":67811.23556367464},"median_abs_dev":{"confidence_interval":{"confidence_level":0.95,"lower_bound":166348.95254671943,"upper_bound":431760.2933347151},"point_estimate":273910.8393371142,"standard_error":67485.83057760149},"slope":null,"std_dev":{"confidence_interval":{"confidence_level":0.95,"lower_bound":347728.3693882956,"upper_bound":4950909.033448255},"point_estimate":3425812.249278591,"standard_error":1050385.1498813191}}