{"mean":{"confidence_interval":{"confidence_level":0.95,"lower_bound":38957093.6845,"upper_bound":39865779.72916667},"point_estimate":39333821.64666667,"standard_error":236800.62949347246},"median":{"confidence_interval":{"confidence_level":0.95,"lower_bound":38861234.0,"upper_bound":39116921.666666664},"point_estimate":39008100.0,"standard_error":59832.9700885572},"median_abs_dev":{"confidence_interval":{"confidence_level":0.95,"lower_bound":208631.46829605103,"upper_bound":426668.05662512966},"point_estimate":310276.54569149204,"standard_error":54513.407395748},"slope":null,"std_dev":{"confidence_interval":{"confidence_level":0.95,"lower_bound":287909.1398807827,"upper_bound":2601850.8638094314},"point_estimate":1681682.3374905512,"standard_error":616187.3023579319}}