{"mean":{"confidence_interval":{"confidence_level":0.95,"lower_bound":38549928.09716665,"upper_bound":38855949.9615},"point_estimate":38683196.660000004,"standard_error":78553.47976860133},"median":{"confidence_interval":{"confidence_level":0.95,"lower_bound":38488807.666666664,"upper_bound":38569746.833333336},"point_estimate":38525447.0,"standard_error":25448.35266561891},"median_abs_dev":{"confidence_interval":{"confidence_level":0.95,"lower_bound":77219.48992907265,"upper_bound":171508.64755511837},"point_estimate":108846.06546759237,"standard_error":26173.03377890819},"slope":null,"std_dev":{"confidence_interval":{"confidence_level":0.95,"lower_bound":153373.93628064892,"upper_bound":819441.4131133358},"point_estimate":562373.3458143318,"standard_error":162059.0718778352}}