{"mean":{"confidence_interval":{"confidence_level":0.95,"lower_bound":38221741.29016665,"upper_bound":38275710.34416666},"point_estimate":38247471.42666666,"standard_error":13783.547916636091},"median":{"confidence_interval":{"confidence_level":0.95,"lower_bound":38193616.333333336,"upper_bound":38258889.48749999},"point_estimate":38227903.5,"standard_error":19272.155617676683},"median_abs_dev":{"confidence_interval":{"confidence_level":0.95,"lower_bound":50968.58097263786,"upper_bound":106692.34190583229},"point_estimate":83399.21371936798,"standard_error":14669.974619426346},"slope":null,"std_dev":{"confidence_interval":{"confidence_level":0.95,"lower_bound":68203.59745838634,"upper_bound":123902.34918088645},"point_estimate":98226.79512674191,"standard_error":14335.857559864526}}