{"mean":{"confidence_interval":{"confidence_level":0.95,"lower_bound":38556015.60633333,"upper_bound":38675237.70000001},"point_estimate":38610967.11333332,"standard_error":30494.061976600624},"median":{"confidence_interval":{"confidence_level":0.95,"lower_bound":38515083.33333333,"upper_bound":38633720.0},"point_estimate":38558170.16666667,"standard_error":33451.55356504935},"median_abs_dev":{"confidence_interval":{"confidence_level":0.95,"lower_bound":98661.59204841028,"upper_bound":200371.40964269268},"point_estimate":131519.2197650671,"standard_error":23835.067064289684},"slope":null,"std_dev":{"confidence_interval":{"confidence_level":0.95,"lower_bound":123329.73600564447,"upper_bound":297190.1785387261},"point_estimate":217428.54479642957,"standard_error":45199.184573992745}}