{"mean":{"confidence_interval":{"confidence_level":0.95,"lower_bound":38288641.297000006,"upper_bound":38434246.005333334},"point_estimate":38354250.56666667,"standard_error":37617.742638046555},"median":{"confidence_interval":{"confidence_level":0.95,"lower_bound":38233764.666666664,"upper_bound":38350772.5},"point_estimate":38270243.16666667,"standard_error":35160.63380824607},"median_abs_dev":{"confidence_interval":{"confidence_level":0.95,"lower_bound":81387.81975507,"upper_bound":170786.62136793137},"point_estimate":124970.57568133982,"standard_error":21761.828262564755},"slope":null,"std_dev":{"confidence_interval":{"confidence_level":0.95,"lower_bound":112044.56158462273,"upper_bound":377964.8845559706},"point_estimate":268854.952489157,"standard_error":65885.51729723733}}