{"mean":{"confidence_interval":{"confidence_level":0.95,"lower_bound":38201992.52916667,"upper_bound":38273689.309833325},"point_estimate":38234376.9,"standard_error":18349.106161252344},"median":{"confidence_interval":{"confidence_level":0.95,"lower_bound":38174804.666666664,"upper_bound":38218732.333333336},"point_estimate":38198193.333333336,"standard_error":10803.100208817817},"median_abs_dev":{"confidence_interval":{"confidence_level":0.95,"lower_bound":41713.93865942587,"upper_bound":104427.88665853445},"point_estimate":65606.53143525677,"standard_error":15363.07042320877},"slope":null,"std_dev":{"confidence_interval":{"confidence_level":0.95,"lower_bound":77091.20216506803,"upper_bound":182787.03621595143},"point_estimate":130370.46446961728,"standard_error":29735.125836588923}}