{"mean":{"confidence_interval":{"confidence_level":0.95,"lower_bound":38425752.355833344,"upper_bound":38483943.54983334},"point_estimate":38452399.15333334,"standard_error":14823.760557354522},"median":{"confidence_interval":{"confidence_level":0.95,"lower_bound":38411675.0,"upper_bound":38460169.5},"point_estimate":38431655.833333336,"standard_error":10329.66958667573},"median_abs_dev":{"confidence_interval":{"confidence_level":0.95,"lower_bound":47748.61475229263,"upper_bound":98253.38285565376},"point_estimate":76390.71654379736,"standard_error":13201.358355180737},"slope":null,"std_dev":{"confidence_interval":{"confidence_level":0.95,"lower_bound":62373.16958743891,"upper_bound":150572.35599802787},"point_estimate":106209.54751381525,"standard_error":24773.28768251129}}