{"mean":{"confidence_interval":{"confidence_level":0.95,"lower_bound":38438718.90300001,"upper_bound":38776271.123333335},"point_estimate":38577075.74,"standard_error":89396.42687387059},"median":{"confidence_interval":{"confidence_level":0.95,"lower_bound":38386518.0,"upper_bound":38484732.66666667},"point_estimate":38460311.16666667,"standard_error":24612.165857756885},"median_abs_dev":{"confidence_interval":{"confidence_level":0.95,"lower_bound":82492.35673546055,"upper_bound":147308.6623847411},"point_estimate":124950.56058169516,"standard_error":17144.502028244064},"slope":null,"std_dev":{"confidence_interval":{"confidence_level":0.95,"lower_bound":93875.36059880366,"upper_bound":1013224.4971601879},"point_estimate":640193.5935501604,"standard_error":251805.49831781007}}