{"mean":{"confidence_interval":{"confidence_level":0.95,"lower_bound":4480882.125082304,"upper_bound":4510303.206849231},"point_estimate":4494331.956431177,"standard_error":7554.477627909344},"median":{"confidence_interval":{"confidence_level":0.95,"lower_bound":4471536.551724138,"upper_bound":4487719.6875},"point_estimate":4478247.715053763,"standard_error":4702.268498348142},"median_abs_dev":{"confidence_interval":{"confidence_level":0.95,"lower_bound":13686.377553691726,"upper_bound":31102.149980506787},"point_estimate":18554.483054600783,"standard_error":4624.468251296806},"slope":{"confidence_interval":{"confidence_level":0.95,"lower_bound":4479860.25705784,"upper_bound":4535962.8305818355},"point_estimate":4506211.242842167,"standard_error":14412.611692339751},"std_dev":{"confidence_interval":{"confidence_level":0.95,"lower_bound":25761.777598476117,"upper_bound":73460.17749384807},"point_estimate":53881.259348399224,"standard_error":11881.959366884517}}