{"mean":{"confidence_interval":{"confidence_level":0.95,"lower_bound":4470203.8805288095,"upper_bound":4644985.469801746},"point_estimate":4536252.176856065,"standard_error":47780.04752825362},"median":{"confidence_interval":{"confidence_level":0.95,"lower_bound":4449607.458333334,"upper_bound":4473057.179487179},"point_estimate":4460675.480263158,"standard_error":5484.813167246777},"median_abs_dev":{"confidence_interval":{"confidence_level":0.95,"lower_bound":20331.242656905528,"upper_bound":43395.262177624056},"point_estimate":30156.119269863997,"standard_error":5656.865400565192},"slope":{"confidence_interval":{"confidence_level":0.95,"lower_bound":4474321.211311901,"upper_bound":4713532.868638492},"point_estimate":4559887.058730343,"standard_error":64734.52205061933},"std_dev":{"confidence_interval":{"confidence_level":0.95,"lower_bound":58677.56253779139,"upper_bound":562220.7287701884},"point_estimate":340759.05092848424,"standard_error":164672.7378315191}}