{"mean":{"confidence_interval":{"confidence_level":0.95,"lower_bound":12413101.511714285,"upper_bound":12516091.918928571},"point_estimate":12451782.985714288,"standard_error":28693.478161950192},"median":{"confidence_interval":{"confidence_level":0.95,"lower_bound":12398850.42857143,"upper_bound":12429746.0},"point_estimate":12415299.5,"standard_error":8327.785744299328},"median_abs_dev":{"confidence_interval":{"confidence_level":0.95,"lower_bound":27454.25681259069,"upper_bound":61777.081603238155},"point_estimate":44385.019012008,"standard_error":8510.591472416423},"slope":null,"std_dev":{"confidence_interval":{"confidence_level":0.95,"lower_bound":40882.972616353254,"upper_bound":341648.4399574886},"point_estimate":204838.41363649242,"standard_error":102850.03500578807}}