{"mean":{"confidence_interval":{"confidence_level":0.95,"lower_bound":12428057.977142857,"upper_bound":12579255.291928569},"point_estimate":12495338.891428567,"standard_error":39067.59974052657},"median":{"confidence_interval":{"confidence_level":0.95,"lower_bound":12385857.857142858,"upper_bound":12430877.857142858},"point_estimate":12406194.5,"standard_error":13709.12862823121},"median_abs_dev":{"confidence_interval":{"confidence_level":0.95,"lower_bound":40836.310075010966,"upper_bound":92566.44705661882},"point_estimate":67543.23060086893,"standard_error":14340.952414942612},"slope":null,"std_dev":{"confidence_interval":{"confidence_level":0.95,"lower_bound":111973.16757616469,"upper_bound":395512.18623073696},"point_estimate":277980.46218806074,"standard_error":72695.61361171688}}