{"mean":{"confidence_interval":{"confidence_level":0.95,"lower_bound":-0.036871695660153546,"upper_bound":0.006671815183579491},"point_estimate":-0.012831325958920559,"standard_error":0.011312710947708766},"median":{"confidence_interval":{"confidence_level":0.95,"lower_bound":-0.030437116784464258,"upper_bound":0.010486269934326664},"point_estimate":-0.0003698775404639143,"standard_error":0.009368995185038698}}