{"mean":{"confidence_interval":{"confidence_level":0.95,"lower_bound":-0.14793490269055776,"upper_bound":-0.04395526031414876},"point_estimate":-0.0924476351836967,"standard_error":0.027002332095089294},"median":{"confidence_interval":{"confidence_level":0.95,"lower_bound":-0.14962388804947313,"upper_bound":-0.03413451524912137},"point_estimate":-0.047210404507847525,"standard_error":0.028564265791350713}}