{"mean":{"confidence_interval":{"confidence_level":0.95,"lower_bound":0.029889142361615918,"upper_bound":0.17732088957397876},"point_estimate":0.08549849463147474,"standard_error":0.03941397162443452},"median":{"confidence_interval":{"confidence_level":0.95,"lower_bound":0.02274608325927807,"upper_bound":0.08185585662465589},"point_estimate":0.04359854007285424,"standard_error":0.012998993148561948}}