{"mean":{"confidence_interval":{"confidence_level":0.95,"lower_bound":0.00006853093357427177,"upper_bound":0.014713802736173731},"point_estimate":0.0067421758809127486,"standard_error":0.0038494896035701125},"median":{"confidence_interval":{"confidence_level":0.95,"lower_bound":0.00023232013846166685,"upper_bound":0.0066228122799276475},"point_estimate":0.0028487895940731978,"standard_error":0.001589908047050084}}