{"mean":{"confidence_interval":{"confidence_level":0.95,"lower_bound":-0.0009234190156479478,"upper_bound":0.023307610248666698},"point_estimate":0.011905830808115914,"standard_error":0.006223349833444103},"median":{"confidence_interval":{"confidence_level":0.95,"lower_bound":-0.002513694127488808,"upper_bound":0.0242020237454168},"point_estimate":0.020083060233318406,"standard_error":0.007367141828423182}}