{"mean":{"confidence_interval":{"confidence_level":0.95,"lower_bound":-0.049684893219701994,"upper_bound":0.02775653548758381},"point_estimate":-0.009134196701650832,"standard_error":0.019980332627879103},"median":{"confidence_interval":{"confidence_level":0.95,"lower_bound":-0.034422449990727744,"upper_bound":0.01862618391846116},"point_estimate":0.000382516323477855,"standard_error":0.015002516332524505}}