{"mean":{"confidence_interval":{"confidence_level":0.95,"lower_bound":-0.009897232918696845,"upper_bound":0.01627064775746866},"point_estimate":0.00226846963400984,"standard_error":0.006776478396942351},"median":{"confidence_interval":{"confidence_level":0.95,"lower_bound":-0.0063865668793744446,"upper_bound":0.02170204014957533},"point_estimate":-0.0012087201682368098,"standard_error":0.007403418808735547}}