{"mean":{"confidence_interval":{"confidence_level":0.95,"lower_bound":-0.009999296237893612,"upper_bound":0.001525852445636864},"point_estimate":-0.004374987606252989,"standard_error":0.0028931989117390146},"median":{"confidence_interval":{"confidence_level":0.95,"lower_bound":-0.008387468153135402,"upper_bound":-0.0003864299773587154},"point_estimate":-0.005615329765162547,"standard_error":0.0019401577708457831}}