{"mean":{"confidence_interval":{"confidence_level":0.95,"lower_bound":-0.006989315150504716,"upper_bound":0.005446591439641768},"point_estimate":-0.0009020088113704805,"standard_error":0.0031604328157334954},"median":{"confidence_interval":{"confidence_level":0.95,"lower_bound":-0.005494322871116175,"upper_bound":0.004170893695801592},"point_estimate":1.5695161184048345e-6,"standard_error":0.0025707919166430286}}