{"mean":{"confidence_interval":{"confidence_level":0.95,"lower_bound":-0.1672775026374732,"upper_bound":-0.047280000633404984},"point_estimate":-0.09611334291212659,"standard_error":0.034216783646377674},"median":{"confidence_interval":{"confidence_level":0.95,"lower_bound":-0.09066812100716237,"upper_bound":-0.043523069905396894},"point_estimate":-0.0627029908695329,"standard_error":0.013065300182659625}}