{"mean":{"confidence_interval":{"confidence_level":0.95,"lower_bound":0.004736006420051321,"upper_bound":0.07209149028642993},"point_estimate":0.030317970809905725,"standard_error":0.017577054809052743},"median":{"confidence_interval":{"confidence_level":0.95,"lower_bound":-0.0016850866540232118,"upper_bound":0.04386233309251075},"point_estimate":0.008408069221420345,"standard_error":0.012422618450854706}}