{"mean":{"confidence_interval":{"confidence_level":0.95,"lower_bound":0.023428627150377187,"upper_bound":0.1437695555296788},"point_estimate":0.07867541004022582,"standard_error":0.03176004552079711},"median":{"confidence_interval":{"confidence_level":0.95,"lower_bound":0.013690766075702854,"upper_bound":0.15604703475993342},"point_estimate":0.03238503604459342,"standard_error":0.03288769845704323}}