{"mean":{"confidence_interval":{"confidence_level":0.95,"lower_bound":0.007100027218884142,"upper_bound":0.02352366542473833},"point_estimate":0.015499115218661874,"standard_error":0.004161928693224066},"median":{"confidence_interval":{"confidence_level":0.95,"lower_bound":0.005482615820530556,"upper_bound":0.022678683021994717},"point_estimate":0.009328418710404573,"standard_error":0.004844252103279573}}