{"mean":{"confidence_interval":{"confidence_level":0.95,"lower_bound":-0.02482318685136177,"upper_bound":0.0016540007606633328},"point_estimate":-0.008801190243163504,"standard_error":0.0072623089022653894},"median":{"confidence_interval":{"confidence_level":0.95,"lower_bound":-0.009952511762068128,"upper_bound":0.001331311610588859},"point_estimate":-0.0006442050174871872,"standard_error":0.0031197484452627723}}