{"mean":{"confidence_interval":{"confidence_level":0.95,"lower_bound":-0.15382298505475922,"upper_bound":-0.017090468836832753},"point_estimate":-0.08260502248867074,"standard_error":0.03553511167582555},"median":{"confidence_interval":{"confidence_level":0.95,"lower_bound":-0.15298833173972548,"upper_bound":0.005698920551745479},"point_estimate":-0.048468295972623254,"standard_error":0.0303245440539659}}