{"mean":{"confidence_interval":{"confidence_level":0.95,"lower_bound":-0.008799384502956432,"upper_bound":0.19031066683517942},"point_estimate":0.08115171954828071,"standard_error":0.0517663047932923},"median":{"confidence_interval":{"confidence_level":0.95,"lower_bound":-0.03204911605798966,"upper_bound":0.058543672492356924},"point_estimate":0.016302494602866258,"standard_error":0.02974374430069818}}