{"mean":{"confidence_interval":{"confidence_level":0.95,"lower_bound":-0.016700785441526533,"upper_bound":0.019254379152606915},"point_estimate":-0.0009949085524069146,"standard_error":0.008837219092126446},"median":{"confidence_interval":{"confidence_level":0.95,"lower_bound":-0.009048015449911295,"upper_bound":0.00013346681989645504},"point_estimate":-0.004460386051176601,"standard_error":0.0023010953898086597}}