{"mean":{"confidence_interval":{"confidence_level":0.95,"lower_bound":-0.04540051565167058,"upper_bound":0.00004246577569037309},"point_estimate":-0.01657457391142758,"standard_error":0.013418962972216047},"median":{"confidence_interval":{"confidence_level":0.95,"lower_bound":-0.0014207829520527238,"upper_bound":0.0011885117976595527},"point_estimate":0.00005476759076872284,"standard_error":0.0006187490136483145}}