{"mean":{"confidence_interval":{"confidence_level":0.95,"lower_bound":-0.0015149452264255903,"upper_bound":0.023833266259810415},"point_estimate":0.008620947849104388,"standard_error":0.007065612925103632},"median":{"confidence_interval":{"confidence_level":0.95,"lower_bound":-0.0033485621862141546,"upper_bound":0.009051625709392441},"point_estimate":0.00017104668999889938,"standard_error":0.004100922826261597}}