{"mean":{"confidence_interval":{"confidence_level":0.95,"lower_bound":-0.1963137608220219,"upper_bound":-0.03410334541535365},"point_estimate":-0.10984930937658877,"standard_error":0.043319746418741},"median":{"confidence_interval":{"confidence_level":0.95,"lower_bound":-0.15978283491916956,"upper_bound":-0.028322734620516044},"point_estimate":-0.036808587352809674,"standard_error":0.028571898389553735}}