{"mean":{"confidence_interval":{"confidence_level":0.95,"lower_bound":-0.022978882993907497,"upper_bound":0.00286247257810495},"point_estimate":-0.007001442450542239,"standard_error":0.0072936457421891405},"median":{"confidence_interval":{"confidence_level":0.95,"lower_bound":-0.004220665682078462,"upper_bound":0.0043762066027241975},"point_estimate":0.000666372037740004,"standard_error":0.0027901046395870247}}