{"mean":{"confidence_interval":{"confidence_level":0.95,"lower_bound":0.01005120458775315,"upper_bound":0.02561470007090053},"point_estimate":0.016555419512460423,"standard_error":0.004351222329579903},"median":{"confidence_interval":{"confidence_level":0.95,"lower_bound":0.008986582897134054,"upper_bound":0.01585060358992063},"point_estimate":0.011184181269078053,"standard_error":0.00157454127114605}}