{"mean":{"confidence_interval":{"confidence_level":0.95,"lower_bound":-0.000770708502657344,"upper_bound":0.047094648897498696},"point_estimate":0.01648793867427356,"standard_error":0.013396461352826763},"median":{"confidence_interval":{"confidence_level":0.95,"lower_bound":-0.001054791723397508,"upper_bound":0.001933068097356383},"point_estimate":0.0004666593589610635,"standard_error":0.0007600550442529864}}