{"mean":{"confidence_interval":{"confidence_level":0.95,"lower_bound":0.03354146905767864,"upper_bound":0.19228446451165715},"point_estimate":0.10420759074494579,"standard_error":0.04179656835374747},"median":{"confidence_interval":{"confidence_level":0.95,"lower_bound":0.026369294644753793,"upper_bound":0.18570219984942016},"point_estimate":0.05420109195969158,"standard_error":0.03279182940832926}}