{"mean":{"confidence_interval":{"confidence_level":0.95,"lower_bound":10921460.69315104,"upper_bound":11612229.36934524},"point_estimate":11213714.911160715,"standard_error":183090.66566844858},"median":{"confidence_interval":{"confidence_level":0.95,"lower_bound":10901373.458333332,"upper_bound":11488580.94642857},"point_estimate":10942564.744791668,"standard_error":127785.3456020332},"median_abs_dev":{"confidence_interval":{"confidence_level":0.95,"lower_bound":13156.484060176637,"upper_bound":758401.3274606855},"point_estimate":112192.4789331858,"standard_error":147215.72567023296},"slope":{"confidence_interval":{"confidence_level":0.95,"lower_bound":10901204.345679013,"upper_bound":11389441.802103452},"point_estimate":11054500.365584416,"standard_error":137480.34307971003},"std_dev":{"confidence_interval":{"confidence_level":0.95,"lower_bound":56661.78572977202,"upper_bound":845543.4547081508},"point_estimate":609622.9621134814,"standard_error":218693.9350868894}}