{"mean":{"confidence_interval":{"confidence_level":0.95,"lower_bound":-0.10732641829404643,"upper_bound":-0.001342336957954715},"point_estimate":-0.052239327748077824,"standard_error":0.027031114541488717},"median":{"confidence_interval":{"confidence_level":0.95,"lower_bound":-0.10453620789840334,"upper_bound":0.0034500255368912214},"point_estimate":-0.0019008737503417583,"standard_error":0.03050447717458302}}