{"mean":{"confidence_interval":{"confidence_level":0.95,"lower_bound":0.051649894378616404,"upper_bound":0.25883570977332915},"point_estimate":0.15580207211265495,"standard_error":0.0538151315093083},"median":{"confidence_interval":{"confidence_level":0.95,"lower_bound":0.04163520314796387,"upper_bound":0.40446751538500614},"point_estimate":0.08760125276531738,"standard_error":0.08249451506110692}}