{"mean":{"confidence_interval":{"confidence_level":0.95,"lower_bound":-0.0014878536745980885,"upper_bound":0.011924880858766909},"point_estimate":0.0047712146802623145,"standard_error":0.003343471492329081},"median":{"confidence_interval":{"confidence_level":0.95,"lower_bound":0.0005220078590044697,"upper_bound":0.009665386150974564},"point_estimate":0.004325268538815985,"standard_error":0.001939441608229529}}