{"mean":{"confidence_interval":{"confidence_level":0.95,"lower_bound":-0.010682175983447032,"upper_bound":0.013879620200304709},"point_estimate":-0.0006514441853958663,"standard_error":0.006167447257163767},"median":{"confidence_interval":{"confidence_level":0.95,"lower_bound":-0.008568940892714316,"upper_bound":0.0034587582396847782},"point_estimate":-0.003945707003013443,"standard_error":0.003572004856825199}}