{"mean":{"confidence_interval":{"confidence_level":0.95,"lower_bound":0.006287025468220582,"upper_bound":0.1270504834189307},"point_estimate":0.05943286231304934,"standard_error":0.031688704015800505},"median":{"confidence_interval":{"confidence_level":0.95,"lower_bound":0.0048987505530331266,"upper_bound":0.1685485231802557},"point_estimate":0.007313092544761757,"standard_error":0.037197859597532704}}