{"mean":{"confidence_interval":{"confidence_level":0.95,"lower_bound":-0.011632830823807172,"upper_bound":0.0027419075341357235},"point_estimate":-0.0032039394738374583,"standard_error":0.003804604676080566},"median":{"confidence_interval":{"confidence_level":0.95,"lower_bound":-0.004607065849533742,"upper_bound":0.0035670490283865597},"point_estimate":-0.00009273856352431942,"standard_error":0.002342890678531518}}