{"mean":{"confidence_interval":{"confidence_level":0.95,"lower_bound":-0.15844789325358408,"upper_bound":-0.12338231138133082},"point_estimate":-0.14064924092963216,"standard_error":0.008982563789674292},"median":{"confidence_interval":{"confidence_level":0.95,"lower_bound":-0.1702847632168089,"upper_bound":-0.11542253021502169},"point_estimate":-0.1386180546346627,"standard_error":0.013796403185697135}}