{"mean":{"confidence_interval":{"confidence_level":0.95,"lower_bound":-0.00522228619537457,"upper_bound":0.004908326605286363},"point_estimate":-0.00020129212171415833,"standard_error":0.002570467944835512},"median":{"confidence_interval":{"confidence_level":0.95,"lower_bound":-0.0036229270572792904,"upper_bound":0.0023611966169783116},"point_estimate":-0.0019754930655229153,"standard_error":0.0013161322628605446}}