{"mean":{"confidence_interval":{"confidence_level":0.95,"lower_bound":-0.0019798475170511587,"upper_bound":0.005164681747620796},"point_estimate":0.001245141846794695,"standard_error":0.0018358090462496253},"median":{"confidence_interval":{"confidence_level":0.95,"lower_bound":-0.0021164801348220186,"upper_bound":0.0028901604184001783},"point_estimate":0.0005540686737919298,"standard_error":0.0014738677223009285}}