{"mean":{"confidence_interval":{"confidence_level":0.95,"lower_bound":-0.2124153798942784,"upper_bound":-0.06448439996291495},"point_estimate":-0.13932166775630295,"standard_error":0.038007607247478904},"median":{"confidence_interval":{"confidence_level":0.95,"lower_bound":-0.28944546925741266,"upper_bound":-0.04147251311248756},"point_estimate":-0.08192702263658747,"standard_error":0.059949541191730495}}