{"mean":{"confidence_interval":{"confidence_level":0.95,"lower_bound":0.05267134773316722,"upper_bound":0.09383643251381805},"point_estimate":0.07439808049393215,"standard_error":0.011059163776792278},"median":{"confidence_interval":{"confidence_level":0.95,"lower_bound":0.04235711410642051,"upper_bound":0.10921770931756636},"point_estimate":0.07126438313795247,"standard_error":0.016695158700349603}}