{"mean":{"confidence_interval":{"confidence_level":0.95,"lower_bound":67838767.43975,"upper_bound":68023071.0735},"point_estimate":67923741.69,"standard_error":47374.11232842748},"median":{"confidence_interval":{"confidence_level":0.95,"lower_bound":67726270.5,"upper_bound":67886108.5},"point_estimate":67779487.5,"standard_error":42806.299544640395},"median_abs_dev":{"confidence_interval":{"confidence_level":0.95,"lower_bound":189334.68833863735,"upper_bound":317324.87538635725},"point_estimate":251918.19842755795,"standard_error":32664.64603233629},"slope":null,"std_dev":{"confidence_interval":{"confidence_level":0.95,"lower_bound":289946.19183182216,"upper_bound":638289.8675375467},"point_estimate":474768.0375173487,"standard_error":89557.86071991042}}