{"mean":{"confidence_interval":{"confidence_level":0.95,"lower_bound":68008421.9025,"upper_bound":68556096.00277779},"point_estimate":68258333.47777778,"standard_error":140976.67041763978},"median":{"confidence_interval":{"confidence_level":0.95,"lower_bound":67874756.33333333,"upper_bound":68220433.33333334},"point_estimate":68003855.66666666,"standard_error":93855.70766256933},"median_abs_dev":{"confidence_interval":{"confidence_level":0.95,"lower_bound":186469.06968951962,"upper_bound":542893.0221617148},"point_estimate":338262.59699463844,"standard_error":85255.10762246692},"slope":null,"std_dev":{"confidence_interval":{"confidence_level":0.95,"lower_bound":386746.7223527597,"upper_bound":1047746.1967148671},"point_estimate":782223.356771225,"standard_error":169782.02824287795}}