{"mean":{"confidence_interval":{"confidence_level":0.95,"lower_bound":2646596.4913781662,"upper_bound":2660268.262636268},"point_estimate":2652602.4030708545,"standard_error":3525.1506080280965},"median":{"confidence_interval":{"confidence_level":0.95,"lower_bound":2641883.257575758,"upper_bound":2649750.9358695652},"point_estimate":2644496.38986014,"standard_error":2318.7243811823887},"median_abs_dev":{"confidence_interval":{"confidence_level":0.95,"lower_bound":4734.285792101136,"upper_bound":12998.980084484903},"point_estimate":7790.389775266549,"standard_error":2133.879812442613},"slope":{"confidence_interval":{"confidence_level":0.95,"lower_bound":2646935.256447334,"upper_bound":2669630.677097111},"point_estimate":2656476.0913337218,"standard_error":5902.351148997854},"std_dev":{"confidence_interval":{"confidence_level":0.95,"lower_bound":9342.931002851497,"upper_bound":37015.4333831758},"point_estimate":25154.256929374398,"standard_error":7143.143758557284}}