{"mean":{"confidence_interval":{"confidence_level":0.95,"lower_bound":2661884.190382653,"upper_bound":2678972.917885204},"point_estimate":2669411.483613946,"standard_error":4416.115983155727},"median":{"confidence_interval":{"confidence_level":0.95,"lower_bound":2660339.6428571427,"upper_bound":2678942.242857143},"point_estimate":2663072.786607143,"standard_error":4008.0765626877715},"median_abs_dev":{"confidence_interval":{"confidence_level":0.95,"lower_bound":1441.1348294150087,"upper_bound":17623.27758712464},"point_estimate":6289.776076905706,"standard_error":4240.026842980923},"slope":{"confidence_interval":{"confidence_level":0.95,"lower_bound":2661243.4429618,"upper_bound":2685967.0632311394},"point_estimate":2671779.641372913,"standard_error":6969.278911836845},"std_dev":{"confidence_interval":{"confidence_level":0.95,"lower_bound":3167.300100936847,"upper_bound":19600.10129599015},"point_estimate":14701.613862573944,"standard_error":4387.643911902066}}