{"mean":{"confidence_interval":{"confidence_level":0.95,"lower_bound":396310.8595893518,"upper_bound":398819.9230863095},"point_estimate":397418.96842195763,"standard_error":646.2711339355666},"median":{"confidence_interval":{"confidence_level":0.95,"lower_bound":396010.60388888884,"upper_bound":398439.1133597883},"point_estimate":397033.1798611111,"standard_error":473.5596873071788},"median_abs_dev":{"confidence_interval":{"confidence_level":0.95,"lower_bound":59.545264637307234,"upper_bound":2930.982059659079},"point_estimate":859.396007270421,"standard_error":785.8724076734595},"slope":{"confidence_interval":{"confidence_level":0.95,"lower_bound":396609.27852206276,"upper_bound":400662.08354987105},"point_estimate":398581.6992784993,"standard_error":1129.8924057743645},"std_dev":{"confidence_interval":{"confidence_level":0.95,"lower_bound":662.34999372979,"upper_bound":2950.469147320262},"point_estimate":2149.5503314036896,"standard_error":633.8409495474258}}