{"mean":{"confidence_interval":{"confidence_level":0.95,"lower_bound":392813.7543683945,"upper_bound":395508.53697232314},"point_estimate":394036.011778051,"standard_error":693.4206223431017},"median":{"confidence_interval":{"confidence_level":0.95,"lower_bound":391959.53571428574,"upper_bound":393419.4831187895},"point_estimate":392449.8994949495,"standard_error":402.46421520695907},"median_abs_dev":{"confidence_interval":{"confidence_level":0.95,"lower_bound":1239.026570388033,"upper_bound":2961.962408554122},"point_estimate":1998.5980688549364,"standard_error":453.2404074710978},"slope":{"confidence_interval":{"confidence_level":0.95,"lower_bound":393710.2036647013,"upper_bound":399333.8330421934},"point_estimate":396335.9822684915,"standard_error":1446.1873672518827},"std_dev":{"confidence_interval":{"confidence_level":0.95,"lower_bound":2366.969905249919,"upper_bound":6916.633500440721},"point_estimate":4948.015183511473,"standard_error":1163.2616550875634}}