{"mean":{"confidence_interval":{"confidence_level":0.95,"lower_bound":-0.03191433816485083,"upper_bound":0.0024182240890373483},"point_estimate":-0.013163807282886575,"standard_error":0.008853402395113136},"median":{"confidence_interval":{"confidence_level":0.95,"lower_bound":-0.0043667455430692614,"upper_bound":0.0034499430334917758},"point_estimate":0.00002444133633972001,"standard_error":0.0019018211862703415}}