{"mean":{"confidence_interval":{"confidence_level":0.95,"lower_bound":-0.013856411908582339,"upper_bound":-0.0011304683370559235},"point_estimate":-0.007068012294656256,"standard_error":0.0032526990827061422},"median":{"confidence_interval":{"confidence_level":0.95,"lower_bound":-0.00577721648632723,"upper_bound":0.00021282547737784646},"point_estimate":-0.0029166633090821348,"standard_error":0.0014897790522320437}}