{"mean":{"confidence_interval":{"confidence_level":0.95,"lower_bound":0.04034124539783396,"upper_bound":0.049974333169227225},"point_estimate":0.0452648357093377,"standard_error":0.0024448602545074733},"median":{"confidence_interval":{"confidence_level":0.95,"lower_bound":0.040758293358299946,"upper_bound":0.04813331872757787},"point_estimate":0.04412767882478552,"standard_error":0.001830896732487027}}