{"mean":{"confidence_interval":{"confidence_level":0.95,"lower_bound":-0.010007912759494936,"upper_bound":0.0010649419494288548},"point_estimate":-0.004369853340802421,"standard_error":0.002827661281890869},"median":{"confidence_interval":{"confidence_level":0.95,"lower_bound":-0.006576026157607662,"upper_bound":0.0016428538935202575},"point_estimate":-0.001734415815019874,"standard_error":0.0019944956762764487}}