{"mean":{"confidence_interval":{"confidence_level":0.95,"lower_bound":0.01249321816577078,"upper_bound":0.027945743766631673},"point_estimate":0.020842584053593516,"standard_error":0.003923402630344695},"median":{"confidence_interval":{"confidence_level":0.95,"lower_bound":0.022644591193662356,"upper_bound":0.03198199252150791},"point_estimate":0.028676380420749492,"standard_error":0.0023044727590268484}}