{"mean":{"confidence_interval":{"confidence_level":0.95,"lower_bound":0.0007085958485534314,"upper_bound":0.01273948592335783},"point_estimate":0.006331706651675262,"standard_error":0.0031123513994317144},"median":{"confidence_interval":{"confidence_level":0.95,"lower_bound":0.0009531755839933265,"upper_bound":0.006446513168084644},"point_estimate":0.0040113064255731246,"standard_error":0.0014274768727285637}}