{"mean":{"confidence_interval":{"confidence_level":0.95,"lower_bound":0.000058213799915440845,"upper_bound":0.007559660760050546},"point_estimate":0.0038832993002761995,"standard_error":0.0019158144397654492},"median":{"confidence_interval":{"confidence_level":0.95,"lower_bound":0.002232252673666446,"upper_bound":0.00788587424224274},"point_estimate":0.005286643814486958,"standard_error":0.001308258783409035}}