{"mean":{"confidence_interval":{"confidence_level":0.95,"lower_bound":-0.037836288754322406,"upper_bound":-0.023456289472886794},"point_estimate":-0.030695659675048503,"standard_error":0.0036862244310854647},"median":{"confidence_interval":{"confidence_level":0.95,"lower_bound":-0.04104044200641921,"upper_bound":-0.025413911200334892},"point_estimate":-0.033077274956833436,"standard_error":0.0038801895603691825}}