{"mean":{"confidence_interval":{"confidence_level":0.95,"lower_bound":-0.02992285296412222,"upper_bound":0.00422653844599452},"point_estimate":-0.015523425528250812,"standard_error":0.00849908952720533},"median":{"confidence_interval":{"confidence_level":0.95,"lower_bound":-0.03323432419815897,"upper_bound":-0.027116327899904702},"point_estimate":-0.03065217079571625,"standard_error":0.0016616777908936248}}