{"mean":{"confidence_interval":{"confidence_level":0.95,"lower_bound":-0.011135847878737337,"upper_bound":-0.0008591933182105203},"point_estimate":-0.006273354311071677,"standard_error":0.0026156866899321868},"median":{"confidence_interval":{"confidence_level":0.95,"lower_bound":-0.01022296357672503,"upper_bound":-0.0034514857001834987},"point_estimate":-0.006504087416753568,"standard_error":0.0018522153989513803}}