{"mean":{"confidence_interval":{"confidence_level":0.95,"lower_bound":-0.011052243173465835,"upper_bound":0.003507840149317154},"point_estimate":-0.0032592455074975657,"standard_error":0.0037058680919106386},"median":{"confidence_interval":{"confidence_level":0.95,"lower_bound":-0.0023261307664455624,"upper_bound":0.0033899309602920535},"point_estimate":-0.00007144886132093298,"standard_error":0.001560683146897628}}