{"mean":{"confidence_interval":{"confidence_level":0.95,"lower_bound":0.03197643672385596,"upper_bound":0.04642363346418956},"point_estimate":0.039242762651509944,"standard_error":0.003613662702703768},"median":{"confidence_interval":{"confidence_level":0.95,"lower_bound":0.033265728847345244,"upper_bound":0.050003485156075556},"point_estimate":0.04144865662812469,"standard_error":0.004094116058362967}}