{"mean":{"confidence_interval":{"confidence_level":0.95,"lower_bound":-0.011768594070997642,"upper_bound":-0.002055098893983809},"point_estimate":-0.0069371051923435845,"standard_error":0.0024549581774721556},"median":{"confidence_interval":{"confidence_level":0.95,"lower_bound":-0.007987588611834462,"upper_bound":-0.0020920896533387356},"point_estimate":-0.005842722856202354,"standard_error":0.0014650855849682315}}