{"mean":{"confidence_interval":{"confidence_level":0.95,"lower_bound":-0.025028720239201014,"upper_bound":-0.0095763379100402},"point_estimate":-0.0172533381182991,"standard_error":0.004026594872263171},"median":{"confidence_interval":{"confidence_level":0.95,"lower_bound":-0.02846984944857045,"upper_bound":-0.02023828914277992},"point_estimate":-0.025620412180223373,"standard_error":0.0021252285234485274}}