{"mean":{"confidence_interval":{"confidence_level":0.95,"lower_bound":0.0002074140811143606,"upper_bound":0.012471460966291512},"point_estimate":0.005438948136835542,"standard_error":0.003092832995641529},"median":{"confidence_interval":{"confidence_level":0.95,"lower_bound":-0.002824787053805955,"upper_bound":0.0026693052352684266},"point_estimate":0.0005848676803903441,"standard_error":0.0014309318095224156}}