{"mean":{"confidence_interval":{"confidence_level":0.95,"lower_bound":-0.00335789321901358,"upper_bound":0.005833910774868112},"point_estimate":0.0011517641179754623,"standard_error":0.0023093871595083627},"median":{"confidence_interval":{"confidence_level":0.95,"lower_bound":-0.0058008648951783925,"upper_bound":0.002101601247783691},"point_estimate":-0.0023558170955189084,"standard_error":0.001954553935932738}}