{"mean":{"confidence_interval":{"confidence_level":0.95,"lower_bound":77503.45142359548,"upper_bound":78412.94288659249},"point_estimate":77918.953128172,"standard_error":233.64462325308222},"median":{"confidence_interval":{"confidence_level":0.95,"lower_bound":77134.4218077475,"upper_bound":77991.50731707318},"point_estimate":77544.762449187,"standard_error":221.57782069189435},"median_abs_dev":{"confidence_interval":{"confidence_level":0.95,"lower_bound":635.0117782183659,"upper_bound":1321.8000032574193},"point_estimate":1022.2597820678795,"standard_error":173.79617796036464},"slope":{"confidence_interval":{"confidence_level":0.95,"lower_bound":77198.7065508234,"upper_bound":78038.63001763787},"point_estimate":77561.01842123954,"standard_error":214.46897976106507},"std_dev":{"confidence_interval":{"confidence_level":0.95,"lower_bound":923.8689227792222,"upper_bound":2347.663960557851},"point_estimate":1673.7535402447377,"standard_error":381.823360281597}}