{"mean":{"confidence_interval":{"confidence_level":0.95,"lower_bound":485257215.14500004,"upper_bound":492508278.67749995},"point_estimate":489024469.9,"standard_error":1852523.3977529178},"median":{"confidence_interval":{"confidence_level":0.95,"lower_bound":483709811.5,"upper_bound":494141155.0},"point_estimate":491020079.5,"standard_error":2797537.6220852947},"median_abs_dev":{"confidence_interval":{"confidence_level":0.95,"lower_bound":1364769.5994704962,"upper_bound":10429959.604731202},"point_estimate":6487460.889324546,"standard_error":2437379.3101072786},"slope":null,"std_dev":{"confidence_interval":{"confidence_level":0.95,"lower_bound":3437023.834260907,"upper_bound":7777103.767038955},"point_estimate":6196870.198859716,"standard_error":1120699.3193782866}}