{"mean":{"confidence_interval":{"confidence_level":0.95,"lower_bound":493585641.935,"upper_bound":501658626.165},"point_estimate":497577379.2,"standard_error":2061293.4707080272},"median":{"confidence_interval":{"confidence_level":0.95,"lower_bound":491794093.0,"upper_bound":502341867.0},"point_estimate":498537923.5,"standard_error":2414175.1201224653},"median_abs_dev":{"confidence_interval":{"confidence_level":0.95,"lower_bound":432997.7701127529,"upper_bound":12157175.971966982},"point_estimate":6991896.997869015,"standard_error":3102070.519271057},"slope":null,"std_dev":{"confidence_interval":{"confidence_level":0.95,"lower_bound":3724921.3785930816,"upper_bound":8741649.000155104},"point_estimate":6829437.226095179,"standard_error":1304620.2243112624}}