{"mean":{"confidence_interval":{"confidence_level":0.95,"lower_bound":487106486.4,"upper_bound":512578353.25499994},"point_estimate":497441317.8,"standard_error":6798902.059379215},"median":{"confidence_interval":{"confidence_level":0.95,"lower_bound":483991043.0,"upper_bound":500060886.0},"point_estimate":494141313.0,"standard_error":4407722.654001062},"median_abs_dev":{"confidence_interval":{"confidence_level":0.95,"lower_bound":452522.12916612625,"upper_bound":18502870.65180838},"point_estimate":13941417.581990361,"standard_error":5493787.211827227},"slope":null,"std_dev":{"confidence_interval":{"confidence_level":0.95,"lower_bound":5487578.897563548,"upper_bound":34159550.0281871},"point_estimate":22736173.773918997,"standard_error":9291723.10193145}}