{"mean":{"confidence_interval":{"confidence_level":0.95,"lower_bound":36274.7753586003,"upper_bound":37301.37345174787},"point_estimate":36689.00384929922,"standard_error":268.8305949197795},"median":{"confidence_interval":{"confidence_level":0.95,"lower_bound":36138.82475735924,"upper_bound":36257.245977011495},"point_estimate":36180.98664638269,"standard_error":27.897085741828207},"median_abs_dev":{"confidence_interval":{"confidence_level":0.95,"lower_bound":103.08389151207604,"upper_bound":232.55555723742958},"point_estimate":168.3664252011259,"standard_error":32.5875261317392},"slope":{"confidence_interval":{"confidence_level":0.95,"lower_bound":36387.43680836801,"upper_bound":38774.94616792787},"point_estimate":37394.68035694442,"standard_error":631.5694434973532},"std_dev":{"confidence_interval":{"confidence_level":0.95,"lower_bound":471.5916911536218,"upper_bound":3071.3590689322523},"point_estimate":1927.0937717566999,"standard_error":769.7554054138373}}