{"mean":{"confidence_interval":{"confidence_level":0.95,"lower_bound":-0.012747661575322256,"upper_bound":0.001415564356050991},"point_estimate":-0.004849997731108613,"standard_error":0.0036633176405473727},"median":{"confidence_interval":{"confidence_level":0.95,"lower_bound":0.00001662722491113655,"upper_bound":0.004425300501011309},"point_estimate":0.002189677014345026,"standard_error":0.0010721322630411392}}