{"mean":{"confidence_interval":{"confidence_level":0.95,"lower_bound":0.012851500811308592,"upper_bound":0.07124770320013346},"point_estimate":0.034087247394952946,"standard_error":0.015351324332740128},"median":{"confidence_interval":{"confidence_level":0.95,"lower_bound":0.01083739033426867,"upper_bound":0.03423270227787589},"point_estimate":0.015394146817429677,"standard_error":0.005825240456584336}}