{"mean":{"confidence_interval":{"confidence_level":0.95,"lower_bound":-0.3432763985635109,"upper_bound":-0.17308972098058634},"point_estimate":-0.2603722523056873,"standard_error":0.04362620659301633},"median":{"confidence_interval":{"confidence_level":0.95,"lower_bound":-0.34212930472781666,"upper_bound":-0.12212174184204494},"point_estimate":-0.226932457929086,"standard_error":0.05607257579051526}}