{"mean":{"confidence_interval":{"confidence_level":0.95,"lower_bound":-0.0514742931542429,"upper_bound":-0.003362574373576195},"point_estimate":-0.024167524740987933,"standard_error":0.01280552650948371},"median":{"confidence_interval":{"confidence_level":0.95,"lower_bound":-0.040068853859570486,"upper_bound":-0.0011215347301938294},"point_estimate":-0.005153048576225783,"standard_error":0.008644150771512486}}