{"mean":{"confidence_interval":{"confidence_level":0.95,"lower_bound":0.030973361378879335,"upper_bound":0.06916409386320459},"point_estimate":0.04869116646728888,"standard_error":0.009822515182361104},"median":{"confidence_interval":{"confidence_level":0.95,"lower_bound":0.023951441584241007,"upper_bound":0.06436538320027818},"point_estimate":0.04963388340998942,"standard_error":0.013305961961323644}}