{"mean":{"confidence_interval":{"confidence_level":0.95,"lower_bound":-0.013687564718565186,"upper_bound":0.007731792142213756},"point_estimate":-0.0031123055253756693,"standard_error":0.005478054164244726},"median":{"confidence_interval":{"confidence_level":0.95,"lower_bound":-0.01584982747300301,"upper_bound":0.00519888825152456},"point_estimate":-0.0029958557028230137,"standard_error":0.005046451438767099}}