{"mean":{"confidence_interval":{"confidence_level":0.95,"lower_bound":0.16868125026041206,"upper_bound":0.4677900137393272},"point_estimate":0.31108959708859074,"standard_error":0.07541955519600624},"median":{"confidence_interval":{"confidence_level":0.95,"lower_bound":0.10626646606617207,"upper_bound":0.48116664635992445},"point_estimate":0.2555941620319575,"standard_error":0.09186181731614551}}