{"mean":{"confidence_interval":{"confidence_level":0.95,"lower_bound":-0.009449355343629229,"upper_bound":0.006635180759733794},"point_estimate":-0.0005270185783097237,"standard_error":0.004166116711516772},"median":{"confidence_interval":{"confidence_level":0.95,"lower_bound":-0.00958029881292366,"upper_bound":0.005825338635776278},"point_estimate":0.0035945397942585,"standard_error":0.0035046532118499078}}