{"mean":{"confidence_interval":{"confidence_level":0.95,"lower_bound":0.0023683289449454477,"upper_bound":0.0170128492219923},"point_estimate":0.008641536209104128,"standard_error":0.0038926666501628462},"median":{"confidence_interval":{"confidence_level":0.95,"lower_bound":0.00036878374230364663,"upper_bound":0.019471540905254603},"point_estimate":0.002841911597450286,"standard_error":0.004104950722019111}}