{"mean":{"confidence_interval":{"confidence_level":0.95,"lower_bound":-0.06955813110512551,"upper_bound":-0.03520346031185319},"point_estimate":-0.051262624093879494,"standard_error":0.008844077873902078},"median":{"confidence_interval":{"confidence_level":0.95,"lower_bound":-0.0653501314752214,"upper_bound":-0.0273116023449258},"point_estimate":-0.05185147807671908,"standard_error":0.011357966429775223}}