{"mean":{"confidence_interval":{"confidence_level":0.95,"lower_bound":-0.045146301339416106,"upper_bound":0.03063417272219636},"point_estimate":-0.006400117322131749,"standard_error":0.019250796627577525},"median":{"confidence_interval":{"confidence_level":0.95,"lower_bound":-0.02478587587167269,"upper_bound":0.030896650741438325},"point_estimate":-0.0072478420702184465,"standard_error":0.011920469113123442}}