{"mean":{"confidence_interval":{"confidence_level":0.95,"lower_bound":-0.002990042467356595,"upper_bound":0.0043847720824806416},"point_estimate":0.0008245711334853301,"standard_error":0.0018910089975785467},"median":{"confidence_interval":{"confidence_level":0.95,"lower_bound":-0.0027698012803196725,"upper_bound":0.005366119957010973},"point_estimate":0.0003723092460046207,"standard_error":0.0020749237667540307}}