{"mean":{"confidence_interval":{"confidence_level":0.95,"lower_bound":-0.15944568147641713,"upper_bound":-0.06657280318177429},"point_estimate":-0.11007004586359803,"standard_error":0.0238282361364483},"median":{"confidence_interval":{"confidence_level":0.95,"lower_bound":-0.13237919625153394,"upper_bound":-0.03157763099468214},"point_estimate":-0.0446679007054388,"standard_error":0.02563649402631755}}