{"mean":{"confidence_interval":{"confidence_level":0.95,"lower_bound":-0.32247061920974884,"upper_bound":-0.12387720337594532},"point_estimate":-0.22412445796307556,"standard_error":0.05106359452875548},"median":{"confidence_interval":{"confidence_level":0.95,"lower_bound":-0.19555329132529253,"upper_bound":-0.027599669673919358},"point_estimate":-0.0478558443089544,"standard_error":0.05097194485390425}}