{"mean":{"confidence_interval":{"confidence_level":0.95,"lower_bound":0.13892650950947993,"upper_bound":0.45944822949971487},"point_estimate":0.2871954144151203,"standard_error":0.0833825717484243},"median":{"confidence_interval":{"confidence_level":0.95,"lower_bound":0.024225755222273992,"upper_bound":0.21947184812035636},"point_estimate":0.04500045411694642,"standard_error":0.06308611289336499}}