{"mean":{"confidence_interval":{"confidence_level":0.95,"lower_bound":-0.028109365380295737,"upper_bound":-0.0011778450185884193},"point_estimate":-0.013190439138970333,"standard_error":0.00694267049306906},"median":{"confidence_interval":{"confidence_level":0.95,"lower_bound":-0.007657820564523576,"upper_bound":0.0009404299694677487},"point_estimate":-0.003797458812370591,"standard_error":0.0021971215175026764}}