{"mean":{"confidence_interval":{"confidence_level":0.95,"lower_bound":-0.012081774780468235,"upper_bound":-0.004415812234653619},"point_estimate":-0.00823261597961611,"standard_error":0.0019563836824312664},"median":{"confidence_interval":{"confidence_level":0.95,"lower_bound":-0.013144281146606818,"upper_bound":-0.005037562442020138},"point_estimate":-0.010028930278741188,"standard_error":0.0021165157523350226}}