{"mean":{"confidence_interval":{"confidence_level":0.95,"lower_bound":0.06585701530316011,"upper_bound":0.18624138761600748},"point_estimate":0.12167222033247627,"standard_error":0.03130200891380499},"median":{"confidence_interval":{"confidence_level":0.95,"lower_bound":0.03125872817131503,"upper_bound":0.153360325089702},"point_estimate":0.048651872281215924,"standard_error":0.031166300810316454}}