{"mean":{"confidence_interval":{"confidence_level":0.95,"lower_bound":-0.0016824500185650708,"upper_bound":0.006843403730378946},"point_estimate":0.002648863220708897,"standard_error":0.002195945129426046},"median":{"confidence_interval":{"confidence_level":0.95,"lower_bound":-0.002287483592775641,"upper_bound":0.006430880849181753},"point_estimate":0.0036949606005285407,"standard_error":0.002225397437849733}}