{"mean":{"confidence_interval":{"confidence_level":0.95,"lower_bound":0.002606157924794461,"upper_bound":0.028138951538130827},"point_estimate":0.01407120312236576,"standard_error":0.006865010087139106},"median":{"confidence_interval":{"confidence_level":0.95,"lower_bound":-0.0010488758276478993,"upper_bound":0.00753532426893333},"point_estimate":0.003858123534421276,"standard_error":0.002191505411653158}}