{"mean":{"confidence_interval":{"confidence_level":0.95,"lower_bound":-0.0015334902500674374,"upper_bound":0.008816572617951603},"point_estimate":0.0037965837467832664,"standard_error":0.0026427923452080485},"median":{"confidence_interval":{"confidence_level":0.95,"lower_bound":0.0013649525842111985,"upper_bound":0.010139264406250126},"point_estimate":0.006568479460300036,"standard_error":0.002296586281776513}}