{"mean":{"confidence_interval":{"confidence_level":0.95,"lower_bound":0.0034220749217803237,"upper_bound":0.02287955410422045},"point_estimate":0.01242071325902816,"standard_error":0.0052034648579322666},"median":{"confidence_interval":{"confidence_level":0.95,"lower_bound":0.0024402874449376277,"upper_bound":0.010599601522332192},"point_estimate":0.007455642805738849,"standard_error":0.0021450330553341545}}