{"mean":{"confidence_interval":{"confidence_level":0.95,"lower_bound":-0.020628716103110234,"upper_bound":-0.0007472815386685758},"point_estimate":-0.009405981201306535,"standard_error":0.005151971780208147},"median":{"confidence_interval":{"confidence_level":0.95,"lower_bound":-0.007239768777605702,"upper_bound":0.001209600199848504},"point_estimate":-0.004152588185293848,"standard_error":0.002210149039754114}}