{"mean":{"confidence_interval":{"confidence_level":0.95,"lower_bound":163775979.5255,"upper_bound":164079293.055},"point_estimate":163916644.14,"standard_error":77172.04032973909},"median":{"confidence_interval":{"confidence_level":0.95,"lower_bound":163679062.0,"upper_bound":163953698.0},"point_estimate":163769030.5,"standard_error":72940.41932616092},"median_abs_dev":{"confidence_interval":{"confidence_level":0.95,"lower_bound":274275.80603063107,"upper_bound":546913.3390903473},"point_estimate":380098.60305190086,"standard_error":69007.31601919976},"slope":null,"std_dev":{"confidence_interval":{"confidence_level":0.95,"lower_bound":354315.14649558486,"upper_bound":745598.7102868068},"point_estimate":549870.861904792,"standard_error":106093.49205362202}}