{"mean":{"confidence_interval":{"confidence_level":0.95,"lower_bound":162313215.663125,"upper_bound":162665071.466875},"point_estimate":162479040.125,"standard_error":89532.47136997538},"median":{"confidence_interval":{"confidence_level":0.95,"lower_bound":162191714.0,"upper_bound":162579420.0},"point_estimate":162412470.0,"standard_error":93307.35435114018},"median_abs_dev":{"confidence_interval":{"confidence_level":0.95,"lower_bound":144953.0581265688,"upper_bound":549260.6654986739},"point_estimate":351398.0621114373,"standard_error":102377.26466006691},"slope":null,"std_dev":{"confidence_interval":{"confidence_level":0.95,"lower_bound":238257.79458117136,"upper_bound":543615.4597587055},"point_estimate":411251.1947164177,"standard_error":80074.7493582285}}