{"mean":{"confidence_interval":{"confidence_level":0.95,"lower_bound":162548660.2065,"upper_bound":162814538.912},"point_estimate":162672974.94,"standard_error":67899.44556841018},"median":{"confidence_interval":{"confidence_level":0.95,"lower_bound":162483062.0,"upper_bound":162696967.0},"point_estimate":162574891.5,"standard_error":45477.190326101336},"median_abs_dev":{"confidence_interval":{"confidence_level":0.95,"lower_bound":226907.05192409505,"upper_bound":454854.8148997127},"point_estimate":343531.75730109215,"standard_error":55083.615707277706},"slope":null,"std_dev":{"confidence_interval":{"confidence_level":0.95,"lower_bound":314401.8701625331,"upper_bound":648324.732526439},"point_estimate":484405.17738341057,"standard_error":88711.28859533163}}