{"mean":{"confidence_interval":{"confidence_level":0.95,"lower_bound":162018391.26299998,"upper_bound":163119359.638},"point_estimate":162500768.88,"standard_error":283930.84164180525},"median":{"confidence_interval":{"confidence_level":0.95,"lower_bound":161758180.0,"upper_bound":162123283.0},"point_estimate":161950212.0,"standard_error":98760.76602633366},"median_abs_dev":{"confidence_interval":{"confidence_level":0.95,"lower_bound":357302.8871566057,"upper_bound":809998.9438321436},"point_estimate":598253.5522788763,"standard_error":114274.49683182134},"slope":null,"std_dev":{"confidence_interval":{"confidence_level":0.95,"lower_bound":801627.490305421,"upper_bound":2958542.8274370166},"point_estimate":2032159.2055673965,"standard_error":555925.2428922174}}