{"mean":{"confidence_interval":{"confidence_level":0.95,"lower_bound":163579807.2915,"upper_bound":164692149.24249998},"point_estimate":164075155.82,"standard_error":286179.911046424},"median":{"confidence_interval":{"confidence_level":0.95,"lower_bound":163320729.0,"upper_bound":163864006.0},"point_estimate":163608392.5,"standard_error":140703.48348798402},"median_abs_dev":{"confidence_interval":{"confidence_level":0.95,"lower_bound":448298.20184111595,"upper_bound":963300.8003979921},"point_estimate":629117.5772309303,"standard_error":136335.14942235296},"slope":null,"std_dev":{"confidence_interval":{"confidence_level":0.95,"lower_bound":836615.7443980054,"upper_bound":2939892.752942673},"point_estimate":2050967.1957048008,"standard_error":539508.106528082}}