{"mean":{"confidence_interval":{"confidence_level":0.95,"lower_bound":161646935.6895,"upper_bound":161960499.3355},"point_estimate":161793928.08,"standard_error":80400.01456229127},"median":{"confidence_interval":{"confidence_level":0.95,"lower_bound":161488048.0,"upper_bound":161792551.5},"point_estimate":161626513.0,"standard_error":91549.81101205616},"median_abs_dev":{"confidence_interval":{"confidence_level":0.95,"lower_bound":227183.98306667805,"upper_bound":495999.37339425087},"point_estimate":345772.70716130733,"standard_error":67972.87832458003},"slope":null,"std_dev":{"confidence_interval":{"confidence_level":0.95,"lower_bound":370050.2989509772,"upper_bound":736741.9084849139},"point_estimate":575754.1315066112,"standard_error":93889.73423672267}}