{"mean":{"confidence_interval":{"confidence_level":0.95,"lower_bound":1501287.6454761906,"upper_bound":1506024.0853333334},"point_estimate":1503504.571520635,"standard_error":1211.0403205339994},"median":{"confidence_interval":{"confidence_level":0.95,"lower_bound":1501649.083,"upper_bound":1504609.7457142856},"point_estimate":1503354.1933333334,"standard_error":700.1614851884184},"median_abs_dev":{"confidence_interval":{"confidence_level":0.95,"lower_bound":481.1580534576725,"upper_bound":6061.446482787839},"point_estimate":1462.881394028767,"standard_error":1340.5524816070633},"slope":{"confidence_interval":{"confidence_level":0.95,"lower_bound":1501643.7637117754,"upper_bound":1508874.1319333515},"point_estimate":1504753.8888311689,"standard_error":1962.7080775061297},"std_dev":{"confidence_interval":{"confidence_level":0.95,"lower_bound":1079.9823808768151,"upper_bound":5887.353363881382},"point_estimate":4043.388474777735,"standard_error":1235.9660750901276}}