{"mean":{"confidence_interval":{"confidence_level":0.95,"lower_bound":0.020696241301284984,"upper_bound":0.046751245721466876},"point_estimate":0.0335595752130009,"standard_error":0.006747349618498206},"median":{"confidence_interval":{"confidence_level":0.95,"lower_bound":0.015482565042298502,"upper_bound":0.038465757127558724},"point_estimate":0.028188741525248417,"standard_error":0.005111147908491497}}