{"mean":{"confidence_interval":{"confidence_level":0.95,"lower_bound":-0.008171206841074322,"upper_bound":0.020212991829139913},"point_estimate":0.003153454165186753,"standard_error":0.007339951293341772},"median":{"confidence_interval":{"confidence_level":0.95,"lower_bound":-0.01103245226297389,"upper_bound":-0.0052218594146284806},"point_estimate":-0.008554851079760062,"standard_error":0.0014428202492733}}