{"mean":{"confidence_interval":{"confidence_level":0.95,"lower_bound":-0.01835265881679921,"upper_bound":0.010829406598534153},"point_estimate":-0.003785543501270028,"standard_error":0.007438743163804994},"median":{"confidence_interval":{"confidence_level":0.95,"lower_bound":-0.01084923913031599,"upper_bound":0.010776723122804865},"point_estimate":-0.0019914542887349285,"standard_error":0.005069640325239875}}