{"mean":{"confidence_interval":{"confidence_level":0.95,"lower_bound":-0.00407746710291576,"upper_bound":0.005857833313552},"point_estimate":0.0007078933489204076,"standard_error":0.002528700249257913},"median":{"confidence_interval":{"confidence_level":0.95,"lower_bound":-0.0015300793455885753,"upper_bound":0.0030477783227520483},"point_estimate":0.0006553252527357056,"standard_error":0.001196458334715718}}