{"mean":{"confidence_interval":{"confidence_level":0.95,"lower_bound":-0.014562845857174544,"upper_bound":0.0031113008113423657},"point_estimate":-0.004390823461498217,"standard_error":0.004586585621365192},"median":{"confidence_interval":{"confidence_level":0.95,"lower_bound":0.00004950175055003876,"upper_bound":0.0033012971772779834},"point_estimate":0.001925028180335353,"standard_error":0.0007772542882187086}}