{"mean":{"confidence_interval":{"confidence_level":0.95,"lower_bound":-0.035453687261711164,"upper_bound":-0.008804214471000993},"point_estimate":-0.020773170452083378,"standard_error":0.006870477724472643},"median":{"confidence_interval":{"confidence_level":0.95,"lower_bound":-0.015639845051186874,"upper_bound":-0.009599655750005875},"point_estimate":-0.013063575921746007,"standard_error":0.0015412198207938046}}