{"mean":{"confidence_interval":{"confidence_level":0.95,"lower_bound":-0.004395860253121329,"upper_bound":0.015349580990593359},"point_estimate":0.00459031298977397,"standard_error":0.004926370764759272},"median":{"confidence_interval":{"confidence_level":0.95,"lower_bound":-0.001358296748712351,"upper_bound":0.0024436333975030866},"point_estimate":0.00019606664082183478,"standard_error":0.0009216378114772294}}