{"mean":{"confidence_interval":{"confidence_level":0.95,"lower_bound":-0.022652087354944513,"upper_bound":-0.010247101905280486},"point_estimate":-0.015952321580825712,"standard_error":0.0031514166207184976},"median":{"confidence_interval":{"confidence_level":0.95,"lower_bound":-0.01882467013930711,"upper_bound":-0.007353221595217785},"point_estimate":-0.01278434673594242,"standard_error":0.0028537798370609282}}