{"mean":{"confidence_interval":{"confidence_level":0.95,"lower_bound":-0.0016495818294974818,"upper_bound":0.007735387119889527},"point_estimate":0.002329024824816006,"standard_error":0.0023612333585574835},"median":{"confidence_interval":{"confidence_level":0.95,"lower_bound":-0.002357069651292898,"upper_bound":0.00198241865038562},"point_estimate":-0.00019361670448048152,"standard_error":0.0010957710992242212}}