{"mean":{"confidence_interval":{"confidence_level":0.95,"lower_bound":-0.010435857601542198,"upper_bound":0.006544214936268},"point_estimate":-0.0015933852860468,"standard_error":0.004320772652742897},"median":{"confidence_interval":{"confidence_level":0.95,"lower_bound":-0.000379712816951594,"upper_bound":0.00486186987625481},"point_estimate":0.002150253762513543,"standard_error":0.001387720999085594}}