{"mean":{"confidence_interval":{"confidence_level":0.95,"lower_bound":-0.004455280705904507,"upper_bound":0.004664765283845233},"point_estimate":0.0003991963674674359,"standard_error":0.0023479068979753155},"median":{"confidence_interval":{"confidence_level":0.95,"lower_bound":0.00134394620836642,"upper_bound":0.0052440921047970015},"point_estimate":0.003237283944690361,"standard_error":0.0009547767811122234}}