{"mean":{"confidence_interval":{"confidence_level":0.95,"lower_bound":0.008271325150342509,"upper_bound":0.02011836151000162},"point_estimate":0.014187634204823052,"standard_error":0.0032105017782490986},"median":{"confidence_interval":{"confidence_level":0.95,"lower_bound":0.005290594081605704,"upper_bound":0.016924483107822574},"point_estimate":0.010935525640333177,"standard_error":0.0030909154120853065}}