{"mean":{"confidence_interval":{"confidence_level":0.95,"lower_bound":-0.07225210365424334,"upper_bound":-0.05543550021735322},"point_estimate":-0.06355892136891816,"standard_error":0.0042963112668935625},"median":{"confidence_interval":{"confidence_level":0.95,"lower_bound":-0.06424941809962148,"upper_bound":-0.05759528696733052},"point_estimate":-0.06004643083996242,"standard_error":0.001688454591913952}}