{"mean":{"confidence_interval":{"confidence_level":0.95,"lower_bound":-0.00550166780762007,"upper_bound":0.002825248813213745},"point_estimate":-0.0011031168174935324,"standard_error":0.002123488067060863},"median":{"confidence_interval":{"confidence_level":0.95,"lower_bound":-0.00427899641687135,"upper_bound":-0.0009505725129651532},"point_estimate":-0.0022719455406714495,"standard_error":0.000890120884773588}}