{"mean":{"confidence_interval":{"confidence_level":0.95,"lower_bound":0.012535078393249632,"upper_bound":0.023396346413731787},"point_estimate":0.01802928165026385,"standard_error":0.0027642849700889134},"median":{"confidence_interval":{"confidence_level":0.95,"lower_bound":0.01752001796123115,"upper_bound":0.023769086903734582},"point_estimate":0.020862523398806676,"standard_error":0.0015520737646277627}}