{"mean":{"confidence_interval":{"confidence_level":0.95,"lower_bound":-0.008966410366258743,"upper_bound":0.0037151447901623},"point_estimate":-0.002551370055531299,"standard_error":0.003183232250626517},"median":{"confidence_interval":{"confidence_level":0.95,"lower_bound":-0.005079534394547891,"upper_bound":0.000544116776015402},"point_estimate":-0.0014826067594657655,"standard_error":0.0014493138904211047}}