{"mean":{"confidence_interval":{"confidence_level":0.95,"lower_bound":-0.029079018466448336,"upper_bound":-0.005106643210490828},"point_estimate":-0.017522143872316875,"standard_error":0.006059225665381308},"median":{"confidence_interval":{"confidence_level":0.95,"lower_bound":-0.02480200787608211,"upper_bound":-0.017851889926649545},"point_estimate":-0.020899500929909887,"standard_error":0.0017428582964442885}}