{"mean":{"confidence_interval":{"confidence_level":0.95,"lower_bound":-0.014069884930762777,"upper_bound":-0.005067201536273883},"point_estimate":-0.009436171020282269,"standard_error":0.0023386621988348887},"median":{"confidence_interval":{"confidence_level":0.95,"lower_bound":-0.013793227516968654,"upper_bound":-0.008622313964628092},"point_estimate":-0.011679186386032936,"standard_error":0.0013295826374417406}}