{"mean":{"confidence_interval":{"confidence_level":0.95,"lower_bound":0.003286885731035429,"upper_bound":0.01751979145389769},"point_estimate":0.008834781227336608,"standard_error":0.0034332126297855173},"median":{"confidence_interval":{"confidence_level":0.95,"lower_bound":0.0010054270771937546,"upper_bound":0.004821374360155574},"point_estimate":0.0035429825184649655,"standard_error":0.001009713419421392}}