{"mean":{"confidence_interval":{"confidence_level":0.95,"lower_bound":-0.01761967686877386,"upper_bound":0.005391225643356812},"point_estimate":-0.004634692438519106,"standard_error":0.005998945111562984},"median":{"confidence_interval":{"confidence_level":0.95,"lower_bound":0.0014619226143808284,"upper_bound":0.005314482926586983},"point_estimate":0.003619540962294998,"standard_error":0.000899528259264785}}