{"mean":{"confidence_interval":{"confidence_level":0.95,"lower_bound":-0.031008313417468562,"upper_bound":-0.008518043377106743},"point_estimate":-0.01800256541929479,"standard_error":0.005783934506431565},"median":{"confidence_interval":{"confidence_level":0.95,"lower_bound":-0.016456640202479722,"upper_bound":-0.011464988687798772},"point_estimate":-0.01444139508074993,"standard_error":0.0012732523578959487}}