{"mean":{"confidence_interval":{"confidence_level":0.95,"lower_bound":-0.0023597331331345474,"upper_bound":0.02009480311538506},"point_estimate":0.00712455364997111,"standard_error":0.006177102226766895},"median":{"confidence_interval":{"confidence_level":0.95,"lower_bound":-0.004077498252049616,"upper_bound":0.00018339132446754114},"point_estimate":-0.0025689560669486244,"standard_error":0.000997910069397246}}