{"mean":{"confidence_interval":{"confidence_level":0.95,"lower_bound":-0.001496413804455199,"upper_bound":0.016998429038568567},"point_estimate":0.0077884384207549395,"standard_error":0.0046645257556282935},"median":{"confidence_interval":{"confidence_level":0.95,"lower_bound":0.005726965561809738,"upper_bound":0.013572109098353158},"point_estimate":0.008193809863294321,"standard_error":0.0018757496447465842}}