{"mean":{"confidence_interval":{"confidence_level":0.95,"lower_bound":-0.0066543133397861665,"upper_bound":0.0030893093070869303},"point_estimate":-0.0013997148837544549,"standard_error":0.0024918124498076},"median":{"confidence_interval":{"confidence_level":0.95,"lower_bound":0.0012626369254047872,"upper_bound":0.005306583037523405},"point_estimate":0.0036968733073479143,"standard_error":0.001054729000083358}}