{"mean":{"confidence_interval":{"confidence_level":0.95,"lower_bound":-0.0005065672162153367,"upper_bound":0.0036737237520157785},"point_estimate":0.001274390446471596,"standard_error":0.0010587141382238778},"median":{"confidence_interval":{"confidence_level":0.95,"lower_bound":-0.002031996041292672,"upper_bound":0.0020247307811183113},"point_estimate":-0.00033967748117558205,"standard_error":0.001056813580642183}}