{"mean":{"confidence_interval":{"confidence_level":0.95,"lower_bound":-0.005161039899569439,"upper_bound":0.004490328124198596},"point_estimate":-0.0006242393981622518,"standard_error":0.002443769217738694},"median":{"confidence_interval":{"confidence_level":0.95,"lower_bound":-0.0015935342703454758,"upper_bound":0.0033216761607908207},"point_estimate":0.001223960512663158,"standard_error":0.001181195519829844}}