{"mean":{"confidence_interval":{"confidence_level":0.95,"lower_bound":-0.027234383615728407,"upper_bound":-0.0032547049111600365},"point_estimate":-0.013715534427615417,"standard_error":0.006227164347490325},"median":{"confidence_interval":{"confidence_level":0.95,"lower_bound":-0.007882431723543193,"upper_bound":-0.002110233555638219},"point_estimate":-0.005015710170851895,"standard_error":0.0014831534103464294}}