{"mean":{"confidence_interval":{"confidence_level":0.95,"lower_bound":0.0054755377220598546,"upper_bound":0.012219788684797938},"point_estimate":0.008479012038171918,"standard_error":0.001775942211292338},"median":{"confidence_interval":{"confidence_level":0.95,"lower_bound":0.005355808962608899,"upper_bound":0.009992829656079172},"point_estimate":0.007468311201934474,"standard_error":0.0012402953057637069}}