{"mean":{"confidence_interval":{"confidence_level":0.95,"lower_bound":-0.003314934877388153,"upper_bound":0.008957854975837114},"point_estimate":0.0025571591210102884,"standard_error":0.0030566882668243635},"median":{"confidence_interval":{"confidence_level":0.95,"lower_bound":-0.0033526725373415056,"upper_bound":0.0011381723414159168},"point_estimate":-0.001224205762225039,"standard_error":0.0011382851843684965}}