{"mean":{"confidence_interval":{"confidence_level":0.95,"lower_bound":-0.014227761835001074,"upper_bound":-0.007610149712670822},"point_estimate":-0.010510316057259272,"standard_error":0.001698906530224518},"median":{"confidence_interval":{"confidence_level":0.95,"lower_bound":-0.011146981426148006,"upper_bound":-0.006091874960072574},"point_estimate":-0.008593271608091868,"standard_error":0.0013075768509533073}}