{"mean":{"confidence_interval":{"confidence_level":0.95,"lower_bound":0.013150396864800684,"upper_bound":0.03517596239504127},"point_estimate":0.02382542664001086,"standard_error":0.005996320435707972},"median":{"confidence_interval":{"confidence_level":0.95,"lower_bound":0.01254471796128609,"upper_bound":0.017621947366197495},"point_estimate":0.015371372431530972,"standard_error":0.0012935916425319046}}