{"mean":{"confidence_interval":{"confidence_level":0.95,"lower_bound":2321519.5165370367,"upper_bound":2673660.8176458334},"point_estimate":2474370.790219577,"standard_error":92111.77222260517},"median":{"confidence_interval":{"confidence_level":0.95,"lower_bound":2300492.0444444446,"upper_bound":2643013.4095238093},"point_estimate":2345696.8449074076,"standard_error":73991.21318837961},"median_abs_dev":{"confidence_interval":{"confidence_level":0.95,"lower_bound":11631.534235999057,"upper_bound":405903.1708737784},"point_estimate":68337.46150515706,"standard_error":79049.10279730058},"slope":{"confidence_interval":{"confidence_level":0.95,"lower_bound":2338204.003772263,"upper_bound":2755745.7779874215},"point_estimate":2508425.9452813854,"standard_error":104866.45160949294},"std_dev":{"confidence_interval":{"confidence_level":0.95,"lower_bound":37794.45069499334,"upper_bound":409593.6397400894},"point_estimate":307401.9679300093,"standard_error":100075.42280966265}}