{"mean":{"confidence_interval":{"confidence_level":0.95,"lower_bound":2205082.847478992,"upper_bound":2261861.1335210083},"point_estimate":2226248.965567227,"standard_error":16180.336768880434},"median":{"confidence_interval":{"confidence_level":0.95,"lower_bound":2202439.147058823,"upper_bound":2225537.382352941},"point_estimate":2205950.613865546,"standard_error":6760.264588125813},"median_abs_dev":{"confidence_interval":{"confidence_level":0.95,"lower_bound":1807.0788138000687,"upper_bound":26976.646730922133},"point_estimate":7017.336451152689,"standard_error":7445.112771866226},"slope":{"confidence_interval":{"confidence_level":0.95,"lower_bound":2204766.275872916,"upper_bound":2220547.551114859},"point_estimate":2211558.8742551566,"standard_error":4321.762604937351},"std_dev":{"confidence_interval":{"confidence_level":0.95,"lower_bound":4312.7178409693415,"upper_bound":82819.26288101348},"point_estimate":54028.64667651464,"standard_error":26458.252274026792}}