{"mean":{"confidence_interval":{"confidence_level":0.95,"lower_bound":62047109.72,"upper_bound":62343976.57416667},"point_estimate":62175617.06666667,"standard_error":76404.49365956403},"median":{"confidence_interval":{"confidence_level":0.95,"lower_bound":61974200.5,"upper_bound":62108974.5},"point_estimate":62035505.75,"standard_error":39906.04944904516},"median_abs_dev":{"confidence_interval":{"confidence_level":0.95,"lower_bound":79183.0700442195,"upper_bound":232943.51331442595},"point_estimate":140113.85181248188,"standard_error":40874.59786795068},"slope":null,"std_dev":{"confidence_interval":{"confidence_level":0.95,"lower_bound":164297.22739838273,"upper_bound":624772.2042678924},"point_estimate":424464.02046247426,"standard_error":128518.24495237716}}