{"mean":{"confidence_interval":{"confidence_level":0.95,"lower_bound":78528819.33999999,"upper_bound":102272041.93249999},"point_estimate":89636297.33333333,"standard_error":6108230.63723315},"median":{"confidence_interval":{"confidence_level":0.95,"lower_bound":65184078.0,"upper_bound":91923480.75},"point_estimate":72031304.75,"standard_error":7802564.344772644},"median_abs_dev":{"confidence_interval":{"confidence_level":0.95,"lower_bound":2689108.327008784,"upper_bound":39216217.433322966},"point_estimate":13142821.036568284,"standard_error":10225598.63251301},"slope":null,"std_dev":{"confidence_interval":{"confidence_level":0.95,"lower_bound":20292761.05275647,"upper_bound":43659704.835501775},"point_estimate":33928898.92469377,"standard_error":5981844.517162973}}