{"mean":{"confidence_interval":{"confidence_level":0.95,"lower_bound":62002038.004999995,"upper_bound":62298596.49708333},"point_estimate":62126452.05,"standard_error":77082.61860760342},"median":{"confidence_interval":{"confidence_level":0.95,"lower_bound":61951618.0,"upper_bound":62028451.5},"point_estimate":61972403.75,"standard_error":20971.455125419838},"median_abs_dev":{"confidence_interval":{"confidence_level":0.95,"lower_bound":35188.39842528105,"upper_bound":145368.55676919222},"point_estimate":82721.66553139687,"standard_error":29249.58307562695},"slope":null,"std_dev":{"confidence_interval":{"confidence_level":0.95,"lower_bound":124843.1825252751,"upper_bound":654317.9339671631},"point_estimate":430482.44769707473,"standard_error":150671.448767412}}