{"mean":{"confidence_interval":{"confidence_level":0.95,"lower_bound":62230574.321666665,"upper_bound":62928868.69583333},"point_estimate":62527856.13333333,"standard_error":181481.05965515628},"median":{"confidence_interval":{"confidence_level":0.95,"lower_bound":62091319.0,"upper_bound":62323734.75},"point_estimate":62159117.75,"standard_error":60283.195628935835},"median_abs_dev":{"confidence_interval":{"confidence_level":0.95,"lower_bound":79901.76038146019,"upper_bound":370959.1155141592},"point_estimate":157511.42120361328,"standard_error":81034.60032395345},"slope":null,"std_dev":{"confidence_interval":{"confidence_level":0.95,"lower_bound":288974.87620259466,"upper_bound":1535902.074396795},"point_estimate":1010791.922657965,"standard_error":347611.38332670374}}