{"mean":{"confidence_interval":{"confidence_level":0.95,"lower_bound":1042508929.25,"upper_bound":1064276969.9075},"point_estimate":1052407047.6,"standard_error":5613902.849017569},"median":{"confidence_interval":{"confidence_level":0.95,"lower_bound":1036979190.0,"upper_bound":1065052058.0},"point_estimate":1046024779.0,"standard_error":7547165.995426622},"median_abs_dev":{"confidence_interval":{"confidence_level":0.95,"lower_bound":1529470.147946477,"upper_bound":30772700.500175357},"point_estimate":14940460.16125381,"standard_error":7381625.405136822},"slope":null,"std_dev":{"confidence_interval":{"confidence_level":0.95,"lower_bound":7951488.369767892,"upper_bound":25128016.8441573},"point_estimate":18669577.21340782,"standard_error":4664126.506922756}}