{"mean":{"confidence_interval":{"confidence_level":0.95,"lower_bound":1034858844.5855,"upper_bound":1040271934.5155001},"point_estimate":1037379717.16,"standard_error":1388329.8996168545},"median":{"confidence_interval":{"confidence_level":0.95,"lower_bound":1032781185.0,"upper_bound":1035548930.0},"point_estimate":1033764012.5,"standard_error":808392.2385430997},"median_abs_dev":{"confidence_interval":{"confidence_level":0.95,"lower_bound":2673781.301143399,"upper_bound":6126983.014324307},"point_estimate":4086312.395453453,"standard_error":865383.2522300959},"slope":null,"std_dev":{"confidence_interval":{"confidence_level":0.95,"lower_bound":6262889.21921317,"upper_bound":13047637.854288753},"point_estimate":9927605.36044122,"standard_error":1753939.9733443423}}