{"mean":{"confidence_interval":{"confidence_level":0.95,"lower_bound":1033939569.845,"upper_bound":1042933603.31},"point_estimate":1037319052.3,"standard_error":2545399.162105811},"median":{"confidence_interval":{"confidence_level":0.95,"lower_bound":1033621787.5,"upper_bound":1036659062.0},"point_estimate":1034459033.0,"standard_error":996551.3990183248},"median_abs_dev":{"confidence_interval":{"confidence_level":0.95,"lower_bound":249582.36216902733,"upper_bound":3876805.451872945},"point_estimate":1778240.7866299152,"standard_error":1173152.3396099666},"slope":null,"std_dev":{"confidence_interval":{"confidence_level":0.95,"lower_bound":1048561.4843779071,"upper_bound":13028903.167731697},"point_estimate":8494442.257661091,"standard_error":4144797.3473943896}}