{"mean":{"confidence_interval":{"confidence_level":0.95,"lower_bound":1032800852.1675,"upper_bound":1047854085.4},"point_estimate":1039042807.1,"standard_error":3826404.035739046},"median":{"confidence_interval":{"confidence_level":0.95,"lower_bound":1032302683.0,"upper_bound":1047937571.5},"point_estimate":1033269012.5,"standard_error":3262830.01332877},"median_abs_dev":{"confidence_interval":{"confidence_level":0.95,"lower_bound":195871.47162258625,"upper_bound":20419272.706085443},"point_estimate":1413309.9226087332,"standard_error":3386346.516275539},"slope":null,"std_dev":{"confidence_interval":{"confidence_level":0.95,"lower_bound":759550.0957858687,"upper_bound":16052313.241447829},"point_estimate":12788060.089563489,"standard_error":4255164.0293010445}}