{"mean":{"confidence_interval":{"confidence_level":0.95,"lower_bound":1026763950.5685,"upper_bound":1031197669.0205001},"point_estimate":1028795830.86,"standard_error":1141764.3909768579},"median":{"confidence_interval":{"confidence_level":0.95,"lower_bound":1025209724.0,"upper_bound":1026785856.0},"point_estimate":1025949079.5,"standard_error":419227.3677598241},"median_abs_dev":{"confidence_interval":{"confidence_level":0.95,"lower_bound":1433636.3682478666,"upper_bound":3411053.3418416977},"point_estimate":2251126.426434517,"standard_error":498112.4442401605},"slope":null,"std_dev":{"confidence_interval":{"confidence_level":0.95,"lower_bound":4518977.72489047,"upper_bound":10842226.494976513},"point_estimate":8097640.343430874,"standard_error":1611297.6173321642}}