{"mean":{"confidence_interval":{"confidence_level":0.95,"lower_bound":1026733608.349,"upper_bound":1032713918.6999999},"point_estimate":1029250613.9,"standard_error":1545980.750935691},"median":{"confidence_interval":{"confidence_level":0.95,"lower_bound":1025365695.0,"upper_bound":1026972362.0},"point_estimate":1026094561.5,"standard_error":435813.7779690776},"median_abs_dev":{"confidence_interval":{"confidence_level":0.95,"lower_bound":1382041.8891638517,"upper_bound":3206835.573667288},"point_estimate":2044090.9770101309,"standard_error":449859.9428425053},"slope":null,"std_dev":{"confidence_interval":{"confidence_level":0.95,"lower_bound":3843840.0073315734,"upper_bound":16972368.52761581},"point_estimate":11037076.928409217,"standard_error":3797013.5323745427}}