{"mean":{"confidence_interval":{"confidence_level":0.95,"lower_bound":1026194215.3659999,"upper_bound":1031807974.3575},"point_estimate":1028519479.16,"standard_error":1457593.663496722},"median":{"confidence_interval":{"confidence_level":0.95,"lower_bound":1025092042.0,"upper_bound":1026214156.0},"point_estimate":1025593818.5,"standard_error":300152.35103428696},"median_abs_dev":{"confidence_interval":{"confidence_level":0.95,"lower_bound":1098209.9850028753,"upper_bound":2454062.4869316816},"point_estimate":1586373.8175362349,"standard_error":350253.65298130293},"slope":null,"std_dev":{"confidence_interval":{"confidence_level":0.95,"lower_bound":3603411.354287043,"upper_bound":16341931.786209568},"point_estimate":10484610.80167662,"standard_error":3806638.3601091527}}