{"mean":{"confidence_interval":{"confidence_level":0.95,"lower_bound":1033160808.1,"upper_bound":1039680331.7},"point_estimate":1035763533.3,"standard_error":1758793.6696484154},"median":{"confidence_interval":{"confidence_level":0.95,"lower_bound":1032335570.0,"upper_bound":1036366732.0},"point_estimate":1033984522.5,"standard_error":1172467.6904977337},"median_abs_dev":{"confidence_interval":{"confidence_level":0.95,"lower_bound":597613.810390234,"upper_bound":4711243.110358715},"point_estimate":2576720.9479540586,"standard_error":1076475.8567023121},"slope":null,"std_dev":{"confidence_interval":{"confidence_level":0.95,"lower_bound":1323294.4245114748,"upper_bound":8854548.48783893},"point_estimate":5866342.801891597,"standard_error":2494727.372151054}}