{"mean":{"confidence_interval":{"confidence_level":0.95,"lower_bound":1023565477.55,"upper_bound":1029291319.77},"point_estimate":1026054730.5,"standard_error":1453164.0216834366},"median":{"confidence_interval":{"confidence_level":0.95,"lower_bound":1023272855.0,"upper_bound":1029342846.5},"point_estimate":1024081965.5,"standard_error":1352450.1804339027},"median_abs_dev":{"confidence_interval":{"confidence_level":0.95,"lower_bound":148168.0761694908,"upper_bound":7060843.085744977},"point_estimate":1403955.4580748081,"standard_error":1416660.7268754533},"slope":null,"std_dev":{"confidence_interval":{"confidence_level":0.95,"lower_bound":832730.5513523922,"upper_bound":6083075.479105479},"point_estimate":4828899.821421099,"standard_error":1395962.9691843865}}