{"mean":{"confidence_interval":{"confidence_level":0.95,"lower_bound":161834094.1785,"upper_bound":162648672.46499997},"point_estimate":162191930.18,"standard_error":210153.39156114584},"median":{"confidence_interval":{"confidence_level":0.95,"lower_bound":161624377.0,"upper_bound":161925054.0},"point_estimate":161796634.0,"standard_error":89855.77681984166},"median_abs_dev":{"confidence_interval":{"confidence_level":0.95,"lower_bound":231444.9753910303,"upper_bound":561789.7472262383},"point_estimate":380214.2458498478,"standard_error":91389.37732655795},"slope":null,"std_dev":{"confidence_interval":{"confidence_level":0.95,"lower_bound":466929.61685853556,"upper_bound":2171135.6865501874},"point_estimate":1498030.5745786075,"standard_error":420501.0456573363}}