{"mean":{"confidence_interval":{"confidence_level":0.95,"lower_bound":162779918.82,"upper_bound":163660318.99350002},"point_estimate":163176022.26,"standard_error":226837.4270969686},"median":{"confidence_interval":{"confidence_level":0.95,"lower_bound":162481381.5,"upper_bound":162915964.0},"point_estimate":162777408.0,"standard_error":98054.6102426146},"median_abs_dev":{"confidence_interval":{"confidence_level":0.95,"lower_bound":460434.02392566204,"upper_bound":996556.2591075897},"point_estimate":685684.6966266632,"standard_error":138919.1115303791},"slope":null,"std_dev":{"confidence_interval":{"confidence_level":0.95,"lower_bound":792591.6065058457,"upper_bound":2295133.117066187},"point_estimate":1621419.4072656042,"standard_error":394825.94091003324}}