{"mean":{"confidence_interval":{"confidence_level":0.95,"lower_bound":165310525.0315,"upper_bound":166686020.4865},"point_estimate":165918831.64,"standard_error":353252.0510984033},"median":{"confidence_interval":{"confidence_level":0.95,"lower_bound":164923100.0,"upper_bound":165870037.0},"point_estimate":165363542.0,"standard_error":270607.26108010224},"median_abs_dev":{"confidence_interval":{"confidence_level":0.95,"lower_bound":949477.7795433998,"upper_bound":1794557.540640235},"point_estimate":1463211.2725228071,"standard_error":217161.75875334765},"slope":null,"std_dev":{"confidence_interval":{"confidence_level":0.95,"lower_bound":1115180.2136572765,"upper_bound":3683178.273310942},"point_estimate":2521633.993867604,"standard_error":686669.3601617307}}