{"mean":{"confidence_interval":{"confidence_level":0.95,"lower_bound":161895828.960625,"upper_bound":162259393.66875},"point_estimate":162062364.65,"standard_error":93071.38056261506},"median":{"confidence_interval":{"confidence_level":0.95,"lower_bound":161802734.0,"upper_bound":162171640.0},"point_estimate":161933251.25,"standard_error":90994.59853697743},"median_abs_dev":{"confidence_interval":{"confidence_level":0.95,"lower_bound":128359.79922115803,"upper_bound":527740.3654969807},"point_estimate":338995.00138163567,"standard_error":100882.96418319458},"slope":null,"std_dev":{"confidence_interval":{"confidence_level":0.95,"lower_bound":224148.33412235611,"upper_bound":587118.0454441126},"point_estimate":428724.8101840749,"standard_error":97345.11609072286}}