{"mean":{"confidence_interval":{"confidence_level":0.95,"lower_bound":162358595.26,"upper_bound":163842662.26375},"point_estimate":162901386.025,"standard_error":426516.57721049065},"median":{"confidence_interval":{"confidence_level":0.95,"lower_bound":162272296.5,"upper_bound":162602551.75},"point_estimate":162418924.5,"standard_error":81425.29200938495},"median_abs_dev":{"confidence_interval":{"confidence_level":0.95,"lower_bound":129913.19334357977,"upper_bound":420801.90272927284},"point_estimate":272415.8843636513,"standard_error":73316.0497371102},"slope":null,"std_dev":{"confidence_interval":{"confidence_level":0.95,"lower_bound":192297.83796724735,"upper_bound":3204891.118946019},"point_estimate":1963717.2409349964,"standard_error":1021080.8868628294}}