{"mean":{"confidence_interval":{"confidence_level":0.95,"lower_bound":163302880.54,"upper_bound":164256798.80699998},"point_estimate":163739904.24,"standard_error":244364.3257217046},"median":{"confidence_interval":{"confidence_level":0.95,"lower_bound":162988470.0,"upper_bound":163522488.0},"point_estimate":163366856.5,"standard_error":132443.62375330954},"median_abs_dev":{"confidence_interval":{"confidence_level":0.95,"lower_bound":652593.806514144,"upper_bound":1623861.357870698},"point_estimate":1236221.510052681,"standard_error":239199.24919394453},"slope":null,"std_dev":{"confidence_interval":{"confidence_level":0.95,"lower_bound":1004111.6486505214,"upper_bound":2390914.635553226},"point_estimate":1736761.1633070612,"standard_error":363600.1495109471}}