{"mean":{"confidence_interval":{"confidence_level":0.95,"lower_bound":164303305.5795,"upper_bound":165644080.24199998},"point_estimate":164880535.0,"standard_error":347001.4725147019},"median":{"confidence_interval":{"confidence_level":0.95,"lower_bound":164073141.0,"upper_bound":164414529.0},"point_estimate":164257525.0,"standard_error":81758.77213458078},"median_abs_dev":{"confidence_interval":{"confidence_level":0.95,"lower_bound":323181.59006237984,"upper_bound":808822.0374405384},"point_estimate":551222.5159138441,"standard_error":119738.51805522994},"slope":null,"std_dev":{"confidence_interval":{"confidence_level":0.95,"lower_bound":554900.6066306866,"upper_bound":3701947.6573110847},"point_estimate":2478139.4353751587,"standard_error":800400.8253065976}}