{"mean":{"confidence_interval":{"confidence_level":0.95,"lower_bound":162394012.915,"upper_bound":163274343.409},"point_estimate":162783765.5,"standard_error":227291.59625862038},"median":{"confidence_interval":{"confidence_level":0.95,"lower_bound":162191650.0,"upper_bound":162471814.0},"point_estimate":162324575.5,"standard_error":69976.48656388895},"median_abs_dev":{"confidence_interval":{"confidence_level":0.95,"lower_bound":218125.33429250127,"upper_bound":490043.02799999714},"point_estimate":335471.6025441885,"standard_error":73124.20051809434},"slope":null,"std_dev":{"confidence_interval":{"confidence_level":0.95,"lower_bound":630623.6260654051,"upper_bound":2306289.619204501},"point_estimate":1624678.376885793,"standard_error":429722.73872618866}}