{"mean":{"confidence_interval":{"confidence_level":0.95,"lower_bound":-0.01519668800614254,"upper_bound":0.0028621802572883492},"point_estimate":-0.0056308504005145865,"standard_error":0.004601434369927411},"median":{"confidence_interval":{"confidence_level":0.95,"lower_bound":-0.0020335114438276847,"upper_bound":0.0031720603056231145},"point_estimate":0.0005006465104366864,"standard_error":0.0013696087153030091}}