{"mean":{"confidence_interval":{"confidence_level":0.95,"lower_bound":-0.011358312468560307,"upper_bound":-0.002919512800607847},"point_estimate":-0.0071601053449591445,"standard_error":0.0021194491448833907},"median":{"confidence_interval":{"confidence_level":0.95,"lower_bound":-0.010418293025889702,"upper_bound":-0.004535808540799602},"point_estimate":-0.007648487675147586,"standard_error":0.0015426239172564946}}