{"mean":{"confidence_interval":{"confidence_level":0.95,"lower_bound":-0.008968089703514584,"upper_bound":0.0002431137144656148},"point_estimate":-0.004543641559569878,"standard_error":0.002321875206624322},"median":{"confidence_interval":{"confidence_level":0.95,"lower_bound":-0.006264061498506446,"upper_bound":-0.0026035951897656435},"point_estimate":-0.004184020628401841,"standard_error":0.0009135005266588227}}