{"mean":{"confidence_interval":{"confidence_level":0.95,"lower_bound":-0.005403548067954305,"upper_bound":0.002946297856257762},"point_estimate":-0.0010745878587410385,"standard_error":0.0021338339037755144},"median":{"confidence_interval":{"confidence_level":0.95,"lower_bound":-0.002411437754404111,"upper_bound":0.001203846199477221},"point_estimate":-0.0007640339277058539,"standard_error":0.0009194590873887163}}