{"mean":{"confidence_interval":{"confidence_level":0.95,"lower_bound":-0.0017912123872333315,"upper_bound":0.018781493560599428},"point_estimate":0.00675033505600009,"standard_error":0.0055469142784560005},"median":{"confidence_interval":{"confidence_level":0.95,"lower_bound":0.0007117358870586014,"upper_bound":0.004437762187825323},"point_estimate":0.0024678848670363074,"standard_error":0.0009633652560396876}}