{"mean":{"confidence_interval":{"confidence_level":0.95,"lower_bound":-0.0009636525113199552,"upper_bound":0.017860093528505108},"point_estimate":0.007292317265952031,"standard_error":0.004894855544511444},"median":{"confidence_interval":{"confidence_level":0.95,"lower_bound":-0.0029265353806158245,"upper_bound":0.003474662726850708},"point_estimate":0.0002401927328119502,"standard_error":0.0016695578072506523}}