{"mean":{"confidence_interval":{"confidence_level":0.95,"lower_bound":-0.6623075921035149,"upper_bound":-0.6591696898794869},"point_estimate":-0.6608666842168776,"standard_error":0.000788037192269362},"median":{"confidence_interval":{"confidence_level":0.95,"lower_bound":-0.6612990728787678,"upper_bound":-0.6601875782762581},"point_estimate":-0.6607998372096868,"standard_error":0.0002859510525628014}}