{"mean":{"confidence_interval":{"confidence_level":0.95,"lower_bound":-0.019148196586870468,"upper_bound":-0.0008945091442029707},"point_estimate":-0.008870223476595274,"standard_error":0.004702333086406929},"median":{"confidence_interval":{"confidence_level":0.95,"lower_bound":-0.0056427117137104466,"upper_bound":-0.002760731577885478},"point_estimate":-0.004014290381250563,"standard_error":0.000741063444465344}}