{"mean":{"confidence_interval":{"confidence_level":0.95,"lower_bound":0.005929348779070032,"upper_bound":0.014621181683702777},"point_estimate":0.010307056892488342,"standard_error":0.002228952641011175},"median":{"confidence_interval":{"confidence_level":0.95,"lower_bound":0.0068894260927814255,"upper_bound":0.011782731773390448},"point_estimate":0.009019776750686326,"standard_error":0.0012278942320578714}}