{"mean":{"confidence_interval":{"confidence_level":0.95,"lower_bound":-0.00513238142267935,"upper_bound":0.003618471977630433},"point_estimate":-0.0010454485798402358,"standard_error":0.002215670076233255},"median":{"confidence_interval":{"confidence_level":0.95,"lower_bound":-0.0023686583780836434,"upper_bound":0.0025667536204589947},"point_estimate":0.0008264738513479308,"standard_error":0.0012418209065267391}}