{"mean":{"confidence_interval":{"confidence_level":0.95,"lower_bound":-0.010815335229865037,"upper_bound":0.02309434971897656},"point_estimate":0.005954697876314752,"standard_error":0.008630931351705392},"median":{"confidence_interval":{"confidence_level":0.95,"lower_bound":-0.0014002145244246256,"upper_bound":0.02090580862946756},"point_estimate":0.006532443473724836,"standard_error":0.005151130656525982}}