{"mean":{"confidence_interval":{"confidence_level":0.95,"lower_bound":-0.5038662487455962,"upper_bound":-0.16219190935750163},"point_estimate":-0.36729951812524764,"standard_error":0.08769524290652425},"median":{"confidence_interval":{"confidence_level":0.95,"lower_bound":-0.5180482161774238,"upper_bound":-0.01945252592957558},"point_estimate":-0.20820395337343,"standard_error":0.16965435378607288}}