{"mean":{"confidence_interval":{"confidence_level":0.95,"lower_bound":-0.0024013329628947977,"upper_bound":0.03568780588311293},"point_estimate":0.02038805253538012,"standard_error":0.010216786458998041},"median":{"confidence_interval":{"confidence_level":0.95,"lower_bound":0.01868217451461862,"upper_bound":0.03909068965589513},"point_estimate":0.02868726199919469,"standard_error":0.0054166767018037085}}