{"mean":{"confidence_interval":{"confidence_level":0.95,"lower_bound":-0.10407676791346632,"upper_bound":-0.030715042476359384},"point_estimate":-0.05816322762481363,"standard_error":0.02179230034220542},"median":{"confidence_interval":{"confidence_level":0.95,"lower_bound":-0.04246738851457821,"upper_bound":-0.029259991515000583},"point_estimate":-0.033845049632286184,"standard_error":0.005821265249484837}}