{"mean":{"confidence_interval":{"confidence_level":0.95,"lower_bound":0.0026755757494140034,"upper_bound":0.08728722808292425},"point_estimate":0.033628855481701025,"standard_error":0.02514451328394824},"median":{"confidence_interval":{"confidence_level":0.95,"lower_bound":-0.0019531403375944167,"upper_bound":0.018778838986591273},"point_estimate":0.01030149803639202,"standard_error":0.008841690007792809}}