{"mean":{"confidence_interval":{"confidence_level":0.95,"lower_bound":-0.012831369145696875,"upper_bound":0.029103942096621562},"point_estimate":0.0041400444126293845,"standard_error":0.01065396568420498},"median":{"confidence_interval":{"confidence_level":0.95,"lower_bound":-0.0073377180458223945,"upper_bound":0.005477619463219785},"point_estimate":-0.0036943402287880067,"standard_error":0.005324116901378877}}