{"mean":{"confidence_interval":{"confidence_level":0.95,"lower_bound":0.005927127477984107,"upper_bound":0.021170356349245755},"point_estimate":0.01311331713575159,"standard_error":0.0038659423663495265},"median":{"confidence_interval":{"confidence_level":0.95,"lower_bound":0.0033233951095144043,"upper_bound":0.026738043381341114},"point_estimate":0.0068912213175038595,"standard_error":0.005868927830696643}}