{"mean":{"confidence_interval":{"confidence_level":0.95,"lower_bound":-0.0017168194903430184,"upper_bound":0.024853574625417953},"point_estimate":0.008585824963593724,"standard_error":0.00687426593853483},"median":{"confidence_interval":{"confidence_level":0.95,"lower_bound":0.0007095692159655442,"upper_bound":0.012800326802753004},"point_estimate":0.004939660041042071,"standard_error":0.005605091015904411}}