{"mean":{"confidence_interval":{"confidence_level":0.95,"lower_bound":0.18812105249196506,"upper_bound":1.051450417004913},"point_estimate":0.5715203248188547,"standard_error":0.21494915836932538},"median":{"confidence_interval":{"confidence_level":0.95,"lower_bound":0.016892596732263065,"upper_bound":1.0903679626414764},"point_estimate":0.2611047873651011,"standard_error":0.3432027108163535}}