{"mean":{"confidence_interval":{"confidence_level":0.95,"lower_bound":-0.02990623646031909,"upper_bound":-0.006062358834309722},"point_estimate":-0.01661402773466336,"standard_error":0.0061588407629341},"median":{"confidence_interval":{"confidence_level":0.95,"lower_bound":-0.02634268138049134,"upper_bound":-0.004773262384946464},"point_estimate":-0.011117389153866175,"standard_error":0.004679791728305358}}