{"mean":{"confidence_interval":{"confidence_level":0.95,"lower_bound":-0.02432148059754491,"upper_bound":-0.008659100865117897},"point_estimate":-0.016250502045521142,"standard_error":0.004009904122107367},"median":{"confidence_interval":{"confidence_level":0.95,"lower_bound":-0.02746351070156816,"upper_bound":-0.010461935472040218},"point_estimate":-0.015758937257908667,"standard_error":0.004466110847070142}}