{"mean":{"confidence_interval":{"confidence_level":0.95,"lower_bound":102296238.89,"upper_bound":103126657.2995},"point_estimate":102659424.32,"standard_error":214054.56444064455},"median":{"confidence_interval":{"confidence_level":0.95,"lower_bound":102152088.0,"upper_bound":102336125.0},"point_estimate":102235650.5,"standard_error":45501.12106809406},"median_abs_dev":{"confidence_interval":{"confidence_level":0.95,"lower_bound":160166.75775647163,"upper_bound":410742.4619078636},"point_estimate":253728.4529954195,"standard_error":64449.36165718344},"slope":null,"std_dev":{"confidence_interval":{"confidence_level":0.95,"lower_bound":316634.3944851228,"upper_bound":2275368.246216242},"point_estimate":1538771.8999059545,"standard_error":477202.715904836}}