{"mean":{"confidence_interval":{"confidence_level":0.95,"lower_bound":103058025.61299999,"upper_bound":103944561.35849999},"point_estimate":103445361.52,"standard_error":228904.6271163885},"median":{"confidence_interval":{"confidence_level":0.95,"lower_bound":102939937.0,"upper_bound":103126218.5},"point_estimate":103041261.5,"standard_error":50469.062436401604},"median_abs_dev":{"confidence_interval":{"confidence_level":0.95,"lower_bound":205637.35764920712,"upper_bound":474219.9797809124},"point_estimate":367691.4651721716,"standard_error":69477.69524515496},"slope":null,"std_dev":{"confidence_interval":{"confidence_level":0.95,"lower_bound":429155.1845478443,"upper_bound":2417368.6612992007},"point_estimate":1639054.3252123385,"standard_error":502712.9896551835}}