{"mean":{"confidence_interval":{"confidence_level":0.95,"lower_bound":102077875.2805,"upper_bound":102847221.6205},"point_estimate":102414810.76,"standard_error":197979.48607905034},"median":{"confidence_interval":{"confidence_level":0.95,"lower_bound":101908658.5,"upper_bound":102109595.0},"point_estimate":101986384.5,"standard_error":50072.64299888467},"median_abs_dev":{"confidence_interval":{"confidence_level":0.95,"lower_bound":115849.6206432581,"upper_bound":352868.43063533306},"point_estimate":207270.44152021408,"standard_error":66319.77160967476},"slope":null,"std_dev":{"confidence_interval":{"confidence_level":0.95,"lower_bound":381583.80579764955,"upper_bound":2033343.9321013382},"point_estimate":1409781.3197770456,"standard_error":398009.6626189449}}