{"mean":{"confidence_interval":{"confidence_level":0.95,"lower_bound":102106572.077,"upper_bound":102861496.02250001},"point_estimate":102434332.16,"standard_error":195053.36784781137},"median":{"confidence_interval":{"confidence_level":0.95,"lower_bound":101939486.0,"upper_bound":102215416.0},"point_estimate":102000337.5,"standard_error":74411.06597881665},"median_abs_dev":{"confidence_interval":{"confidence_level":0.95,"lower_bound":186978.83698046207,"upper_bound":448218.88274252415},"point_estimate":310555.02738654613,"standard_error":62685.92170490259},"slope":null,"std_dev":{"confidence_interval":{"confidence_level":0.95,"lower_bound":360725.4975839675,"upper_bound":2072462.9232812},"point_estimate":1393974.1183172015,"standard_error":427359.29734075075}}