{"mean":{"confidence_interval":{"confidence_level":0.95,"lower_bound":20690.04409525041,"upper_bound":20747.700950504543},"point_estimate":20718.26032758716,"standard_error":14.721537256224641},"median":{"confidence_interval":{"confidence_level":0.95,"lower_bound":20689.797768878718,"upper_bound":20745.624686716794},"point_estimate":20715.6973321845,"standard_error":14.97578317400703},"median_abs_dev":{"confidence_interval":{"confidence_level":0.95,"lower_bound":65.8615179819916,"upper_bound":131.72465953584785},"point_estimate":103.88868025910679,"standard_error":16.831258091559494},"slope":{"confidence_interval":{"confidence_level":0.95,"lower_bound":20725.094185963822,"upper_bound":20800.50185540589},"point_estimate":20759.133037734115,"standard_error":19.534956898505076},"std_dev":{"confidence_interval":{"confidence_level":0.95,"lower_bound":79.50097246834713,"upper_bound":130.5813488505807},"point_estimate":105.58338172145076,"standard_error":13.201207560106264}}