{"mean":{"confidence_interval":{"confidence_level":0.95,"lower_bound":20793.50815960839,"upper_bound":20887.792257582256},"point_estimate":20834.304390011457,"standard_error":24.28996572208729},"median":{"confidence_interval":{"confidence_level":0.95,"lower_bound":20780.350129570976,"upper_bound":20816.17566750762},"point_estimate":20792.58944009633,"standard_error":9.955556807383072},"median_abs_dev":{"confidence_interval":{"confidence_level":0.95,"lower_bound":35.06715752096685,"upper_bound":103.88318369654112},"point_estimate":69.63415390983053,"standard_error":19.10438256016004},"slope":{"confidence_interval":{"confidence_level":0.95,"lower_bound":20791.040494379,"upper_bound":20867.567723789965},"point_estimate":20826.129128813154,"standard_error":19.629189809302755},"std_dev":{"confidence_interval":{"confidence_level":0.95,"lower_bound":67.28893125685286,"upper_bound":262.1666545066411},"point_estimate":172.96502010910015,"standard_error":53.36262749169893}}