{"mean":{"confidence_interval":{"confidence_level":0.95,"lower_bound":20985.511826066508,"upper_bound":21523.89257314324},"point_estimate":21230.69826299503,"standard_error":138.1379538973095},"median":{"confidence_interval":{"confidence_level":0.95,"lower_bound":20860.418001136975,"upper_bound":20907.812866603595},"point_estimate":20883.894983443708,"standard_error":11.54410472385402},"median_abs_dev":{"confidence_interval":{"confidence_level":0.95,"lower_bound":49.62786961339846,"upper_bound":150.07352165161615},"point_estimate":74.05680962893977,"standard_error":26.54527913787942},"slope":{"confidence_interval":{"confidence_level":0.95,"lower_bound":20922.077570042755,"upper_bound":21058.41491679076},"point_estimate":20980.885588524572,"standard_error":35.0875966380681},"std_dev":{"confidence_interval":{"confidence_level":0.95,"lower_bound":506.016122513125,"upper_bound":1327.4503072465648},"point_estimate":986.2938763267858,"standard_error":210.35701583359756}}