{"mean":{"confidence_interval":{"confidence_level":0.95,"lower_bound":-0.00616522139563115,"upper_bound":-0.0011361350025126307},"point_estimate":-0.0036102303729632634,"standard_error":0.001289918850670768},"median":{"confidence_interval":{"confidence_level":0.95,"lower_bound":-0.004942563410731737,"upper_bound":0.00039378814859292177},"point_estimate":-0.0011902178076554915,"standard_error":0.0014519507752139688}}