{"mean":{"confidence_interval":{"confidence_level":0.95,"lower_bound":-0.00910248817198866,"upper_bound":0.00414374157847986},"point_estimate":-0.0021388110570651486,"standard_error":0.0033909485893438593},"median":{"confidence_interval":{"confidence_level":0.95,"lower_bound":-0.008090147065551334,"upper_bound":-0.0012450691378516066},"point_estimate":-0.0030630920893269797,"standard_error":0.0018256275007465818}}