{"mean":{"confidence_interval":{"confidence_level":0.95,"lower_bound":-0.0032131132694134257,"upper_bound":0.01885222784517282},"point_estimate":0.006329952877252909,"standard_error":0.005616375183947358},"median":{"confidence_interval":{"confidence_level":0.95,"lower_bound":-0.0022614535797218505,"upper_bound":0.003465221106214278},"point_estimate":0.000736090054260119,"standard_error":0.0015145556215663968}}