{"mean":{"confidence_interval":{"confidence_level":0.95,"lower_bound":-0.009187951648467196,"upper_bound":0.004792162865382887},"point_estimate":-0.0020130330411843866,"standard_error":0.003598758931945194},"median":{"confidence_interval":{"confidence_level":0.95,"lower_bound":-0.003471928363955934,"upper_bound":0.0021710106957850694},"point_estimate":-0.0003901403394214187,"standard_error":0.0014522499559429282}}