{"mean":{"confidence_interval":{"confidence_level":0.95,"lower_bound":0.0034897503262618645,"upper_bound":0.01881033910340646},"point_estimate":0.01130676431261679,"standard_error":0.003916262472613129},"median":{"confidence_interval":{"confidence_level":0.95,"lower_bound":0.00794507290897406,"upper_bound":0.01461952334583283},"point_estimate":0.010345990011138895,"standard_error":0.0016978773247070336}}