{"mean":{"confidence_interval":{"confidence_level":0.95,"lower_bound":-0.0012301528350323456,"upper_bound":0.012948260280356998},"point_estimate":0.006273015456056408,"standard_error":0.0036016531136725564},"median":{"confidence_interval":{"confidence_level":0.95,"lower_bound":0.0039984510852486554,"upper_bound":0.010283723736268957},"point_estimate":0.007663592520280593,"standard_error":0.001554100745667057}}