{"mean":{"confidence_interval":{"confidence_level":0.95,"lower_bound":-0.049997260774405895,"upper_bound":-0.020474589856307995},"point_estimate":-0.03387277598720484,"standard_error":0.0076235037188596075},"median":{"confidence_interval":{"confidence_level":0.95,"lower_bound":-0.018774521709820746,"upper_bound":-0.012434849655428626},"point_estimate":-0.016230514318009037,"standard_error":0.0015782736962490285}}