{"mean":{"confidence_interval":{"confidence_level":0.95,"lower_bound":-0.018816362845210797,"upper_bound":0.02422941061278412},"point_estimate":0.0011164832243406586,"standard_error":0.010861086724909074},"median":{"confidence_interval":{"confidence_level":0.95,"lower_bound":-0.006768351707472031,"upper_bound":0.0012030203428019526},"point_estimate":-0.0022420524943616016,"standard_error":0.001996172835190739}}