{"mean":{"confidence_interval":{"confidence_level":0.95,"lower_bound":0.0018568859505110336,"upper_bound":0.015582334040372976},"point_estimate":0.008589029581655083,"standard_error":0.003399484034114405},"median":{"confidence_interval":{"confidence_level":0.95,"lower_bound":-0.0016302646534447351,"upper_bound":0.0036762352954260447},"point_estimate":0.0007926698673506039,"standard_error":0.0014007376408415792}}