{"mean":{"confidence_interval":{"confidence_level":0.95,"lower_bound":0.002797173020942656,"upper_bound":0.00767478547753932},"point_estimate":0.005287664243220913,"standard_error":0.001284777250504756},"median":{"confidence_interval":{"confidence_level":0.95,"lower_bound":0.0015237008746495917,"upper_bound":0.007399942667951294},"point_estimate":0.0032044720002886162,"standard_error":0.001558734377049709}}