{"mean":{"confidence_interval":{"confidence_level":0.95,"lower_bound":0.003452848082373745,"upper_bound":0.038125470124839377},"point_estimate":0.021347320065494335,"standard_error":0.008815709956044302},"median":{"confidence_interval":{"confidence_level":0.95,"lower_bound":0.012171871072504725,"upper_bound":0.019918819515760466},"point_estimate":0.01586908296251499,"standard_error":0.0020125036468052826}}