{"mean":{"confidence_interval":{"confidence_level":0.95,"lower_bound":-0.008300237419799713,"upper_bound":0.0033922345957867798},"point_estimate":-0.002424530499189448,"standard_error":0.002992672932750213},"median":{"confidence_interval":{"confidence_level":0.95,"lower_bound":-0.008123417557396206,"upper_bound":0.00033167046727933247},"point_estimate":-0.00583140354455236,"standard_error":0.0022785391984387177}}