{"mean":{"confidence_interval":{"confidence_level":0.95,"lower_bound":0.00617999985826451,"upper_bound":0.028670105797428336},"point_estimate":0.015952841543257712,"standard_error":0.00571973903793347},"median":{"confidence_interval":{"confidence_level":0.95,"lower_bound":0.00605098019180339,"upper_bound":0.012856772791095095},"point_estimate":0.009607884494778007,"standard_error":0.0017313077426069155}}