{"mean":{"confidence_interval":{"confidence_level":0.95,"lower_bound":-0.00337997703926447,"upper_bound":0.0022480215182437836},"point_estimate":-0.0004502021521292088,"standard_error":0.0014498313965943903},"median":{"confidence_interval":{"confidence_level":0.95,"lower_bound":-0.0034804210106552658,"upper_bound":0.0011230549855074656},"point_estimate":-0.0007787392629021728,"standard_error":0.0011946780795837333}}