{"mean":{"confidence_interval":{"confidence_level":0.95,"lower_bound":-0.012986076516294891,"upper_bound":0.0072930493412203725},"point_estimate":-0.0019690184062703953,"standard_error":0.005199930469760392},"median":{"confidence_interval":{"confidence_level":0.95,"lower_bound":0.003761546206028754,"upper_bound":0.010313467522901743},"point_estimate":0.007330410631609885,"standard_error":0.001659709318958318}}