{"mean":{"confidence_interval":{"confidence_level":0.95,"lower_bound":771529.0747941111,"upper_bound":779340.7167550381},"point_estimate":775142.8700155133,"standard_error":2003.0105243354583},"median":{"confidence_interval":{"confidence_level":0.95,"lower_bound":771542.14,"upper_bound":776880.224},"point_estimate":774386.1584415585,"standard_error":1610.7713001524885},"median_abs_dev":{"confidence_interval":{"confidence_level":0.95,"lower_bound":5164.96441580354,"upper_bound":15860.586077963806},"point_estimate":10686.757834024624,"standard_error":3086.2241109236184},"slope":{"confidence_interval":{"confidence_level":0.95,"lower_bound":766086.8178049418,"upper_bound":771374.0271305358},"point_estimate":768324.4789097263,"standard_error":1354.0717972664652},"std_dev":{"confidence_interval":{"confidence_level":0.95,"lower_bound":8035.382937983591,"upper_bound":20120.789863861763},"point_estimate":14315.347525078474,"standard_error":3238.0025259528747}}