{"mean":{"confidence_interval":{"confidence_level":0.95,"lower_bound":768980.1226293509,"upper_bound":776558.1437043705},"point_estimate":772404.4949485224,"standard_error":1937.9005182092449},"median":{"confidence_interval":{"confidence_level":0.95,"lower_bound":768264.1032258065,"upper_bound":772712.873286052},"point_estimate":771025.4758333333,"standard_error":1239.7693764186156},"median_abs_dev":{"confidence_interval":{"confidence_level":0.95,"lower_bound":4024.687684801899,"upper_bound":9453.437471498974},"point_estimate":6279.327917533947,"standard_error":1414.8823425328608},"slope":{"confidence_interval":{"confidence_level":0.95,"lower_bound":769046.6591676744,"upper_bound":775941.2254179323},"point_estimate":771968.9222783926,"standard_error":1756.1755978106805},"std_dev":{"confidence_interval":{"confidence_level":0.95,"lower_bound":6491.254307609018,"upper_bound":19132.52144312969},"point_estimate":13808.652733098943,"standard_error":3181.259794908545}}