{"mean":{"confidence_interval":{"confidence_level":0.95,"lower_bound":-0.027044917909751387,"upper_bound":-0.0020017457470753452},"point_estimate":-0.01221023056088233,"standard_error":0.006562090404175885},"median":{"confidence_interval":{"confidence_level":0.95,"lower_bound":-0.003326044011848439,"upper_bound":0.0009728160711965916},"point_estimate":-0.00112646073492495,"standard_error":0.0009880378499051335}}