{"mean":{"confidence_interval":{"confidence_level":0.95,"lower_bound":0.008481428168285055,"upper_bound":0.02270573173788043},"point_estimate":0.01519742221957765,"standard_error":0.0036221024249162956},"median":{"confidence_interval":{"confidence_level":0.95,"lower_bound":0.011910925175554534,"upper_bound":0.021352854021010614},"point_estimate":0.017429590073034795,"standard_error":0.0022816120003800867}}