{"mean":{"confidence_interval":{"confidence_level":0.95,"lower_bound":-0.010180261246449529,"upper_bound":0.0007927278831363272},"point_estimate":-0.0043250320181500435,"standard_error":0.0028013381320502783},"median":{"confidence_interval":{"confidence_level":0.95,"lower_bound":-0.00472411181314758,"upper_bound":0.0005596429059211427},"point_estimate":-0.0018179894982798261,"standard_error":0.001251449059343839}}