{"mean":{"confidence_interval":{"confidence_level":0.95,"lower_bound":0.023096134607631928,"upper_bound":0.06516610412941759},"point_estimate":0.042477835180432244,"standard_error":0.011430983384088718},"median":{"confidence_interval":{"confidence_level":0.95,"lower_bound":0.02253601176547959,"upper_bound":0.02970708565701541},"point_estimate":0.02558992497868795,"standard_error":0.0019583605483359935}}