{"mean":{"confidence_interval":{"confidence_level":0.95,"lower_bound":-0.045274654285074725,"upper_bound":-0.0012618670426577383},"point_estimate":-0.02068265363657351,"standard_error":0.011372185700427914},"median":{"confidence_interval":{"confidence_level":0.95,"lower_bound":-0.010893794653297206,"upper_bound":-0.004826050706226992},"point_estimate":-0.0076891408134661665,"standard_error":0.0017659033411248834}}