{"mean":{"confidence_interval":{"confidence_level":0.95,"lower_bound":-0.0015515962492477912,"upper_bound":0.0053749710623880705},"point_estimate":0.0017050812122090253,"standard_error":0.0018763430871558263},"median":{"confidence_interval":{"confidence_level":0.95,"lower_bound":-0.002978334300309693,"upper_bound":0.0010163380449918565},"point_estimate":-0.0009431461296105503,"standard_error":0.001002992136261207}}