{"mean":{"confidence_interval":{"confidence_level":0.95,"lower_bound":-0.011247841397406304,"upper_bound":0.0133203908492517},"point_estimate":0.0020901802663502167,"standard_error":0.006255293394093025},"median":{"confidence_interval":{"confidence_level":0.95,"lower_bound":-0.003230784552558481,"upper_bound":0.005571727488404843},"point_estimate":0.0018476336890906886,"standard_error":0.002136008375596673}}