{"mean":{"confidence_interval":{"confidence_level":0.95,"lower_bound":-0.004244116839408351,"upper_bound":0.005673289629278649},"point_estimate":0.0007503528381238578,"standard_error":0.0025325954189971624},"median":{"confidence_interval":{"confidence_level":0.95,"lower_bound":-0.002901397281171199,"upper_bound":0.004921365807981193},"point_estimate":0.0019260850999964774,"standard_error":0.0017824558713644498}}