{"mean":{"confidence_interval":{"confidence_level":0.95,"lower_bound":-0.015077866296790334,"upper_bound":0.010241534094360401},"point_estimate":-0.004065059182906117,"standard_error":0.006410836754526256},"median":{"confidence_interval":{"confidence_level":0.95,"lower_bound":-0.019749922042272883,"upper_bound":-0.011265035006337354},"point_estimate":-0.015908975137845727,"standard_error":0.0021095177508351467}}