{"mean":{"confidence_interval":{"confidence_level":0.95,"lower_bound":-0.0008927459012996018,"upper_bound":0.027588040660541466},"point_estimate":0.009689940668206942,"standard_error":0.007551432767951693},"median":{"confidence_interval":{"confidence_level":0.95,"lower_bound":-0.0012020753451816857,"upper_bound":0.0032398881243851374},"point_estimate":0.0006321542327685226,"standard_error":0.0010140742392065563}}