{"mean":{"confidence_interval":{"confidence_level":0.95,"lower_bound":0.0003904702431564772,"upper_bound":0.00970929049587083},"point_estimate":0.0049530794885295215,"standard_error":0.0024011406261742604},"median":{"confidence_interval":{"confidence_level":0.95,"lower_bound":-0.0009985858709163908,"upper_bound":0.007686160780561613},"point_estimate":0.002286994230946693,"standard_error":0.0018551420925264027}}