{"mean":{"confidence_interval":{"confidence_level":0.95,"lower_bound":-0.0037964649987927146,"upper_bound":0.009419622677348596},"point_estimate":0.0023194543564519776,"standard_error":0.0033166841516114216},"median":{"confidence_interval":{"confidence_level":0.95,"lower_bound":-0.0009196867997128821,"upper_bound":0.005943120608682757},"point_estimate":0.0016359892311326174,"standard_error":0.0016024344807345273}}