{"mean":{"confidence_interval":{"confidence_level":0.95,"lower_bound":-0.024474904233557117,"upper_bound":-0.010543628844494763},"point_estimate":-0.017112028121541112,"standard_error":0.003573765622102064},"median":{"confidence_interval":{"confidence_level":0.95,"lower_bound":-0.015475385733827451,"upper_bound":-0.009402467459992514},"point_estimate":-0.013940148404818165,"standard_error":0.0016063502928590698}}