{"mean":{"confidence_interval":{"confidence_level":0.95,"lower_bound":-0.004420637132435927,"upper_bound":0.02214821213044419},"point_estimate":0.009224594187967172,"standard_error":0.006728617757347192},"median":{"confidence_interval":{"confidence_level":0.95,"lower_bound":0.006747291797964072,"upper_bound":0.013444961296174895},"point_estimate":0.010808419510906386,"standard_error":0.001616996409713921}}