{"mean":{"confidence_interval":{"confidence_level":0.95,"lower_bound":0.001607889920809009,"upper_bound":0.01162038892384008},"point_estimate":0.006475154499477442,"standard_error":0.0026364838155625687},"median":{"confidence_interval":{"confidence_level":0.95,"lower_bound":0.0012066632601366312,"upper_bound":0.006437095304028695},"point_estimate":0.004928016437608651,"standard_error":0.0013989688818050038}}