{"mean":{"confidence_interval":{"confidence_level":0.95,"lower_bound":-0.024955423925519433,"upper_bound":-0.0015469728469543753},"point_estimate":-0.012695291494085992,"standard_error":0.005991391250316202},"median":{"confidence_interval":{"confidence_level":0.95,"lower_bound":-0.006371466449861973,"upper_bound":-0.0008402582592202945},"point_estimate":-0.004073049657624006,"standard_error":0.0014036485482454145}}