{"mean":{"confidence_interval":{"confidence_level":0.95,"lower_bound":490464386.6225,"upper_bound":503032212.77},"point_estimate":496291597.7,"standard_error":3221241.4834212456},"median":{"confidence_interval":{"confidence_level":0.95,"lower_bound":487047953.0,"upper_bound":504931103.0},"point_estimate":494521999.5,"standard_error":4544143.628932155},"median_abs_dev":{"confidence_interval":{"confidence_level":0.95,"lower_bound":1556012.3939752579,"upper_bound":19211921.12402022},"point_estimate":12211588.132300973,"standard_error":4121496.3539731493},"slope":null,"std_dev":{"confidence_interval":{"confidence_level":0.95,"lower_bound":5342288.414154152,"upper_bound":14044759.600850886},"point_estimate":10724047.979710719,"standard_error":2359323.424641598}}