{"mean":{"confidence_interval":{"confidence_level":0.95,"lower_bound":483057436.1275,"upper_bound":495117403.4},"point_estimate":488954360.8,"standard_error":3123317.318679485},"median":{"confidence_interval":{"confidence_level":0.95,"lower_bound":481350272.0,"upper_bound":498104740.0},"point_estimate":485881301.5,"standard_error":4964852.674956338},"median_abs_dev":{"confidence_interval":{"confidence_level":0.95,"lower_bound":1877201.3696730137,"upper_bound":16565032.425811887},"point_estimate":11486589.332172275,"standard_error":4295516.892974231},"slope":null,"std_dev":{"confidence_interval":{"confidence_level":0.95,"lower_bound":6090239.250286376,"upper_bound":12871881.557779368},"point_estimate":10400502.689620428,"standard_error":1736412.1161865343}}