{"mean":{"confidence_interval":{"confidence_level":0.95,"lower_bound":492624760.1,"upper_bound":508983366.8875},"point_estimate":500128143.6,"standard_error":4215598.933592016},"median":{"confidence_interval":{"confidence_level":0.95,"lower_bound":490265190.0,"upper_bound":509730963.0},"point_estimate":497700010.5,"standard_error":4717491.234639732},"median_abs_dev":{"confidence_interval":{"confidence_level":0.95,"lower_bound":1844979.28314507,"upper_bound":21912207.884180546},"point_estimate":12162749.06526804,"standard_error":5090517.441078002},"slope":null,"std_dev":{"confidence_interval":{"confidence_level":0.95,"lower_bound":5991057.155103539,"upper_bound":19135634.375205483},"point_estimate":14119529.183637582,"standard_error":3632955.952317056}}