{"mean":{"confidence_interval":{"confidence_level":0.95,"lower_bound":555848401.5,"upper_bound":760055954.1},"point_estimate":656960212.5,"standard_error":52054659.33130238},"median":{"confidence_interval":{"confidence_level":0.95,"lower_bound":512836742.0,"upper_bound":852588233.5},"point_estimate":545233006.5,"standard_error":119388529.08532126},"median_abs_dev":{"confidence_interval":{"confidence_level":0.95,"lower_bound":7479539.696511626,"upper_bound":262082776.3435006},"point_estimate":55936465.10362923,"standard_error":86115915.27770829},"slope":null,"std_dev":{"confidence_interval":{"confidence_level":0.95,"lower_bound":104105303.53873104,"upper_bound":184986667.2637208},"point_estimate":173849460.76667598,"standard_error":20704843.842680324}}