{"mean":{"confidence_interval":{"confidence_level":0.95,"lower_bound":-0.009186748894380814,"upper_bound":0.0191972463659088},"point_estimate":0.004337332916269476,"standard_error":0.007206180222110818},"median":{"confidence_interval":{"confidence_level":0.95,"lower_bound":-0.015673710147027675,"upper_bound":0.018021432585907826},"point_estimate":0.008371678272719896,"standard_error":0.0081659101711241}}