{"mean":{"confidence_interval":{"confidence_level":0.95,"lower_bound":-0.0051171243413763445,"upper_bound":0.0027451057226853407},"point_estimate":-0.000985420492507938,"standard_error":0.002007379954293135},"median":{"confidence_interval":{"confidence_level":0.95,"lower_bound":-0.0020399656248413223,"upper_bound":0.002443940141109824},"point_estimate":0.000026194529007650402,"standard_error":0.0011615438374235475}}