{"mean":{"confidence_interval":{"confidence_level":0.95,"lower_bound":0.168122122040667,"upper_bound":0.17419412395089684},"point_estimate":0.17137525639576512,"standard_error":0.0015579207335401695},"median":{"confidence_interval":{"confidence_level":0.95,"lower_bound":0.17110437245774723,"upper_bound":0.17690943805861958},"point_estimate":0.1747994867217184,"standard_error":0.0015652151006505812}}