{"mean":{"confidence_interval":{"confidence_level":0.95,"lower_bound":0.018066579208211038,"upper_bound":0.04545114583229283},"point_estimate":0.03216521786504467,"standard_error":0.006978462829254519},"median":{"confidence_interval":{"confidence_level":0.95,"lower_bound":0.018932973873617254,"upper_bound":0.0548414705664817},"point_estimate":0.035647042387694894,"standard_error":0.009069274312882038}}