{"mean":{"confidence_interval":{"confidence_level":0.95,"lower_bound":-0.008282384394592168,"upper_bound":0.017533067826807542},"point_estimate":0.0057493726070911855,"standard_error":0.006713199604858815},"median":{"confidence_interval":{"confidence_level":0.95,"lower_bound":-0.006856968516714246,"upper_bound":0.022855010636989925},"point_estimate":0.013870102396822404,"standard_error":0.006588957383040529}}