{"mean":{"confidence_interval":{"confidence_level":0.95,"lower_bound":0.031499441224054556,"upper_bound":0.05522753114053885},"point_estimate":0.042897137232871696,"standard_error":0.006074351358709053},"median":{"confidence_interval":{"confidence_level":0.95,"lower_bound":0.02351190570234296,"upper_bound":0.060864445617415885},"point_estimate":0.04278801224759987,"standard_error":0.00946535838726762}}