{"mean":{"confidence_interval":{"confidence_level":0.95,"lower_bound":-0.029465964375333175,"upper_bound":0.00888714475368841},"point_estimate":-0.00938508010460204,"standard_error":0.009849183006049702},"median":{"confidence_interval":{"confidence_level":0.95,"lower_bound":-0.03420257931148418,"upper_bound":-0.0005405063658887599},"point_estimate":-0.006500111230229644,"standard_error":0.007959398396916376}}