{"mean":{"confidence_interval":{"confidence_level":0.95,"lower_bound":-0.01768622583481416,"upper_bound":0.2069940034387032},"point_estimate":0.07581959007250627,"standard_error":0.06130242956814154},"median":{"confidence_interval":{"confidence_level":0.95,"lower_bound":-0.06422413417570294,"upper_bound":0.3602901785659465},"point_estimate":-0.05028476863939657,"standard_error":0.10215451686325112}}