{"mean":{"confidence_interval":{"confidence_level":0.95,"lower_bound":-0.14043733410680181,"upper_bound":-0.11513850809373166},"point_estimate":-0.12914154554779367,"standard_error":0.006505287624383151},"median":{"confidence_interval":{"confidence_level":0.95,"lower_bound":-0.14248278192517716,"upper_bound":-0.11751800503540999},"point_estimate":-0.14070325483189683,"standard_error":0.005443222929511862}}