{"mean":{"confidence_interval":{"confidence_level":0.95,"lower_bound":-0.020096136515202822,"upper_bound":-0.01238502019319554},"point_estimate":-0.016220861886348192,"standard_error":0.0019784777376077372},"median":{"confidence_interval":{"confidence_level":0.95,"lower_bound":-0.0225350722228983,"upper_bound":-0.011798335220886025},"point_estimate":-0.015495161986621708,"standard_error":0.003301921061230666}}