{"mean":{"confidence_interval":{"confidence_level":0.95,"lower_bound":-0.00028018079443115675,"upper_bound":0.018739119103424753},"point_estimate":0.00853358517426761,"standard_error":0.004662501268633399},"median":{"confidence_interval":{"confidence_level":0.95,"lower_bound":-0.004610911318809641,"upper_bound":0.021870125680680363},"point_estimate":0.002756400854916352,"standard_error":0.005444849961556508}}