{"mean":{"confidence_interval":{"confidence_level":0.95,"lower_bound":-0.2457973392111088,"upper_bound":-0.04025966721558324},"point_estimate":-0.15308827656259205,"standard_error":0.04949307103069009},"median":{"confidence_interval":{"confidence_level":0.95,"lower_bound":-0.33069444535057424,"upper_bound":-0.03149516727202106},"point_estimate":-0.042447547665162455,"standard_error":0.077425442970313}}