{"mean":{"confidence_interval":{"confidence_level":0.95,"lower_bound":0.009368115934119665,"upper_bound":0.019380460615227826},"point_estimate":0.014513728494174316,"standard_error":0.0025526102021731544},"median":{"confidence_interval":{"confidence_level":0.95,"lower_bound":0.014461446300242375,"upper_bound":0.020174463084743133},"point_estimate":0.018017049669648788,"standard_error":0.0015052055940860877}}