{"mean":{"confidence_interval":{"confidence_level":0.95,"lower_bound":-0.0006704379304656172,"upper_bound":0.011874994888697699},"point_estimate":0.0046317532470632194,"standard_error":0.0030966297960850495},"median":{"confidence_interval":{"confidence_level":0.95,"lower_bound":-0.002036160161872691,"upper_bound":0.0020338788362219695},"point_estimate":-0.00013587929898106754,"standard_error":0.0010580728311392993}}