{"mean":{"confidence_interval":{"confidence_level":0.95,"lower_bound":-0.0012661829046045625,"upper_bound":0.011955804991771846},"point_estimate":0.0049466894310270515,"standard_error":0.003383114543909306},"median":{"confidence_interval":{"confidence_level":0.95,"lower_bound":0.0026070162678815123,"upper_bound":0.015208324709875765},"point_estimate":0.009895041905785718,"standard_error":0.0033166158786986184}}