{"mean":{"confidence_interval":{"confidence_level":0.95,"lower_bound":-0.03507791422076241,"upper_bound":0.0021376609010816095},"point_estimate":-0.013183627462326819,"standard_error":0.009760517082841723},"median":{"confidence_interval":{"confidence_level":0.95,"lower_bound":-0.0018300787303516361,"upper_bound":0.004686413458149685},"point_estimate":0.000023460673664210674,"standard_error":0.0018722274067299698}}