{"mean":{"confidence_interval":{"confidence_level":0.95,"lower_bound":-0.0020110110122787592,"upper_bound":0.034893852989558716},"point_estimate":0.013983089981157937,"standard_error":0.009898904348055994},"median":{"confidence_interval":{"confidence_level":0.95,"lower_bound":-0.004046172442822016,"upper_bound":0.0015803983185567194},"point_estimate":-0.0005410550816593584,"standard_error":0.001722366121517322}}