{"mean":{"confidence_interval":{"confidence_level":0.95,"lower_bound":0.0012953987792847846,"upper_bound":0.01100028471144075},"point_estimate":0.006210159281960781,"standard_error":0.002455403190866022},"median":{"confidence_interval":{"confidence_level":0.95,"lower_bound":-0.0016622964253768396,"upper_bound":0.006591478430956865},"point_estimate":0.002183649857879999,"standard_error":0.0020938677154631385}}