{"mean":{"confidence_interval":{"confidence_level":0.95,"lower_bound":-0.019643384678427706,"upper_bound":-0.00409106773288134},"point_estimate":-0.012553814999279211,"standard_error":0.0038899211979183815},"median":{"confidence_interval":{"confidence_level":0.95,"lower_bound":-0.021432346255289447,"upper_bound":-0.011312498443699304},"point_estimate":-0.017540509555471595,"standard_error":0.0028100923944560535}}