{"mean":{"confidence_interval":{"confidence_level":0.95,"lower_bound":-0.008842349781315817,"upper_bound":0.00481064975211451},"point_estimate":-0.0014653464834923913,"standard_error":0.003508857436494677},"median":{"confidence_interval":{"confidence_level":0.95,"lower_bound":-0.0010720494333150699,"upper_bound":0.003838117490751136},"point_estimate":0.001496854131022518,"standard_error":0.0012641140523010298}}