{"mean":{"confidence_interval":{"confidence_level":0.95,"lower_bound":-0.007464645138543241,"upper_bound":-0.000867976907584254},"point_estimate":-0.003789110695678999,"standard_error":0.0016943804185204766},"median":{"confidence_interval":{"confidence_level":0.95,"lower_bound":-0.004841962731327976,"upper_bound":-0.0012346705256943702},"point_estimate":-0.002425216119602669,"standard_error":0.0009610467337394093}}