{"mean":{"confidence_interval":{"confidence_level":0.95,"lower_bound":-0.0010967036142272013,"upper_bound":0.006817322551951561},"point_estimate":0.0026535624388097645,"standard_error":0.002013207231802029},"median":{"confidence_interval":{"confidence_level":0.95,"lower_bound":-0.00407228292106232,"upper_bound":0.0018177087391838007},"point_estimate":-0.002079849071214168,"standard_error":0.0015735270679860767}}