{"mean":{"confidence_interval":{"confidence_level":0.95,"lower_bound":-0.010444470366583802,"upper_bound":-0.005328779106076288},"point_estimate":-0.007729363571360226,"standard_error":0.001311553353197196},"median":{"confidence_interval":{"confidence_level":0.95,"lower_bound":-0.009668887324818853,"upper_bound":-0.003936218492875843},"point_estimate":-0.006871330518000707,"standard_error":0.0015406140524554478}}