{"mean":{"confidence_interval":{"confidence_level":0.95,"lower_bound":-0.014935202962674587,"upper_bound":-0.006471879485316265},"point_estimate":-0.010654931317029548,"standard_error":0.0021575386904404722},"median":{"confidence_interval":{"confidence_level":0.95,"lower_bound":-0.01294063814240698,"upper_bound":-0.009181060906575111},"point_estimate":-0.011046045537003724,"standard_error":0.0009160724673331506}}