{"mean":{"confidence_interval":{"confidence_level":0.95,"lower_bound":-0.009228017830202884,"upper_bound":0.0017715723158826524},"point_estimate":-0.003316851862788628,"standard_error":0.0028190163949032405},"median":{"confidence_interval":{"confidence_level":0.95,"lower_bound":-0.0026714998885501995,"upper_bound":0.003548424555257501},"point_estimate":0.0004660102718645476,"standard_error":0.00156561766294538}}