{"mean":{"confidence_interval":{"confidence_level":0.95,"lower_bound":0.005269519774592403,"upper_bound":0.015943237470626207},"point_estimate":0.009853250845595518,"standard_error":0.002737371679867534},"median":{"confidence_interval":{"confidence_level":0.95,"lower_bound":0.003079626656139922,"upper_bound":0.008359435038919338},"point_estimate":0.00586250657685472,"standard_error":0.0012656443760932397}}