{"mean":{"confidence_interval":{"confidence_level":0.95,"lower_bound":-0.04149677836771474,"upper_bound":-0.02920706191950768},"point_estimate":-0.03487518718015514,"standard_error":0.003145284717934135},"median":{"confidence_interval":{"confidence_level":0.95,"lower_bound":-0.03231509347605863,"upper_bound":-0.027453751318989195},"point_estimate":-0.029769335082969972,"standard_error":0.0012473169686148208}}