{"mean":{"confidence_interval":{"confidence_level":0.95,"lower_bound":1117646.5821589737,"upper_bound":1132695.0453115962},"point_estimate":1124104.02190407,"standard_error":3866.1903344089915},"median":{"confidence_interval":{"confidence_level":0.95,"lower_bound":1115226.097537879,"upper_bound":1117605.0071428572},"point_estimate":1116907.7435995904,"standard_error":659.5546683555528},"median_abs_dev":{"confidence_interval":{"confidence_level":0.95,"lower_bound":2863.461672080098,"upper_bound":6742.916991762391},"point_estimate":5130.03359559035,"standard_error":981.1626784018953},"slope":{"confidence_interval":{"confidence_level":0.95,"lower_bound":1116631.5921704299,"upper_bound":1123110.4718274588},"point_estimate":1119449.5519782566,"standard_error":1661.3968265075164},"std_dev":{"confidence_interval":{"confidence_level":0.95,"lower_bound":7258.077673767908,"upper_bound":41081.4223219732},"point_estimate":27558.61679570556,"standard_error":8504.893813710043}}