{"mean":{"confidence_interval":{"confidence_level":0.95,"lower_bound":1090565.1544604492,"upper_bound":1101646.6338072014},"point_estimate":1095585.1421550454,"standard_error":2823.070172407077},"median":{"confidence_interval":{"confidence_level":0.95,"lower_bound":1086955.2468487397,"upper_bound":1090573.0487804879},"point_estimate":1088427.860047847,"standard_error":989.5427582569152},"median_abs_dev":{"confidence_interval":{"confidence_level":0.95,"lower_bound":3212.7658294202997,"upper_bound":8315.884117285164},"point_estimate":5364.956830839971,"standard_error":1335.3338080335886},"slope":{"confidence_interval":{"confidence_level":0.95,"lower_bound":1088718.5236530013,"upper_bound":1099879.305404092},"point_estimate":1093500.0131780237,"standard_error":2878.831618737818},"std_dev":{"confidence_interval":{"confidence_level":0.95,"lower_bound":10551.64887680173,"upper_bound":26768.36849091165},"point_estimate":20128.862421203085,"standard_error":4105.978563077092}}