{"mean":{"confidence_interval":{"confidence_level":0.95,"lower_bound":65245.59693570986,"upper_bound":65523.40523222052},"point_estimate":65375.95856913728,"standard_error":71.22340915534734},"median":{"confidence_interval":{"confidence_level":0.95,"lower_bound":65177.36511715798,"upper_bound":65379.321853741494},"point_estimate":65255.669285714284,"standard_error":51.028963560705485},"median_abs_dev":{"confidence_interval":{"confidence_level":0.95,"lower_bound":199.00459810697203,"upper_bound":476.4656542094657},"point_estimate":302.4078029323503,"standard_error":67.84909577398872},"slope":{"confidence_interval":{"confidence_level":0.95,"lower_bound":65294.17724516789,"upper_bound":65600.96138442484},"point_estimate":65436.732316213616,"standard_error":78.57389266985777},"std_dev":{"confidence_interval":{"confidence_level":0.95,"lower_bound":327.88883949671373,"upper_bound":649.4490918692276},"point_estimate":507.01580963527834,"standard_error":81.6509346146082}}