{"mean":{"confidence_interval":{"confidence_level":0.95,"lower_bound":72499.75844473734,"upper_bound":72781.83289462907},"point_estimate":72634.03431684652,"standard_error":72.39225476925644},"median":{"confidence_interval":{"confidence_level":0.95,"lower_bound":72388.04488636364,"upper_bound":72698.32905138339},"point_estimate":72497.83855708246,"standard_error":72.37839389216306},"median_abs_dev":{"confidence_interval":{"confidence_level":0.95,"lower_bound":209.43345134284678,"upper_bound":452.6854146385343},"point_estimate":310.9335238802215,"standard_error":56.56105342915169},"slope":{"confidence_interval":{"confidence_level":0.95,"lower_bound":72541.43143334758,"upper_bound":72822.32951287119},"point_estimate":72673.5626002012,"standard_error":71.8638991265938},"std_dev":{"confidence_interval":{"confidence_level":0.95,"lower_bound":347.2471399363908,"upper_bound":652.8309543161163},"point_estimate":517.9588551530935,"standard_error":78.14278601337078}}