{"mean":{"confidence_interval":{"confidence_level":0.95,"lower_bound":72805.30441578833,"upper_bound":73143.84539808518},"point_estimate":72965.73603134417,"standard_error":86.3545410965145},"median":{"confidence_interval":{"confidence_level":0.95,"lower_bound":72702.96999458876,"upper_bound":72929.23565887238},"point_estimate":72822.37753868473,"standard_error":56.778671290362695},"median_abs_dev":{"confidence_interval":{"confidence_level":0.95,"lower_bound":216.88280184103468,"upper_bound":530.8157865750175},"point_estimate":341.718042574814,"standard_error":83.5806136625756},"slope":{"confidence_interval":{"confidence_level":0.95,"lower_bound":72862.32915647075,"upper_bound":73121.43062715055},"point_estimate":72986.62706782443,"standard_error":66.28642331542633},"std_dev":{"confidence_interval":{"confidence_level":0.95,"lower_bound":400.1101288435632,"upper_bound":797.2877755189671},"point_estimate":618.9250142177425,"standard_error":101.5494201331932}}