{"mean":{"confidence_interval":{"confidence_level":0.95,"lower_bound":73493.52961925833,"upper_bound":74543.35578066313},"point_estimate":73969.68360851034,"standard_error":269.7949434619547},"median":{"confidence_interval":{"confidence_level":0.95,"lower_bound":73198.57583417594,"upper_bound":73853.04161566707},"point_estimate":73646.83056478405,"standard_error":180.1082111387077},"median_abs_dev":{"confidence_interval":{"confidence_level":0.95,"lower_bound":635.0536479184352,"upper_bound":1159.8570639709988},"point_estimate":932.3411930919453,"standard_error":139.39157073533184},"slope":{"confidence_interval":{"confidence_level":0.95,"lower_bound":73199.30076838125,"upper_bound":74114.53139247595},"point_estimate":73577.23699367474,"standard_error":233.96523289538888},"std_dev":{"confidence_interval":{"confidence_level":0.95,"lower_bound":783.8878460585554,"upper_bound":2674.4036291372413},"point_estimate":1932.4049306851562,"standard_error":455.6687386755923}}