{"mean":{"confidence_interval":{"confidence_level":0.95,"lower_bound":72593.04770781675,"upper_bound":72912.67057885748},"point_estimate":72744.02833284524,"standard_error":81.72744643410041},"median":{"confidence_interval":{"confidence_level":0.95,"lower_bound":72493.53503787878,"upper_bound":72810.47494984689},"point_estimate":72652.51961538462,"standard_error":87.50992724410186},"median_abs_dev":{"confidence_interval":{"confidence_level":0.95,"lower_bound":275.5351212067729,"upper_bound":544.7453923901382},"point_estimate":462.23629785485406,"standard_error":69.97990516074145},"slope":{"confidence_interval":{"confidence_level":0.95,"lower_bound":72551.9819185659,"upper_bound":72900.24516415778},"point_estimate":72701.5933324509,"standard_error":89.01020504403854},"std_dev":{"confidence_interval":{"confidence_level":0.95,"lower_bound":382.30158151181905,"upper_bound":779.1856734493693},"point_estimate":584.147807961554,"standard_error":106.07976835120172}}