{"mean":{"confidence_interval":{"confidence_level":0.95,"lower_bound":-0.062286043165687484,"upper_bound":-0.030844121234390325},"point_estimate":-0.046288854475631136,"standard_error":0.008005595591068672},"median":{"confidence_interval":{"confidence_level":0.95,"lower_bound":-0.06396980207667402,"upper_bound":-0.031212440523949225},"point_estimate":-0.04409222141749358,"standard_error":0.008593645191531786}}