{"mean":{"confidence_interval":{"confidence_level":0.95,"lower_bound":-0.0029803566674469805,"upper_bound":0.005280427539123547},"point_estimate":0.0015610458315109543,"standard_error":0.0021159031468728565},"median":{"confidence_interval":{"confidence_level":0.95,"lower_bound":-0.0012806714689685972,"upper_bound":0.006809997493603337},"point_estimate":0.004557765460997176,"standard_error":0.0021599636619927935}}