{"mean":{"confidence_interval":{"confidence_level":0.95,"lower_bound":-0.0866354086396959,"upper_bound":0.005147563859970287},"point_estimate":-0.035147308876296246,"standard_error":0.02423492037886767},"median":{"confidence_interval":{"confidence_level":0.95,"lower_bound":-0.057075424750754555,"upper_bound":0.006042202046575129},"point_estimate":-0.012740021086853459,"standard_error":0.015045493182745309}}