{"mean":{"confidence_interval":{"confidence_level":0.95,"lower_bound":0.10081717845928503,"upper_bound":0.1233163605054418},"point_estimate":0.11245567484779428,"standard_error":0.006036005817133669},"median":{"confidence_interval":{"confidence_level":0.95,"lower_bound":0.10471585600812117,"upper_bound":0.1293527293162664},"point_estimate":0.1202068992134786,"standard_error":0.006786821918646236}}