{"mean":{"confidence_interval":{"confidence_level":0.95,"lower_bound":-0.24490269414107313,"upper_bound":-0.2266298963374488},"point_estimate":-0.23695092002891638,"standard_error":0.0047033528477255756},"median":{"confidence_interval":{"confidence_level":0.95,"lower_bound":-0.24922519432541057,"upper_bound":-0.23112821949053486},"point_estimate":-0.2435666479218127,"standard_error":0.005066863923431794}}