{"mean":{"confidence_interval":{"confidence_level":0.95,"lower_bound":-0.1454359683276821,"upper_bound":-0.11284951311953306},"point_estimate":-0.12815812652337566,"standard_error":0.008387831921215156},"median":{"confidence_interval":{"confidence_level":0.95,"lower_bound":-0.14840418736360284,"upper_bound":-0.1091794257358889},"point_estimate":-0.11418779577986071,"standard_error":0.010498270039821915}}