{"mean":{"confidence_interval":{"confidence_level":0.95,"lower_bound":-0.024982484109900893,"upper_bound":0.0033137710004671472},"point_estimate":-0.008709537887235386,"standard_error":0.007448802080847323},"median":{"confidence_interval":{"confidence_level":0.95,"lower_bound":-0.015326810084520637,"upper_bound":0.008124742848357291},"point_estimate":0.001081022018246225,"standard_error":0.006874629797967312}}