{"mean":{"confidence_interval":{"confidence_level":0.95,"lower_bound":0.034385448229350614,"upper_bound":0.061106934523857466},"point_estimate":0.045441505700468454,"standard_error":0.006901187278325564},"median":{"confidence_interval":{"confidence_level":0.95,"lower_bound":0.03126983363179203,"upper_bound":0.06146389074383918},"point_estimate":0.04004748313955564,"standard_error":0.007826611229286266}}