{"mean":{"confidence_interval":{"confidence_level":0.95,"lower_bound":-0.04078368079176906,"upper_bound":-0.00880160187772816},"point_estimate":-0.023272743424450848,"standard_error":0.008260146161794265},"median":{"confidence_interval":{"confidence_level":0.95,"lower_bound":-0.04479440728805059,"upper_bound":-0.007966538936216794},"point_estimate":-0.014154270150879,"standard_error":0.007402201277426029}}