{"mean":{"confidence_interval":{"confidence_level":0.95,"lower_bound":-0.0038700754433157983,"upper_bound":0.0015596785314619943},"point_estimate":-0.0015911640124032234,"standard_error":0.0013862916148285641},"median":{"confidence_interval":{"confidence_level":0.95,"lower_bound":-0.0055662733044216095,"upper_bound":0.00032024863044943785},"point_estimate":-0.002382037195317599,"standard_error":0.001576797819229396}}