{"mean":{"confidence_interval":{"confidence_level":0.95,"lower_bound":0.09761028804042282,"upper_bound":0.14586539853537075},"point_estimate":0.11977854001700661,"standard_error":0.012571782073773788},"median":{"confidence_interval":{"confidence_level":0.95,"lower_bound":0.09250024445462013,"upper_bound":0.15306561251605233},"point_estimate":0.10649603485310921,"standard_error":0.01581759486158937}}