{"mean":{"confidence_interval":{"confidence_level":0.95,"lower_bound":0.01592331035255287,"upper_bound":0.12084745566134865},"point_estimate":0.0511596765354152,"standard_error":0.027454156082246647},"median":{"confidence_interval":{"confidence_level":0.95,"lower_bound":0.00952083089687128,"upper_bound":0.06484021787459815},"point_estimate":0.01611556416072979,"standard_error":0.019017754362733147}}