{"mean":{"confidence_interval":{"confidence_level":0.95,"lower_bound":-0.009684433690184346,"upper_bound":-0.0008285774977250249},"point_estimate":-0.004843217492354168,"standard_error":0.002269010591101978},"median":{"confidence_interval":{"confidence_level":0.95,"lower_bound":-0.004770234384412153,"upper_bound":0.0020677039711882728},"point_estimate":-0.0008112267910607152,"standard_error":0.0018044168064221366}}