{"mean":{"confidence_interval":{"confidence_level":0.95,"lower_bound":-0.05881100058128563,"upper_bound":-0.001963816846960145},"point_estimate":-0.02807063453808878,"standard_error":0.014430530966802151},"median":{"confidence_interval":{"confidence_level":0.95,"lower_bound":-0.015792180007687118,"upper_bound":0.0025556844905920695},"point_estimate":-0.004556401129796828,"standard_error":0.004530631260698793}}