{"mean":{"confidence_interval":{"confidence_level":0.95,"lower_bound":-0.00029224298721632845,"upper_bound":0.013861756672133494},"point_estimate":0.007317682551760019,"standard_error":0.003625083537551013},"median":{"confidence_interval":{"confidence_level":0.95,"lower_bound":0.005409134993111131,"upper_bound":0.017632662454905912},"point_estimate":0.01175692570796616,"standard_error":0.003201755537241346}}