{"mean":{"confidence_interval":{"confidence_level":0.95,"lower_bound":-0.1063443957843111,"upper_bound":-0.01800384378174478},"point_estimate":-0.05225600989031243,"standard_error":0.025320455459829572},"median":{"confidence_interval":{"confidence_level":0.95,"lower_bound":-0.030388531558943943,"upper_bound":-0.019334806151898087},"point_estimate":-0.02503764003395903,"standard_error":0.002889475444292289}}