{"mean":{"confidence_interval":{"confidence_level":0.95,"lower_bound":-0.0007493563941194381,"upper_bound":0.011074741740463828},"point_estimate":0.004737619072235466,"standard_error":0.003029126014940877},"median":{"confidence_interval":{"confidence_level":0.95,"lower_bound":-0.0013119785843853649,"upper_bound":0.0014858888358039385},"point_estimate":0.00014953602890677153,"standard_error":0.0006998898461108489}}