{"mean":{"confidence_interval":{"confidence_level":0.95,"lower_bound":-0.012077686373159388,"upper_bound":0.001514273670805587},"point_estimate":-0.005477290539453117,"standard_error":0.003462888954658311},"median":{"confidence_interval":{"confidence_level":0.95,"lower_bound":-0.00974117903034244,"upper_bound":-0.0006775905705119767},"point_estimate":-0.0044831088314484235,"standard_error":0.0027313759790104906}}