{"mean":{"confidence_interval":{"confidence_level":0.95,"lower_bound":0.03013766153923684,"upper_bound":0.08028951172220278},"point_estimate":0.050807088282710966,"standard_error":0.01347243739997608},"median":{"confidence_interval":{"confidence_level":0.95,"lower_bound":0.012996828849441977,"upper_bound":0.028662196584932076},"point_estimate":0.019307589494382826,"standard_error":0.0038089845242395832}}