{"mean":{"confidence_interval":{"confidence_level":0.95,"lower_bound":-0.022496464909047637,"upper_bound":-0.014408098899868474},"point_estimate":-0.01839547986327217,"standard_error":0.0020696136384740077},"median":{"confidence_interval":{"confidence_level":0.95,"lower_bound":-0.022595758476125605,"upper_bound":-0.01396482299435875},"point_estimate":-0.018584812373615978,"standard_error":0.002246643949113455}}