{"mean":{"confidence_interval":{"confidence_level":0.95,"lower_bound":-0.02740811356529933,"upper_bound":-0.0029548830018738827},"point_estimate":-0.014241962847397205,"standard_error":0.006243686664687205},"median":{"confidence_interval":{"confidence_level":0.95,"lower_bound":-0.0035505166615993344,"upper_bound":0.0030333324500686487},"point_estimate":0.0006655679342750798,"standard_error":0.0016544547533067536}}