{"mean":{"confidence_interval":{"confidence_level":0.95,"lower_bound":-0.005743063855897068,"upper_bound":0.005912678034367499},"point_estimate":0.0004794772649847623,"standard_error":0.0029439924791541806},"median":{"confidence_interval":{"confidence_level":0.95,"lower_bound":-0.0035702372627154366,"upper_bound":0.0030117929533244325},"point_estimate":-0.0007877331498326035,"standard_error":0.0017675316773161762}}