{"mean":{"confidence_interval":{"confidence_level":0.95,"lower_bound":-0.012435742124766724,"upper_bound":-0.0014330538142787175},"point_estimate":-0.00658036521516947,"standard_error":0.0028088013981894277},"median":{"confidence_interval":{"confidence_level":0.95,"lower_bound":-0.005163545161653849,"upper_bound":-0.0009297246210809851},"point_estimate":-0.00232725728792349,"standard_error":0.0010364023288284548}}