{"mean":{"confidence_interval":{"confidence_level":0.95,"lower_bound":0.005458837619470949,"upper_bound":0.016822145722099106},"point_estimate":0.010498843479061826,"standard_error":0.002825200003328814},"median":{"confidence_interval":{"confidence_level":0.95,"lower_bound":0.00044407767741794224,"upper_bound":0.011249454941291814},"point_estimate":0.0045663741223638254,"standard_error":0.003017005332067384}}