{"mean":{"confidence_interval":{"confidence_level":0.95,"lower_bound":0.01984065224203028,"upper_bound":0.11577008959004781},"point_estimate":0.055385831006812936,"standard_error":0.027425820550923137},"median":{"confidence_interval":{"confidence_level":0.95,"lower_bound":0.02136266315162394,"upper_bound":0.029840934345027437},"point_estimate":0.025866798184721373,"standard_error":0.002145722099284605}}