{"mean":{"confidence_interval":{"confidence_level":0.95,"lower_bound":0.001054694189525193,"upper_bound":0.010561839496315324},"point_estimate":0.0052810934766063244,"standard_error":0.0023928692211916893},"median":{"confidence_interval":{"confidence_level":0.95,"lower_bound":-0.00038446144737258603,"upper_bound":0.006173123105425837},"point_estimate":0.0025328888570319563,"standard_error":0.0015981747139360515}}