{"mean":{"confidence_interval":{"confidence_level":0.95,"lower_bound":-0.03701660947428542,"upper_bound":-0.013242281338328542},"point_estimate":-0.02393280319812252,"standard_error":0.006111144130039066},"median":{"confidence_interval":{"confidence_level":0.95,"lower_bound":-0.019901290231022162,"upper_bound":-0.014244065468725253},"point_estimate":-0.017644363411860264,"standard_error":0.001478498740869603}}