{"mean":{"confidence_interval":{"confidence_level":0.95,"lower_bound":0.003618726948749324,"upper_bound":0.015081266463236487},"point_estimate":0.009020237966095745,"standard_error":0.00300798808372525},"median":{"confidence_interval":{"confidence_level":0.95,"lower_bound":0.0005835149867821077,"upper_bound":0.00651798457396402},"point_estimate":0.0033108068676546143,"standard_error":0.0014338911724335757}}