{"mean":{"confidence_interval":{"confidence_level":0.95,"lower_bound":-0.31719548634267225,"upper_bound":-0.05449672139245343},"point_estimate":-0.17732320100131926,"standard_error":0.07360619906781542},"median":{"confidence_interval":{"confidence_level":0.95,"lower_bound":-0.17102744385745616,"upper_bound":-0.04753280825538919},"point_estimate":-0.05667411970558922,"standard_error":0.03368158003237789}}