{"mean":{"confidence_interval":{"confidence_level":0.95,"lower_bound":-0.029845208637695266,"upper_bound":-0.0022879039353832257},"point_estimate":-0.013904562830506895,"standard_error":0.00730930661331474},"median":{"confidence_interval":{"confidence_level":0.95,"lower_bound":-0.020979875551392024,"upper_bound":-0.0013984455766059556},"point_estimate":-0.004722773471069419,"standard_error":0.004375949193351254}}