{"mean":{"confidence_interval":{"confidence_level":0.95,"lower_bound":-0.0035361743241032638,"upper_bound":0.004715149195679578},"point_estimate":0.0007102527680067361,"standard_error":0.0020974976593403595},"median":{"confidence_interval":{"confidence_level":0.95,"lower_bound":-0.0032169771777087464,"upper_bound":0.00505844785174836},"point_estimate":-0.0005211939485292305,"standard_error":0.0020559605692246747}}