{"mean":{"confidence_interval":{"confidence_level":0.95,"lower_bound":-0.24205677701306377,"upper_bound":-0.08774052598549657},"point_estimate":-0.16456990912677427,"standard_error":0.039753093254637106},"median":{"confidence_interval":{"confidence_level":0.95,"lower_bound":-0.2427295608113319,"upper_bound":-0.05193822872493903},"point_estimate":-0.1297143895837436,"standard_error":0.050464936527404955}}