{"mean":{"confidence_interval":{"confidence_level":0.95,"lower_bound":0.010860615814756948,"upper_bound":0.03906379697166853},"point_estimate":0.02325047736486341,"standard_error":0.007800762339582727},"median":{"confidence_interval":{"confidence_level":0.95,"lower_bound":0.011271235631742815,"upper_bound":0.018228939257886934},"point_estimate":0.013989478008319622,"standard_error":0.003470046087929772}}