{"mean":{"confidence_interval":{"confidence_level":0.95,"lower_bound":0.07212542130909998,"upper_bound":0.2873203264280615},"point_estimate":0.17549777667130195,"standard_error":0.057535338294441726},"median":{"confidence_interval":{"confidence_level":0.95,"lower_bound":0.033898922127638675,"upper_bound":0.2226444911608636},"point_estimate":0.13409170798707315,"standard_error":0.06578337559651258}}