{"mean":{"confidence_interval":{"confidence_level":0.95,"lower_bound":-0.004815261506086924,"upper_bound":0.002599060034299175},"point_estimate":-0.0011885692547689564,"standard_error":0.001877474616837512},"median":{"confidence_interval":{"confidence_level":0.95,"lower_bound":-0.004941119880267464,"upper_bound":0.002543271677732273},"point_estimate":-0.0004693999887500633,"standard_error":0.001813524540057286}}