{"mean":{"confidence_interval":{"confidence_level":0.95,"lower_bound":-0.004949746100470432,"upper_bound":0.0057622293653027965},"point_estimate":0.00003252217762939047,"standard_error":0.002705081408396157},"median":{"confidence_interval":{"confidence_level":0.95,"lower_bound":-0.0010015022109870486,"upper_bound":0.0051514551666720365},"point_estimate":0.002001873639703833,"standard_error":0.001765525246574567}}