{"mean":{"confidence_interval":{"confidence_level":0.95,"lower_bound":-0.003461117643961731,"upper_bound":0.006904021679612854},"point_estimate":0.0012346359493273784,"standard_error":0.0026103873265605564},"median":{"confidence_interval":{"confidence_level":0.95,"lower_bound":-0.0045061455921739935,"upper_bound":0.0046297325762238994},"point_estimate":0.00032604793789992037,"standard_error":0.0020477897555382057}}