{"mean":{"confidence_interval":{"confidence_level":0.95,"lower_bound":0.0006386344240317191,"upper_bound":0.026451652117298243},"point_estimate":0.012216201416678452,"standard_error":0.006750461790863489},"median":{"confidence_interval":{"confidence_level":0.95,"lower_bound":-0.0002499629333935216,"upper_bound":0.022565444296197557},"point_estimate":0.003700111795798211,"standard_error":0.006076123632688911}}