{"mean":{"confidence_interval":{"confidence_level":0.95,"lower_bound":0.020085191101699904,"upper_bound":0.41339069095291175},"point_estimate":0.17206550777100227,"standard_error":0.11131887587700058},"median":{"confidence_interval":{"confidence_level":0.95,"lower_bound":0.013469466823943455,"upper_bound":0.17064281177953533},"point_estimate":0.02833857129298889,"standard_error":0.038144931787338805}}