{"mean":{"confidence_interval":{"confidence_level":0.95,"lower_bound":164009298.35,"upper_bound":165552617.3675},"point_estimate":164648593.0,"standard_error":406563.0414358865},"median":{"confidence_interval":{"confidence_level":0.95,"lower_bound":163911950.0,"upper_bound":165143052.0},"point_estimate":164160183.75,"standard_error":263253.3414667356},"median_abs_dev":{"confidence_interval":{"confidence_level":0.95,"lower_bound":60242.85538047552,"upper_bound":1446812.975513935},"point_estimate":318319.4034487009,"standard_error":319336.6836365651},"slope":null,"std_dev":{"confidence_interval":{"confidence_level":0.95,"lower_bound":167107.6427263527,"upper_bound":1923211.199647523},"point_estimate":1348168.2054308811,"standard_error":498207.3682029189}}