{"mean":{"confidence_interval":{"confidence_level":0.95,"lower_bound":164694614.07125,"upper_bound":168218955.14875},"point_estimate":166062237.0,"standard_error":979441.6741339825},"median":{"confidence_interval":{"confidence_level":0.95,"lower_bound":164518581.0,"upper_bound":166198150.25},"point_estimate":164971079.25,"standard_error":460461.6415226739},"median_abs_dev":{"confidence_interval":{"confidence_level":0.95,"lower_bound":177352.315351367,"upper_bound":1975737.1878236532},"point_estimate":988652.8892979026,"standard_error":523150.93499886914},"slope":null,"std_dev":{"confidence_interval":{"confidence_level":0.95,"lower_bound":489170.60296395683,"upper_bound":4958649.6682118885},"point_estimate":3252915.167140212,"standard_error":1489301.2850745318}}