{"mean":{"confidence_interval":{"confidence_level":0.95,"lower_bound":162055758.43875,"upper_bound":167445114.17875},"point_estimate":164024278.15,"standard_error":1583987.5036794276},"median":{"confidence_interval":{"confidence_level":0.95,"lower_bound":161861218.5,"upper_bound":163672604.5},"point_estimate":162137319.0,"standard_error":624990.7568712245},"median_abs_dev":{"confidence_interval":{"confidence_level":0.95,"lower_bound":29412.188927829266,"upper_bound":2187728.968960047},"point_estimate":417809.64533239603,"standard_error":674679.4978170419},"slope":null,"std_dev":{"confidence_interval":{"confidence_level":0.95,"lower_bound":189988.81948336342,"upper_bound":8076254.35705223},"point_estimate":5259431.7342917705,"standard_error":2695080.0954486113}}