{"mean":{"confidence_interval":{"confidence_level":0.95,"lower_bound":165339307.48000002,"upper_bound":167647889.9},"point_estimate":166429895.35,"standard_error":594341.5946782927},"median":{"confidence_interval":{"confidence_level":0.95,"lower_bound":164968791.5,"upper_bound":168453245.5},"point_estimate":165334272.25,"standard_error":967020.9070975896},"median_abs_dev":{"confidence_interval":{"confidence_level":0.95,"lower_bound":163024.83985573053,"upper_bound":3022072.4823474884},"point_estimate":1091319.9722751975,"standard_error":851478.6092868135},"slope":null,"std_dev":{"confidence_interval":{"confidence_level":0.95,"lower_bound":870772.1917102893,"upper_bound":2317893.440996941},"point_estimate":1977866.2224045477,"standard_error":344271.8379359224}}