{"mean":{"confidence_interval":{"confidence_level":0.95,"lower_bound":160635088.15,"upper_bound":161602601.41125},"point_estimate":161097861.4,"standard_error":248125.01833937434},"median":{"confidence_interval":{"confidence_level":0.95,"lower_bound":160238345.5,"upper_bound":161560464.5},"point_estimate":161148093.5,"standard_error":323439.5155711307},"median_abs_dev":{"confidence_interval":{"confidence_level":0.95,"lower_bound":127547.70508557558,"upper_bound":1473461.227440834},"point_estimate":797223.6578464508,"standard_error":345441.08460809954},"slope":null,"std_dev":{"confidence_interval":{"confidence_level":0.95,"lower_bound":449015.1162476567,"upper_bound":1080649.1228827478},"point_estimate":826558.1602335072,"standard_error":172878.58233113034}}