{"mean":{"confidence_interval":{"confidence_level":0.95,"lower_bound":0.10073434773748925,"upper_bound":0.5406129059589602},"point_estimate":0.30001046623883854,"standard_error":0.118693336350029},"median":{"confidence_interval":{"confidence_level":0.95,"lower_bound":0.04221006311819697,"upper_bound":0.42404516091583},"point_estimate":0.09968563516656781,"standard_error":0.10825747772849321}}