{"mean":{"confidence_interval":{"confidence_level":0.95,"lower_bound":-0.004687020191411512,"upper_bound":0.015244954999084688},"point_estimate":0.004150119270817099,"standard_error":0.005201199152531762},"median":{"confidence_interval":{"confidence_level":0.95,"lower_bound":-0.006984880445869646,"upper_bound":0.01691752280546943},"point_estimate":-0.0034393156743030007,"standard_error":0.0059043625186471225}}