{"mean":{"confidence_interval":{"confidence_level":0.95,"lower_bound":-0.36755157654432324,"upper_bound":-0.09749147859867882},"point_estimate":-0.23966973425020555,"standard_error":0.0699787439705153},"median":{"confidence_interval":{"confidence_level":0.95,"lower_bound":-0.3350634978578594,"upper_bound":-0.050825600081437994},"point_estimate":-0.09859002575444453,"standard_error":0.07700358277859666}}