{"mean":{"confidence_interval":{"confidence_level":0.95,"lower_bound":-0.004682972652619398,"upper_bound":0.01634156318741616},"point_estimate":0.005545120880066534,"standard_error":0.005330237699689756},"median":{"confidence_interval":{"confidence_level":0.95,"lower_bound":-0.004132438664325555,"upper_bound":0.014058219203126221},"point_estimate":0.0011775977624755019,"standard_error":0.004403800793201735}}