{"mean":{"confidence_interval":{"confidence_level":0.95,"lower_bound":-0.012932158338968823,"upper_bound":0.008437798797840176},"point_estimate":-0.0014240481153415807,"standard_error":0.005475832500843267},"median":{"confidence_interval":{"confidence_level":0.95,"lower_bound":-0.013513051116052055,"upper_bound":0.007373069406944488},"point_estimate":0.002714106453121312,"standard_error":0.005063204095664785}}