{"mean":{"confidence_interval":{"confidence_level":0.95,"lower_bound":-0.020854803841981417,"upper_bound":0.008234023912445},"point_estimate":-0.005063365574287215,"standard_error":0.007463636815729162},"median":{"confidence_interval":{"confidence_level":0.95,"lower_bound":-0.019707427132641064,"upper_bound":0.010067875896384582},"point_estimate":0.007352758267658244,"standard_error":0.008178369214780821}}