{"mean":{"confidence_interval":{"confidence_level":0.95,"lower_bound":-0.04565025481042584,"upper_bound":-0.030533145566427628},"point_estimate":-0.037931331066842655,"standard_error":0.003861649071468402},"median":{"confidence_interval":{"confidence_level":0.95,"lower_bound":-0.04867098973936601,"upper_bound":-0.028630799234168003},"point_estimate":-0.036658116772976035,"standard_error":0.00456272545139022}}