{"mean":{"confidence_interval":{"confidence_level":0.95,"lower_bound":0.022461644332217673,"upper_bound":0.038053625938200684},"point_estimate":0.02984142288335767,"standard_error":0.003914093620302437},"median":{"confidence_interval":{"confidence_level":0.95,"lower_bound":0.021599557970847227,"upper_bound":0.04099409692274203},"point_estimate":0.028390815034380568,"standard_error":0.004063382007843046}}