{"mean":{"confidence_interval":{"confidence_level":0.95,"lower_bound":-0.0409335891534357,"upper_bound":0.007043314744080709},"point_estimate":-0.01781290818551129,"standard_error":0.012194025796587765},"median":{"confidence_interval":{"confidence_level":0.95,"lower_bound":-0.0014264876462994902,"upper_bound":0.038296612499106875},"point_estimate":0.001276629970769827,"standard_error":0.010429673295073829}}