{"mean":{"confidence_interval":{"confidence_level":0.95,"lower_bound":-0.017053834016564445,"upper_bound":0.011673991027504362},"point_estimate":-0.0038244144563567284,"standard_error":0.007237574561551544},"median":{"confidence_interval":{"confidence_level":0.95,"lower_bound":-0.01905230299859939,"upper_bound":0.0015602892559927195},"point_estimate":-0.0007747452017372591,"standard_error":0.005268790398149581}}