{"mean":{"confidence_interval":{"confidence_level":0.95,"lower_bound":-0.015099330161768565,"upper_bound":0.008982418534543304},"point_estimate":-0.0012948602833348088,"standard_error":0.0061769046284274294},"median":{"confidence_interval":{"confidence_level":0.95,"lower_bound":-0.0018959178266394483,"upper_bound":0.006053576968153118},"point_estimate":0.0010295247186624668,"standard_error":0.0024141022278530064}}