{"mean":{"confidence_interval":{"confidence_level":0.95,"lower_bound":0.04754915253539115,"upper_bound":0.1883367369349294},"point_estimate":0.11493605306953691,"standard_error":0.03737782354754741},"median":{"confidence_interval":{"confidence_level":0.95,"lower_bound":0.03657498082162047,"upper_bound":0.23363936200509294},"point_estimate":0.043539341550038024,"standard_error":0.057616433408059116}}