{"mean":{"confidence_interval":{"confidence_level":0.95,"lower_bound":-0.022428068801251602,"upper_bound":-0.00005410612777811963},"point_estimate":-0.01078837316055925,"standard_error":0.00571970981164906},"median":{"confidence_interval":{"confidence_level":0.95,"lower_bound":-0.023923472367630927,"upper_bound":-0.00022003716504070958},"point_estimate":-0.004317490257208845,"standard_error":0.006785793301286056}}