{"mean":{"confidence_interval":{"confidence_level":0.95,"lower_bound":-0.01427347037899508,"upper_bound":0.004944799135471412},"point_estimate":-0.0026635164535482314,"standard_error":0.005128418423178297},"median":{"confidence_interval":{"confidence_level":0.95,"lower_bound":-0.0009520020579465438,"upper_bound":0.006070593523588075},"point_estimate":0.0013728002363304626,"standard_error":0.0015622657453358288}}