{"mean":{"confidence_interval":{"confidence_level":0.95,"lower_bound":-0.1419191047210634,"upper_bound":-0.025126464257113918},"point_estimate":-0.07410535706086552,"standard_error":0.03168583677407555},"median":{"confidence_interval":{"confidence_level":0.95,"lower_bound":-0.07430431281036287,"upper_bound":-0.03270426948982186},"point_estimate":-0.047285393525453134,"standard_error":0.012118675772414727}}