{"mean":{"confidence_interval":{"confidence_level":0.95,"lower_bound":-0.01622930535818066,"upper_bound":-0.0008332142575333635},"point_estimate":-0.007823218857150538,"standard_error":0.003975665147538811},"median":{"confidence_interval":{"confidence_level":0.95,"lower_bound":-0.014182743794127428,"upper_bound":0.0019210915842649001},"point_estimate":-0.003538788630270573,"standard_error":0.003998644642689083}}