{"mean":{"confidence_interval":{"confidence_level":0.95,"lower_bound":-0.0020341459230613923,"upper_bound":0.00762429332500981},"point_estimate":0.00358281934375948,"standard_error":0.0025365013783196734},"median":{"confidence_interval":{"confidence_level":0.95,"lower_bound":0.0029410552638018395,"upper_bound":0.00688485316323852},"point_estimate":0.004818784940747278,"standard_error":0.0011624851094426925}}