{"mean":{"confidence_interval":{"confidence_level":0.95,"lower_bound":0.024501976515265,"upper_bound":0.16164026029989295},"point_estimate":0.07289797279669075,"standard_error":0.038566426202415224},"median":{"confidence_interval":{"confidence_level":0.95,"lower_bound":0.018659609429863545,"upper_bound":0.06982211452971154},"point_estimate":0.03920903531138009,"standard_error":0.016896535950432987}}