{"mean":{"confidence_interval":{"confidence_level":0.95,"lower_bound":-0.1686093050632271,"upper_bound":-0.05629975327947323},"point_estimate":-0.11198173758844698,"standard_error":0.0288442714943161},"median":{"confidence_interval":{"confidence_level":0.95,"lower_bound":-0.19025512494260066,"upper_bound":-0.0358636599729959},"point_estimate":-0.04379327631317487,"standard_error":0.047097562202761845}}