{"mean":{"confidence_interval":{"confidence_level":0.95,"lower_bound":0.004415123595729931,"upper_bound":0.02735649244104347},"point_estimate":0.014597418779685345,"standard_error":0.0057984962212333},"median":{"confidence_interval":{"confidence_level":0.95,"lower_bound":0.0025683787253341084,"upper_bound":0.03133987402947702},"point_estimate":0.008044058170615376,"standard_error":0.008025665838878133}}