{"mean":{"confidence_interval":{"confidence_level":0.95,"lower_bound":-0.005162867202858453,"upper_bound":0.00934260255505096},"point_estimate":0.0014924407172816068,"standard_error":0.0037702855998762354},"median":{"confidence_interval":{"confidence_level":0.95,"lower_bound":-0.006823461125238239,"upper_bound":0.005810780864542231},"point_estimate":-0.0026367124624369076,"standard_error":0.003479217320418941}}