{"mean":{"confidence_interval":{"confidence_level":0.95,"lower_bound":0.004691255523235577,"upper_bound":0.02137628982796116},"point_estimate":0.013056924702654182,"standard_error":0.004274576748600119},"median":{"confidence_interval":{"confidence_level":0.95,"lower_bound":0.0008900769454132096,"upper_bound":0.022456173110123157},"point_estimate":0.008985688042295159,"standard_error":0.0051699875149811255}}