{"mean":{"confidence_interval":{"confidence_level":0.95,"lower_bound":0.014685639196750339,"upper_bound":0.01999547102260627},"point_estimate":0.017253391442454413,"standard_error":0.0013341953167639565},"median":{"confidence_interval":{"confidence_level":0.95,"lower_bound":0.014243284086809416,"upper_bound":0.020123882069551957},"point_estimate":0.01702494198392035,"standard_error":0.0013985024928515055}}