{"mean":{"confidence_interval":{"confidence_level":0.95,"lower_bound":-0.12249131569992441,"upper_bound":-0.034381090729117436},"point_estimate":-0.07000403129354493,"standard_error":0.02467697438116703},"median":{"confidence_interval":{"confidence_level":0.95,"lower_bound":-0.06901895088890475,"upper_bound":-0.0340700911519648},"point_estimate":-0.04389626346639086,"standard_error":0.00895782157822681}}