{"mean":{"confidence_interval":{"confidence_level":0.95,"lower_bound":-0.025916694037059984,"upper_bound":0.002239071748417398},"point_estimate":-0.011381684551380444,"standard_error":0.007239481651950456},"median":{"confidence_interval":{"confidence_level":0.95,"lower_bound":-0.03131415245439306,"upper_bound":0.009296013647020596},"point_estimate":-0.0027128497100764593,"standard_error":0.010150347553846908}}