{"mean":{"confidence_interval":{"confidence_level":0.95,"lower_bound":-0.20894100682851524,"upper_bound":-0.04315153952147773},"point_estimate":-0.11311593552614696,"standard_error":0.04716676859434203},"median":{"confidence_interval":{"confidence_level":0.95,"lower_bound":-0.10081857231301206,"upper_bound":-0.026757032317591856},"point_estimate":-0.06416814055083075,"standard_error":0.02216994974244674}}