{"mean":{"confidence_interval":{"confidence_level":0.95,"lower_bound":-0.012658311817226209,"upper_bound":-0.0014761808852931102},"point_estimate":-0.0066120816334075405,"standard_error":0.002860926715430926},"median":{"confidence_interval":{"confidence_level":0.95,"lower_bound":-0.0021651192219990234,"upper_bound":0.0016811643757614902},"point_estimate":-0.00005546879181239639,"standard_error":0.0010426590067456392}}