{"mean":{"confidence_interval":{"confidence_level":0.95,"lower_bound":-0.003149176451775031,"upper_bound":0.021048959314745153},"point_estimate":0.007726159853022274,"standard_error":0.006321770318069509},"median":{"confidence_interval":{"confidence_level":0.95,"lower_bound":-0.0073049313512421055,"upper_bound":0.016098453599459273},"point_estimate":0.003929567611250739,"standard_error":0.0057802880734863045}}