{"mean":{"confidence_interval":{"confidence_level":0.95,"lower_bound":-0.013400446510067998,"upper_bound":0.014582288920695907},"point_estimate":0.0012197266224809322,"standard_error":0.0071464020587524634},"median":{"confidence_interval":{"confidence_level":0.95,"lower_bound":-0.008524361048146578,"upper_bound":0.019587058801562973},"point_estimate":0.005160015044825661,"standard_error":0.006680628769502528}}