{"mean":{"confidence_interval":{"confidence_level":0.95,"lower_bound":0.02100664132640902,"upper_bound":0.12311728866861729},"point_estimate":0.05868395095728496,"standard_error":0.028713442305990322},"median":{"confidence_interval":{"confidence_level":0.95,"lower_bound":0.01649849981977458,"upper_bound":0.05529532132421289},"point_estimate":0.026947299220285936,"standard_error":0.015367318676628572}}