{"mean":{"confidence_interval":{"confidence_level":0.95,"lower_bound":0.01744690467596561,"upper_bound":0.2260560784140909},"point_estimate":0.10146786852525103,"standard_error":0.059510633507326646},"median":{"confidence_interval":{"confidence_level":0.95,"lower_bound":0.004717070613729835,"upper_bound":0.0854256367996391},"point_estimate":0.04867672732003547,"standard_error":0.023879485466307568}}