{"mean":{"confidence_interval":{"confidence_level":0.95,"lower_bound":-0.021344401166903837,"upper_bound":0.019488642219936743},"point_estimate":-0.0014933718699835508,"standard_error":0.010394084044730103},"median":{"confidence_interval":{"confidence_level":0.95,"lower_bound":-0.03196346463333766,"upper_bound":0.03269720273595822},"point_estimate":0.0005587149790966528,"standard_error":0.015219513603031575}}