{"mean":{"confidence_interval":{"confidence_level":0.95,"lower_bound":-0.0009643628358312322,"upper_bound":0.028866964618421677},"point_estimate":0.013209346773131347,"standard_error":0.0076816833581057585},"median":{"confidence_interval":{"confidence_level":0.95,"lower_bound":-0.0066194306461021535,"upper_bound":0.03112564570169085},"point_estimate":-0.0017583413561841343,"standard_error":0.010854631079071454}}