{"mean":{"confidence_interval":{"confidence_level":0.95,"lower_bound":0.0006071146657444194,"upper_bound":0.007917687178922144},"point_estimate":0.003595403408424458,"standard_error":0.001845770615075444},"median":{"confidence_interval":{"confidence_level":0.95,"lower_bound":0.0007999365411506254,"upper_bound":0.005459938761056327},"point_estimate":0.0034395223882712767,"standard_error":0.001089861513808187}}