{"mean":{"confidence_interval":{"confidence_level":0.95,"lower_bound":-0.00036539912901878413,"upper_bound":0.013191864567075315},"point_estimate":0.005707095000895501,"standard_error":0.003419378559455426},"median":{"confidence_interval":{"confidence_level":0.95,"lower_bound":-0.0011134214276297745,"upper_bound":0.004983709714067692},"point_estimate":0.0011857932485908051,"standard_error":0.0015562683051663065}}