{"mean":{"confidence_interval":{"confidence_level":0.95,"lower_bound":0.0032762774517882676,"upper_bound":0.023907722193147317},"point_estimate":0.011771792028336892,"standard_error":0.005459680310028363},"median":{"confidence_interval":{"confidence_level":0.95,"lower_bound":0.0003884518608692211,"upper_bound":0.004342028097196415},"point_estimate":0.002480775282470038,"standard_error":0.0010013024576022685}}