{"mean":{"confidence_interval":{"confidence_level":0.95,"lower_bound":-0.008985970301271684,"upper_bound":0.0011919424990303185},"point_estimate":-0.0038142770812746862,"standard_error":0.0025846113033058987},"median":{"confidence_interval":{"confidence_level":0.95,"lower_bound":-0.004166129425085763,"upper_bound":-0.00006267428880735171},"point_estimate":-0.001581536119554361,"standard_error":0.001055705652505023}}