{"mean":{"confidence_interval":{"confidence_level":0.95,"lower_bound":-0.011861346176918782,"upper_bound":-0.0036782592606948716},"point_estimate":-0.007597448350306513,"standard_error":0.002094798821401855},"median":{"confidence_interval":{"confidence_level":0.95,"lower_bound":-0.008573743860583405,"upper_bound":-0.0015352530962285948},"point_estimate":-0.004838168847238644,"standard_error":0.001840039946253919}}