{"mean":{"confidence_interval":{"confidence_level":0.95,"lower_bound":-0.001991981778066143,"upper_bound":0.005144939284680952},"point_estimate":0.0012106212461766575,"standard_error":0.001813121523686751},"median":{"confidence_interval":{"confidence_level":0.95,"lower_bound":-0.0031259723407801587,"upper_bound":0.002446480982142285},"point_estimate":-0.00047200176167161434,"standard_error":0.0014672537597977067}}