{"mean":{"confidence_interval":{"confidence_level":0.95,"lower_bound":-0.0004549849704492181,"upper_bound":0.003403868273333943},"point_estimate":0.0013270559316493902,"standard_error":0.0009808963727008747},"median":{"confidence_interval":{"confidence_level":0.95,"lower_bound":-0.0015487746851041706,"upper_bound":0.0027091598546340467},"point_estimate":0.0008065340557681377,"standard_error":0.0010570685712716656}}