{"mean":{"confidence_interval":{"confidence_level":0.95,"lower_bound":0.0059767576911247695,"upper_bound":0.015187022807283766},"point_estimate":0.010608439654119284,"standard_error":0.00239064097333592},"median":{"confidence_interval":{"confidence_level":0.95,"lower_bound":0.006158619842073776,"upper_bound":0.01349701846911655},"point_estimate":0.009722756748331562,"standard_error":0.00210021874461859}}