{"mean":{"confidence_interval":{"confidence_level":0.95,"lower_bound":-0.00449699769808487,"upper_bound":0.0028231017326230123},"point_estimate":-0.0006115068828468351,"standard_error":0.001850036230160979},"median":{"confidence_interval":{"confidence_level":0.95,"lower_bound":-0.0028848619913470763,"upper_bound":0.003107529456087388},"point_estimate":0.0005182277994748574,"standard_error":0.0016374363726383153}}