{"mean":{"confidence_interval":{"confidence_level":0.95,"lower_bound":-0.0034845623565719847,"upper_bound":0.008374737560837094},"point_estimate":0.002430676976198365,"standard_error":0.0029834558499950326},"median":{"confidence_interval":{"confidence_level":0.95,"lower_bound":-0.002408525091502134,"upper_bound":0.0077325001148653705},"point_estimate":0.003186997184751128,"standard_error":0.0026377273070842316}}