{"mean":{"confidence_interval":{"confidence_level":0.95,"lower_bound":-0.01577221973350341,"upper_bound":0.0065433420846363055},"point_estimate":-0.0031200331988830987,"standard_error":0.005765994357511594},"median":{"confidence_interval":{"confidence_level":0.95,"lower_bound":0.000011549979914482478,"upper_bound":0.006572434601091137},"point_estimate":0.0027600534314173863,"standard_error":0.0017300079399710788}}