{"mean":{"confidence_interval":{"confidence_level":0.95,"lower_bound":0.025742603036178115,"upper_bound":0.040502404856840556},"point_estimate":0.03212457020594628,"standard_error":0.003684425448271901},"median":{"confidence_interval":{"confidence_level":0.95,"lower_bound":0.02623825216306086,"upper_bound":0.03521223817741048},"point_estimate":0.030343364038354137,"standard_error":0.002371143157061205}}