{"mean":{"confidence_interval":{"confidence_level":0.95,"lower_bound":-0.0029839431592515453,"upper_bound":0.0076576448405688375},"point_estimate":0.0025366558112591697,"standard_error":0.002670981895226163},"median":{"confidence_interval":{"confidence_level":0.95,"lower_bound":-0.001780362548828518,"upper_bound":0.0026396381285229086},"point_estimate":0.0002593327142355051,"standard_error":0.0011730261682895266}}