{"mean":{"confidence_interval":{"confidence_level":0.95,"lower_bound":-0.02130911165594379,"upper_bound":-0.01217836148459317},"point_estimate":-0.016330501452873514,"standard_error":0.0023475218064187937},"median":{"confidence_interval":{"confidence_level":0.95,"lower_bound":-0.01786074688263939,"upper_bound":-0.010759756428666223},"point_estimate":-0.014665007563991361,"standard_error":0.0018900080487630232}}