{"mean":{"confidence_interval":{"confidence_level":0.95,"lower_bound":-0.033080836138283345,"upper_bound":-0.02033287679709639},"point_estimate":-0.026097474658243525,"standard_error":0.0032810459740402692},"median":{"confidence_interval":{"confidence_level":0.95,"lower_bound":-0.029307361278167354,"upper_bound":-0.02221256596975507},"point_estimate":-0.025946881956815937,"standard_error":0.001894848887920193}}