{"mean":{"confidence_interval":{"confidence_level":0.95,"lower_bound":-0.004809063207306896,"upper_bound":0.005993776429658667},"point_estimate":0.0003120129142109018,"standard_error":0.0027158979921078005},"median":{"confidence_interval":{"confidence_level":0.95,"lower_bound":-0.0014632733449513324,"upper_bound":0.0035997650125296765},"point_estimate":0.0015916148871977231,"standard_error":0.0013377036560680703}}