{"mean":{"confidence_interval":{"confidence_level":0.95,"lower_bound":-0.0024580007455263786,"upper_bound":0.008760650799224872},"point_estimate":0.0032650221526921985,"standard_error":0.0028863442689623276},"median":{"confidence_interval":{"confidence_level":0.95,"lower_bound":-0.0008849731354976242,"upper_bound":0.005918968612472533},"point_estimate":0.00269519202253643,"standard_error":0.0017816034483183183}}