{"mean":{"confidence_interval":{"confidence_level":0.95,"lower_bound":-0.005381581207839417,"upper_bound":0.006178822201168113},"point_estimate":0.0002902054398150611,"standard_error":0.002881856458278278},"median":{"confidence_interval":{"confidence_level":0.95,"lower_bound":-0.001413611672094084,"upper_bound":0.0017330486907387588},"point_estimate":0.00027373189486468164,"standard_error":0.0007989065969078149}}