{"mean":{"confidence_interval":{"confidence_level":0.95,"lower_bound":-0.009252452713973347,"upper_bound":0.011594670979605537},"point_estimate":0.0022882052639960904,"standard_error":0.005359518268911895},"median":{"confidence_interval":{"confidence_level":0.95,"lower_bound":0.007175332624438147,"upper_bound":0.012511334823682883},"point_estimate":0.01005236644058205,"standard_error":0.0013756123489364921}}