{"mean":{"confidence_interval":{"confidence_level":0.95,"lower_bound":-0.0032127392928753824,"upper_bound":0.007029562516460599},"point_estimate":0.0020976446512548375,"standard_error":0.002617553052086932},"median":{"confidence_interval":{"confidence_level":0.95,"lower_bound":0.0007801189185232538,"upper_bound":0.0036971837602637336},"point_estimate":0.002169784732392488,"standard_error":0.0007297254034468528}}