{"mean":{"confidence_interval":{"confidence_level":0.95,"lower_bound":-0.0011020966739680694,"upper_bound":0.014321512513601623},"point_estimate":0.004797610716658296,"standard_error":0.004014556586685327},"median":{"confidence_interval":{"confidence_level":0.95,"lower_bound":-0.0007270761943480863,"upper_bound":0.0023107776822284265},"point_estimate":0.000772132424135874,"standard_error":0.0007971831692331923}}