{"mean":{"confidence_interval":{"confidence_level":0.95,"lower_bound":0.0002619457728416652,"upper_bound":0.007371398818269674},"point_estimate":0.003813745454968931,"standard_error":0.0018518157933346295},"median":{"confidence_interval":{"confidence_level":0.95,"lower_bound":-0.0007994172371514896,"upper_bound":0.0019825573464911095},"point_estimate":0.0005843189215959388,"standard_error":0.0007214943160872201}}