{"mean":{"confidence_interval":{"confidence_level":0.95,"lower_bound":-0.01570768784994599,"upper_bound":-0.004543474559291869},"point_estimate":-0.009773559153781197,"standard_error":0.00284705177662845},"median":{"confidence_interval":{"confidence_level":0.95,"lower_bound":-0.011148333287065049,"upper_bound":-0.008047336322362209},"point_estimate":-0.01010201141607725,"standard_error":0.0008178199768876981}}