{"mean":{"confidence_interval":{"confidence_level":0.95,"lower_bound":-0.007014213760601211,"upper_bound":0.0016323191573175456},"point_estimate":-0.002236467551154364,"standard_error":0.002201530587952543},"median":{"confidence_interval":{"confidence_level":0.95,"lower_bound":-0.0024362786248560697,"upper_bound":0.000606929409608048},"point_estimate":-0.00034622434460085394,"standard_error":0.0007956914329170292}}