{"mean":{"confidence_interval":{"confidence_level":0.95,"lower_bound":-0.006780338452193165,"upper_bound":0.0028564663264415533},"point_estimate":-0.0022032419085856736,"standard_error":0.0024944305570992306},"median":{"confidence_interval":{"confidence_level":0.95,"lower_bound":-0.009942023588467186,"upper_bound":0.0010243817312021175},"point_estimate":-0.006092529267128777,"standard_error":0.0030542768888902785}}