{"mean":{"confidence_interval":{"confidence_level":0.95,"lower_bound":-0.0104751107434494,"upper_bound":-0.002268924660108529},"point_estimate":-0.00588412105368008,"standard_error":0.002122450256015128},"median":{"confidence_interval":{"confidence_level":0.95,"lower_bound":-0.0037396708638592455,"upper_bound":-0.0012881707707793622},"point_estimate":-0.0024393936829305574,"standard_error":0.0006364950538748593}}