{"mean":{"confidence_interval":{"confidence_level":0.95,"lower_bound":-0.02330157451355886,"upper_bound":0.013472492175288897},"point_estimate":-0.003236833999341826,"standard_error":0.009373206617720597},"median":{"confidence_interval":{"confidence_level":0.95,"lower_bound":-0.000962636575157827,"upper_bound":0.0025499439012193204},"point_estimate":0.0009630990110505167,"standard_error":0.0008526050074387657}}