{"mean":{"confidence_interval":{"confidence_level":0.95,"lower_bound":0.4821870637793572,"upper_bound":0.4932390669307924},"point_estimate":0.4879143715455907,"standard_error":0.002827565603609445},"median":{"confidence_interval":{"confidence_level":0.95,"lower_bound":0.4857475875756039,"upper_bound":0.49633329945058424},"point_estimate":0.48977158837081314,"standard_error":0.0027336775912840706}}