{"mean":{"confidence_interval":{"confidence_level":0.95,"lower_bound":-0.3389084223678158,"upper_bound":-0.3290701371932717},"point_estimate":-0.33352988972776065,"standard_error":0.002533497324683619},"median":{"confidence_interval":{"confidence_level":0.95,"lower_bound":-0.33322731591977184,"upper_bound":-0.3263316277591991},"point_estimate":-0.3288049783900049,"standard_error":0.0019486796999795373}}