{"mean":{"confidence_interval":{"confidence_level":0.95,"lower_bound":-0.004172696634895245,"upper_bound":0.004097805089391412},"point_estimate":-0.0006105513327939738,"standard_error":0.0021784248686278133},"median":{"confidence_interval":{"confidence_level":0.95,"lower_bound":-0.00691636426212372,"upper_bound":-0.0011158551230864289},"point_estimate":-0.00321224993633884,"standard_error":0.001427532772437055}}