{"mean":{"confidence_interval":{"confidence_level":0.95,"lower_bound":0.001101405111382526,"upper_bound":0.012173622123997196},"point_estimate":0.006482844668979748,"standard_error":0.0028057629068320286},"median":{"confidence_interval":{"confidence_level":0.95,"lower_bound":0.003479503982588783,"upper_bound":0.010853014848208999},"point_estimate":0.0070403842978425946,"standard_error":0.0019460748020738241}}