{"mean":{"confidence_interval":{"confidence_level":0.95,"lower_bound":67826015.02166668,"upper_bound":68187035.07333332},"point_estimate":67987654.9,"standard_error":92769.26001879408},"median":{"confidence_interval":{"confidence_level":0.95,"lower_bound":67734524.0,"upper_bound":67938446.0},"point_estimate":67833923.0,"standard_error":51978.391477040765},"median_abs_dev":{"confidence_interval":{"confidence_level":0.95,"lower_bound":135526.68749392033,"upper_bound":405363.5892033577},"point_estimate":274518.2111263275,"standard_error":73450.77195540856},"slope":null,"std_dev":{"confidence_interval":{"confidence_level":0.95,"lower_bound":223942.85137665193,"upper_bound":711387.431001826},"point_estimate":516391.55314016034,"standard_error":123700.49194130875}}