{"mean":{"confidence_interval":{"confidence_level":0.95,"lower_bound":68027876.44416668,"upper_bound":68357481.9975},"point_estimate":68184676.53333333,"standard_error":84771.68398283841},"median":{"confidence_interval":{"confidence_level":0.95,"lower_bound":67903257.0,"upper_bound":68272867.5},"point_estimate":68055882.0,"standard_error":79709.04666637043},"median_abs_dev":{"confidence_interval":{"confidence_level":0.95,"lower_bound":223484.15483236313,"upper_bound":611120.2961504459},"point_estimate":390944.5631593466,"standard_error":99559.3298669097},"slope":null,"std_dev":{"confidence_interval":{"confidence_level":0.95,"lower_bound":313038.2072932826,"upper_bound":610603.1388750945},"point_estimate":473523.1511955033,"standard_error":77744.72768609933}}