{"mean":{"confidence_interval":{"confidence_level":0.95,"lower_bound":752769.8979546959,"upper_bound":754953.1003306878},"point_estimate":753859.8111838624,"standard_error":559.7910955382873},"median":{"confidence_interval":{"confidence_level":0.95,"lower_bound":752249.46875,"upper_bound":755771.0575396825},"point_estimate":753434.5469907408,"standard_error":1066.6039510312617},"median_abs_dev":{"confidence_interval":{"confidence_level":0.95,"lower_bound":343.7686026469218,"upper_bound":3028.002691033829},"point_estimate":2678.3812014075233,"standard_error":730.99580816079},"slope":{"confidence_interval":{"confidence_level":0.95,"lower_bound":752653.9788735068,"upper_bound":755567.8216201717},"point_estimate":754049.0399891775,"standard_error":760.5369852315085},"std_dev":{"confidence_interval":{"confidence_level":0.95,"lower_bound":1235.484092334205,"upper_bound":2166.9734006549256},"point_estimate":1865.7595704904256,"standard_error":240.6703696012942}}