{"mean":{"confidence_interval":{"confidence_level":0.95,"lower_bound":783312.2725336439,"upper_bound":786683.2772644927},"point_estimate":784797.8313457556,"standard_error":873.3934142359926},"median":{"confidence_interval":{"confidence_level":0.95,"lower_bound":782660.6565217392,"upper_bound":785933.4646739131},"point_estimate":783946.4391304348,"standard_error":1128.920761051182},"median_abs_dev":{"confidence_interval":{"confidence_level":0.95,"lower_bound":245.2531917328355,"upper_bound":4426.590760542763},"point_estimate":2250.4954404804403,"standard_error":1077.3290217916135},"slope":{"confidence_interval":{"confidence_level":0.95,"lower_bound":783209.119308456,"upper_bound":788254.6521153171},"point_estimate":785340.8495765105,"standard_error":1327.8359708799612},"std_dev":{"confidence_interval":{"confidence_level":0.95,"lower_bound":1202.058717225909,"upper_bound":4162.639665480442},"point_estimate":2915.1038688783788,"standard_error":905.8239551801354}}