{"mean":{"confidence_interval":{"confidence_level":0.95,"lower_bound":409292.50610174786,"upper_bound":411253.5493821786},"point_estimate":410264.9765030319,"standard_error":499.74847779879394},"median":{"confidence_interval":{"confidence_level":0.95,"lower_bound":409322.71629213484,"upper_bound":411875.73996789724},"point_estimate":409998.5868445693,"standard_error":587.5728452724778},"median_abs_dev":{"confidence_interval":{"confidence_level":0.95,"lower_bound":239.41712923262486,"upper_bound":3175.636183649213},"point_estimate":1252.0282607776942,"standard_error":771.0528933996391},"slope":{"confidence_interval":{"confidence_level":0.95,"lower_bound":409946.0084842926,"upper_bound":412223.55353284354},"point_estimate":411144.21149861376,"standard_error":609.1609157793195},"std_dev":{"confidence_interval":{"confidence_level":0.95,"lower_bound":852.0760624063875,"upper_bound":2167.177203995138},"point_estimate":1669.7169257222872,"standard_error":329.7632105423932}}