{"mean":{"confidence_interval":{"confidence_level":0.95,"lower_bound":76692187.73333332,"upper_bound":80290492.66333334},"point_estimate":78422767.03333333,"standard_error":924627.6314398876},"median":{"confidence_interval":{"confidence_level":0.95,"lower_bound":75370651.66666667,"upper_bound":80865556.33333334},"point_estimate":77713156.16666666,"standard_error":1351597.9987005799},"median_abs_dev":{"confidence_interval":{"confidence_level":0.95,"lower_bound":365858.72450472397,"upper_bound":5097820.4281955995},"point_estimate":3516392.317071542,"standard_error":1199093.5232144583},"slope":null,"std_dev":{"confidence_interval":{"confidence_level":0.95,"lower_bound":1673206.9574081178,"upper_bound":3824472.9141222914},"point_estimate":3088427.884311325,"standard_error":547882.0506871445}}