{"mean":{"confidence_interval":{"confidence_level":0.95,"lower_bound":81363447.56583335,"upper_bound":103793502.83333334},"point_estimate":91389455.16666667,"standard_error":5841794.333314102},"median":{"confidence_interval":{"confidence_level":0.95,"lower_bound":79262951.83333333,"upper_bound":101681071.66666667},"point_estimate":81971999.5,"standard_error":6056322.409153034},"median_abs_dev":{"confidence_interval":{"confidence_level":0.95,"lower_bound":652854.4970095305,"upper_bound":27744486.84163689},"point_estimate":4240877.890509367,"standard_error":7187098.84010942},"slope":null,"std_dev":{"confidence_interval":{"confidence_level":0.95,"lower_bound":2555813.8979548044,"upper_bound":26784605.99670047},"point_estimate":19436935.463013418,"standard_error":5899940.839503434}}