{"mean":{"confidence_interval":{"confidence_level":0.95,"lower_bound":75744524.36666667,"upper_bound":76349497.6},"point_estimate":76002033.50000001,"standard_error":157817.4931300109},"median":{"confidence_interval":{"confidence_level":0.95,"lower_bound":75680727.66666666,"upper_bound":76136868.33333334},"point_estimate":75891314.16666666,"standard_error":128992.57911734594},"median_abs_dev":{"confidence_interval":{"confidence_level":0.95,"lower_bound":5189.594107858923,"upper_bound":609396.0323810577},"point_estimate":309620.7423031256,"standard_error":144669.10083933137},"slope":null,"std_dev":{"confidence_interval":{"confidence_level":0.95,"lower_bound":154130.98069286745,"upper_bound":764931.0144169711},"point_estimate":525795.9905181355,"standard_error":184556.89171857684}}