{"mean":{"confidence_interval":{"confidence_level":0.95,"lower_bound":75743463.82675,"upper_bound":78323029.28125},"point_estimate":76789066.52,"standard_error":677872.9216359115},"median":{"confidence_interval":{"confidence_level":0.95,"lower_bound":75370464.5,"upper_bound":75551653.5},"point_estimate":75467385.75,"standard_error":48579.108353922085},"median_abs_dev":{"confidence_interval":{"confidence_level":0.95,"lower_bound":161530.86092725463,"upper_bound":485621.17357850075},"point_estimate":303242.4736663699,"standard_error":84736.19278259006},"slope":null,"std_dev":{"confidence_interval":{"confidence_level":0.95,"lower_bound":1196886.642586712,"upper_bound":7768334.849307703},"point_estimate":4866853.068280687,"standard_error":1949599.4889741272}}