{"mean":{"confidence_interval":{"confidence_level":0.95,"lower_bound":233533427.235,"upper_bound":247999326.4},"point_estimate":240183615.6,"standard_error":3726997.571408426},"median":{"confidence_interval":{"confidence_level":0.95,"lower_bound":231527794.0,"upper_bound":250706898.0},"point_estimate":234002113.5,"standard_error":4938652.546104521},"median_abs_dev":{"confidence_interval":{"confidence_level":0.95,"lower_bound":213246.80201411247,"upper_bound":18406793.725714087},"point_estimate":4088329.472717643,"standard_error":5075909.416674751},"slope":null,"std_dev":{"confidence_interval":{"confidence_level":0.95,"lower_bound":2446681.1905066743,"upper_bound":15810971.031251235},"point_estimate":12421471.65446828,"standard_error":2918958.156324509}}