{"mean":{"confidence_interval":{"confidence_level":0.95,"lower_bound":-0.034842493969513055,"upper_bound":-0.009754157337558467},"point_estimate":-0.020903975229887073,"standard_error":0.006564534352862277},"median":{"confidence_interval":{"confidence_level":0.95,"lower_bound":-0.033017155773995444,"upper_bound":-0.007482012182528086},"point_estimate":-0.012937161008882314,"standard_error":0.00512921309292633}}