{"mean":{"confidence_interval":{"confidence_level":0.95,"lower_bound":-0.00776240428113404,"upper_bound":0.01676138610722784},"point_estimate":0.004227724172200631,"standard_error":0.006304413271177384},"median":{"confidence_interval":{"confidence_level":0.95,"lower_bound":-0.0056083466089014156,"upper_bound":0.02494623016558739},"point_estimate":-0.002103080517297684,"standard_error":0.0076249670727275886}}