{"mean":{"confidence_interval":{"confidence_level":0.95,"lower_bound":-0.009949632392356356,"upper_bound":0.002264615570544594},"point_estimate":-0.0034297598914039273,"standard_error":0.0031320196994116707},"median":{"confidence_interval":{"confidence_level":0.95,"lower_bound":-0.0005678733080233256,"upper_bound":0.0017315276379978872},"point_estimate":0.0007331939250065922,"standard_error":0.0005767092320988186}}