{"mean":{"confidence_interval":{"confidence_level":0.95,"lower_bound":-0.2308259526295182,"upper_bound":-0.08938620950108705},"point_estimate":-0.16237604601413325,"standard_error":0.03648260584762802},"median":{"confidence_interval":{"confidence_level":0.95,"lower_bound":-0.26753522716224365,"upper_bound":-0.046771352878148376},"point_estimate":-0.09786550637865388,"standard_error":0.06485758662608412}}