{"mean":{"confidence_interval":{"confidence_level":0.95,"lower_bound":0.008419104144053158,"upper_bound":0.04808885121933194},"point_estimate":0.025580237084250168,"standard_error":0.010023311415937737},"median":{"confidence_interval":{"confidence_level":0.95,"lower_bound":0.0043562543483135485,"upper_bound":0.059276395673497406},"point_estimate":0.00880154467067884,"standard_error":0.013436835328649756}}