{"mean":{"confidence_interval":{"confidence_level":0.95,"lower_bound":0.010577544138557021,"upper_bound":0.02378216459662669},"point_estimate":0.01571584692708794,"standard_error":0.003453692549443503},"median":{"confidence_interval":{"confidence_level":0.95,"lower_bound":0.00969879005347929,"upper_bound":0.01579487328110485},"point_estimate":0.011861186561455739,"standard_error":0.0015135167491760052}}