{"mean":{"confidence_interval":{"confidence_level":0.95,"lower_bound":-0.06947434953786802,"upper_bound":-0.06383265740163169},"point_estimate":-0.06642011267815062,"standard_error":0.0014402129828795945},"median":{"confidence_interval":{"confidence_level":0.95,"lower_bound":-0.06699001832380846,"upper_bound":-0.06231165058730037},"point_estimate":-0.06436359434484729,"standard_error":0.0010431430786846778}}