{"mean":{"confidence_interval":{"confidence_level":0.95,"lower_bound":-0.025577004021632693,"upper_bound":-0.005243762954508819},"point_estimate":-0.014480130266459112,"standard_error":0.005211181271789165},"median":{"confidence_interval":{"confidence_level":0.95,"lower_bound":-0.031122652959444275,"upper_bound":-0.0023767237491507665},"point_estimate":-0.00464625783271011,"standard_error":0.007361200335373111}}