{"mean":{"confidence_interval":{"confidence_level":0.95,"lower_bound":0.10437685614930257,"upper_bound":0.5827455296479978},"point_estimate":0.2981058820896245,"standard_error":0.12301717142970771},"median":{"confidence_interval":{"confidence_level":0.95,"lower_bound":0.0340684164751468,"upper_bound":0.6600213377415358},"point_estimate":0.09304386663887665,"standard_error":0.16147842906053259}}