{"mean":{"confidence_interval":{"confidence_level":0.95,"lower_bound":-0.36172087234037,"upper_bound":-0.08794755513587849},"point_estimate":-0.23644069428689418,"standard_error":0.07055546095874052},"median":{"confidence_interval":{"confidence_level":0.95,"lower_bound":-0.38986966411695756,"upper_bound":-0.040733209980919005},"point_estimate":-0.09392815723095282,"standard_error":0.09236836738250481}}