{"mean":{"confidence_interval":{"confidence_level":0.95,"lower_bound":0.06487611864503791,"upper_bound":0.2580425437529829},"point_estimate":0.1591797221462521,"standard_error":0.051024455257100136},"median":{"confidence_interval":{"confidence_level":0.95,"lower_bound":0.016770793125197914,"upper_bound":0.34883366686761375},"point_estimate":0.09589670956498253,"standard_error":0.08880165671742545}}