{"mean":{"confidence_interval":{"confidence_level":0.95,"lower_bound":0.011710543539441572,"upper_bound":0.0380438517085671},"point_estimate":0.023063949699893005,"standard_error":0.006371757167900837},"median":{"confidence_interval":{"confidence_level":0.95,"lower_bound":0.009878911801308732,"upper_bound":0.018059503613262664},"point_estimate":0.013860751794712245,"standard_error":0.004336138672327592}}