{"mean":{"confidence_interval":{"confidence_level":0.95,"lower_bound":56276114.01375,"upper_bound":56466214.924499996},"point_estimate":56367133.78,"standard_error":48619.121557314014},"median":{"confidence_interval":{"confidence_level":0.95,"lower_bound":56186994.0,"upper_bound":56438054.25},"point_estimate":56294848.75,"standard_error":58951.42932602149},"median_abs_dev":{"confidence_interval":{"confidence_level":0.95,"lower_bound":216898.81639927626,"upper_bound":442444.6654887863},"point_estimate":295101.5172109008,"standard_error":56498.10926724428},"slope":null,"std_dev":{"confidence_interval":{"confidence_level":0.95,"lower_bound":253991.1901951498,"upper_bound":441476.2810056897},"point_estimate":347515.8815010776,"standard_error":49387.64972971782}}