{"mean":{"confidence_interval":{"confidence_level":0.95,"lower_bound":402535830.5725,"upper_bound":404218778.5},"point_estimate":403274141.0,"standard_error":431992.07409384445},"median":{"confidence_interval":{"confidence_level":0.95,"lower_bound":402292612.0,"upper_bound":403605691.5},"point_estimate":403164477.0,"standard_error":350075.6017960583},"median_abs_dev":{"confidence_interval":{"confidence_level":0.95,"lower_bound":131581.4889639616,"upper_bound":1936567.6378190517},"point_estimate":697358.6888194084,"standard_error":448855.7178256818},"slope":null,"std_dev":{"confidence_interval":{"confidence_level":0.95,"lower_bound":472883.25871803326,"upper_bound":2085445.4831498112},"point_estimate":1447556.2791864853,"standard_error":474391.5468997925}}