{"mean":{"confidence_interval":{"confidence_level":0.95,"lower_bound":71026.65099584921,"upper_bound":71265.39600155006},"point_estimate":71147.86270252668,"standard_error":60.61286117916652},"median":{"confidence_interval":{"confidence_level":0.95,"lower_bound":70994.96015452538,"upper_bound":71254.3105487228},"point_estimate":71152.57808747544,"standard_error":70.39508634062014},"median_abs_dev":{"confidence_interval":{"confidence_level":0.95,"lower_bound":172.59469997342393,"upper_bound":433.8683776314375},"point_estimate":313.9812095581705,"standard_error":68.8017585643385},"slope":{"confidence_interval":{"confidence_level":0.95,"lower_bound":71118.40805765016,"upper_bound":71346.13595230078},"point_estimate":71230.63473476663,"standard_error":57.99390466292835},"std_dev":{"confidence_interval":{"confidence_level":0.95,"lower_bound":231.47184638364376,"upper_bound":439.0025225612826},"point_estimate":340.0171269542783,"standard_error":53.93542959460374}}