{"mean":{"confidence_interval":{"confidence_level":0.95,"lower_bound":0.08222917947497178,"upper_bound":0.5590154832769652},"point_estimate":0.26385960818910026,"standard_error":0.12338875366599333},"median":{"confidence_interval":{"confidence_level":0.95,"lower_bound":0.029289918047704422,"upper_bound":0.45748939966173663},"point_estimate":0.08777507870523582,"standard_error":0.10688423058759079}}