{"mean":{"confidence_interval":{"confidence_level":0.95,"lower_bound":-0.02747030830075281,"upper_bound":0.01362095744321751},"point_estimate":-0.005028073696838886,"standard_error":0.01047233481743218},"median":{"confidence_interval":{"confidence_level":0.95,"lower_bound":-0.01524439634339847,"upper_bound":0.016248249985573837},"point_estimate":-0.0022483904226109352,"standard_error":0.006888540910463659}}