{"mean":{"confidence_interval":{"confidence_level":0.95,"lower_bound":-0.36302493636285627,"upper_bound":-0.08048671082509254},"point_estimate":-0.22535186892355485,"standard_error":0.07392723946628095},"median":{"confidence_interval":{"confidence_level":0.95,"lower_bound":-0.3179082344318166,"upper_bound":-0.04019970985633525},"point_estimate":-0.08906317669979347,"standard_error":0.06725622000366263}}