{"mean":{"confidence_interval":{"confidence_level":0.95,"lower_bound":0.005100904760417009,"upper_bound":0.012500332443777894},"point_estimate":0.008253566343345398,"standard_error":0.001874341848812326},"median":{"confidence_interval":{"confidence_level":0.95,"lower_bound":0.0036400275866628196,"upper_bound":0.012025407013082301},"point_estimate":0.005841301705229673,"standard_error":0.001952089533712099}}