{"mean":{"confidence_interval":{"confidence_level":0.95,"lower_bound":-0.0038828592184697586,"upper_bound":0.02841653907234365},"point_estimate":0.011431332535524863,"standard_error":0.008141421225472767},"median":{"confidence_interval":{"confidence_level":0.95,"lower_bound":-0.0064948236821879,"upper_bound":0.014326231347169038},"point_estimate":0.006475101728261157,"standard_error":0.006050381485330391}}