{"mean":{"confidence_interval":{"confidence_level":0.95,"lower_bound":-0.005065725556495648,"upper_bound":0.0007601751741066476},"point_estimate":-0.0019010496522227083,"standard_error":0.0014901328295488315},"median":{"confidence_interval":{"confidence_level":0.95,"lower_bound":-0.0019154703684118868,"upper_bound":0.003329638884770114},"point_estimate":0.0011763765849148733,"standard_error":0.0014661098555221372}}