{"mean":{"confidence_interval":{"confidence_level":0.95,"lower_bound":-0.005171567055685666,"upper_bound":0.012402301958279516},"point_estimate":0.0031766202114220654,"standard_error":0.0045042630206541005},"median":{"confidence_interval":{"confidence_level":0.95,"lower_bound":-0.006556257073247029,"upper_bound":0.00468935780505042},"point_estimate":-0.000592038025689634,"standard_error":0.0035670695220531234}}