{"mean":{"confidence_interval":{"confidence_level":0.95,"lower_bound":0.0006683707894679266,"upper_bound":0.0061195987827261655},"point_estimate":0.0029475536641208055,"standard_error":0.0014574518884914913},"median":{"confidence_interval":{"confidence_level":0.95,"lower_bound":-0.0005846532146188688,"upper_bound":0.0029576943971423297},"point_estimate":0.0007530740380570222,"standard_error":0.0009513673661168824}}