{"mean":{"confidence_interval":{"confidence_level":0.95,"lower_bound":-0.021156254746114267,"upper_bound":0.004460363812720747},"point_estimate":-0.007382414197288578,"standard_error":0.006616758471267204},"median":{"confidence_interval":{"confidence_level":0.95,"lower_bound":-0.01832018270357949,"upper_bound":0.006121463809312777},"point_estimate":0.00013193721094495459,"standard_error":0.0063272650509555665}}