{"mean":{"confidence_interval":{"confidence_level":0.95,"lower_bound":-0.34119510511705553,"upper_bound":-0.06991897034986365},"point_estimate":-0.2034872864923294,"standard_error":0.0724237145975118},"median":{"confidence_interval":{"confidence_level":0.95,"lower_bound":-0.28974233353868195,"upper_bound":-0.03465300255701953},"point_estimate":-0.04949528181035745,"standard_error":0.07314233780449636}}