{"mean":{"confidence_interval":{"confidence_level":0.95,"lower_bound":0.07040883347430602,"upper_bound":0.5094619454111009},"point_estimate":0.2493146173458891,"standard_error":0.12069221856617514},"median":{"confidence_interval":{"confidence_level":0.95,"lower_bound":0.031002972691991593,"upper_bound":0.40058294591747234},"point_estimate":0.04575939606316326,"standard_error":0.12512298279854134}}