{"mean":{"confidence_interval":{"confidence_level":0.95,"lower_bound":-0.0017526176515914038,"upper_bound":0.03109431176070344},"point_estimate":0.011781109670610634,"standard_error":0.008917052215118118},"median":{"confidence_interval":{"confidence_level":0.95,"lower_bound":-0.001517251418565957,"upper_bound":0.016830711651761865},"point_estimate":0.0011750973006050547,"standard_error":0.004548310237105316}}