{"mean":{"confidence_interval":{"confidence_level":0.95,"lower_bound":-0.025328531105762275,"upper_bound":-0.0006442241460966417},"point_estimate":-0.012698737176339625,"standard_error":0.006300764996848961},"median":{"confidence_interval":{"confidence_level":0.95,"lower_bound":-0.025755959263571437,"upper_bound":-0.002600345744651733},"point_estimate":-0.01219451656986037,"standard_error":0.007706806233653382}}