{"mean":{"confidence_interval":{"confidence_level":0.95,"lower_bound":0.00641809038175435,"upper_bound":0.0138914674996791},"point_estimate":0.01027629529553642,"standard_error":0.0019166011047693535},"median":{"confidence_interval":{"confidence_level":0.95,"lower_bound":0.006160986615454167,"upper_bound":0.015751946178783616},"point_estimate":0.010743274338034459,"standard_error":0.0021671858722918753}}