{"mean":{"confidence_interval":{"confidence_level":0.95,"lower_bound":-0.002344023736054912,"upper_bound":0.008934313642172674},"point_estimate":0.0026293488794288944,"standard_error":0.0028564288466707164},"median":{"confidence_interval":{"confidence_level":0.95,"lower_bound":-0.00020666961805970718,"upper_bound":0.0015332327639861686},"point_estimate":0.0006563928992713297,"standard_error":0.00043095378717763333}}