{"mean":{"confidence_interval":{"confidence_level":0.95,"lower_bound":-0.011620319365624798,"upper_bound":-0.003923332201369116},"point_estimate":-0.007836188741240036,"standard_error":0.0019956549479691514},"median":{"confidence_interval":{"confidence_level":0.95,"lower_bound":-0.009456446312205546,"upper_bound":-0.006101307763811681},"point_estimate":-0.007418957235174606,"standard_error":0.0008920113180549555}}