{"mean":{"confidence_interval":{"confidence_level":0.95,"lower_bound":-0.0011452992588833972,"upper_bound":0.007935607245505814},"point_estimate":0.003210628345526434,"standard_error":0.002301338998561403},"median":{"confidence_interval":{"confidence_level":0.95,"lower_bound":-0.0024118845675343836,"upper_bound":0.007718402115129086},"point_estimate":0.003911190937507358,"standard_error":0.0025917281473658623}}