{"mean":{"confidence_interval":{"confidence_level":0.95,"lower_bound":0.001752830987500065,"upper_bound":0.023390840171272374},"point_estimate":0.01200098029620622,"standard_error":0.0056817202840994665},"median":{"confidence_interval":{"confidence_level":0.95,"lower_bound":-0.0025126137192649223,"upper_bound":0.024971552469297054},"point_estimate":0.006632849864931067,"standard_error":0.007877988831126202}}