{"mean":{"confidence_interval":{"confidence_level":0.95,"lower_bound":-0.0006342262012908328,"upper_bound":0.011284258057988666},"point_estimate":0.005249885638380913,"standard_error":0.0030259353867858672},"median":{"confidence_interval":{"confidence_level":0.95,"lower_bound":0.007197640517856652,"upper_bound":0.009982148930363532},"point_estimate":0.008418682377387743,"standard_error":0.0007401440449159166}}