{"mean":{"confidence_interval":{"confidence_level":0.95,"lower_bound":-0.006001597759455857,"upper_bound":0.0044322129277927355},"point_estimate":-0.0008431967746250768,"standard_error":0.0026536158524258133},"median":{"confidence_interval":{"confidence_level":0.95,"lower_bound":-0.0031597311477259415,"upper_bound":0.002026801572324821},"point_estimate":-0.0008911956863533188,"standard_error":0.0014288613751119617}}