{"mean":{"confidence_interval":{"confidence_level":0.95,"lower_bound":-0.004772833782205445,"upper_bound":0.0032031331343882136},"point_estimate":-0.0007103563798029899,"standard_error":0.0020108933752840488},"median":{"confidence_interval":{"confidence_level":0.95,"lower_bound":-0.0015726926740985414,"upper_bound":0.00034799806803342825},"point_estimate":-0.00048800862882270035,"standard_error":0.0005062777471209487}}