{"mean":{"confidence_interval":{"confidence_level":0.95,"lower_bound":-0.01793742025024615,"upper_bound":-0.0031993107848068887},"point_estimate":-0.00986193847835748,"standard_error":0.0038185232940965413},"median":{"confidence_interval":{"confidence_level":0.95,"lower_bound":-0.02074870452826727,"upper_bound":-0.005728793726450965},"point_estimate":-0.00708424709484845,"standard_error":0.0031346143953990334}}