{"mean":{"confidence_interval":{"confidence_level":0.95,"lower_bound":0.015359083397024659,"upper_bound":0.02499666083954288},"point_estimate":0.019863409305340474,"standard_error":0.0024051815482731068},"median":{"confidence_interval":{"confidence_level":0.95,"lower_bound":0.017120252736314345,"upper_bound":0.02225859032379792},"point_estimate":0.01928719211838814,"standard_error":0.0012171363731234481}}