{"mean":{"confidence_interval":{"confidence_level":0.95,"lower_bound":-0.01618130324821469,"upper_bound":-0.006874497032444804},"point_estimate":-0.011295419078374502,"standard_error":0.0023687539760100166},"median":{"confidence_interval":{"confidence_level":0.95,"lower_bound":-0.014088257571082452,"upper_bound":-0.008574819628693886},"point_estimate":-0.01144909933172078,"standard_error":0.0013130181816934157}}