{"mean":{"confidence_interval":{"confidence_level":0.95,"lower_bound":-0.14863392744375303,"upper_bound":-0.05458124939608333},"point_estimate":-0.09760335376144225,"standard_error":0.024632088262761413},"median":{"confidence_interval":{"confidence_level":0.95,"lower_bound":-0.12686525635927182,"upper_bound":-0.0441360073194198},"point_estimate":-0.06611390632805647,"standard_error":0.021732106428120106}}