{"mean":{"confidence_interval":{"confidence_level":0.95,"lower_bound":-0.0005705442728237398,"upper_bound":0.1247110782049986},"point_estimate":0.052569814840905726,"standard_error":0.031744508730547495},"median":{"confidence_interval":{"confidence_level":0.95,"lower_bound":-0.025536490251672594,"upper_bound":0.09896774349365378},"point_estimate":0.03138474220301668,"standard_error":0.034466822249006296}}