{"mean":{"confidence_interval":{"confidence_level":0.95,"lower_bound":-0.009714092558524507,"upper_bound":0.018137803293101547},"point_estimate":0.004170088920015136,"standard_error":0.007183592693701312},"median":{"confidence_interval":{"confidence_level":0.95,"lower_bound":-0.015831502641625028,"upper_bound":0.011301528331643551},"point_estimate":-0.0026047700543833097,"standard_error":0.0066768863642126365}}