{"mean":{"confidence_interval":{"confidence_level":0.95,"lower_bound":-0.01895194054793814,"upper_bound":0.015659087386815304},"point_estimate":-0.002178397366494278,"standard_error":0.00880754037410242},"median":{"confidence_interval":{"confidence_level":0.95,"lower_bound":-0.01790824449838857,"upper_bound":0.009744786561502794},"point_estimate":0.0009597867128301463,"standard_error":0.006495600379910414}}