{"mean":{"confidence_interval":{"confidence_level":0.95,"lower_bound":-0.01678067837894688,"upper_bound":0.0072253456182021164},"point_estimate":-0.002267854401994285,"standard_error":0.006490309937021056},"median":{"confidence_interval":{"confidence_level":0.95,"lower_bound":-0.005940752253201009,"upper_bound":0.008705623092356785},"point_estimate":0.002386284846987774,"standard_error":0.003615236975493522}}