{"mean":{"confidence_interval":{"confidence_level":0.95,"lower_bound":-0.0065540072715650315,"upper_bound":0.011756708440767163},"point_estimate":0.00267483020032544,"standard_error":0.004595336747290522},"median":{"confidence_interval":{"confidence_level":0.95,"lower_bound":-0.008053485222583534,"upper_bound":0.012911879329202458},"point_estimate":0.0031877787004412905,"standard_error":0.005165149374490105}}