{"mean":{"confidence_interval":{"confidence_level":0.95,"lower_bound":-0.029439099008879487,"upper_bound":-0.0014767810966127535},"point_estimate":-0.01426921279362825,"standard_error":0.007194677263984668},"median":{"confidence_interval":{"confidence_level":0.95,"lower_bound":-0.0045362858504948145,"upper_bound":0.00039836555002947804},"point_estimate":-0.0023880806757976547,"standard_error":0.001067023945596972}}