{"mean":{"confidence_interval":{"confidence_level":0.95,"lower_bound":-0.02745379712597123,"upper_bound":-0.005645384879481852},"point_estimate":-0.01648755973425875,"standard_error":0.005562534797383903},"median":{"confidence_interval":{"confidence_level":0.95,"lower_bound":-0.032252126541836956,"upper_bound":-0.0013199492810030966},"point_estimate":-0.018479028636234962,"standard_error":0.008186887004851285}}