{"mean":{"confidence_interval":{"confidence_level":0.95,"lower_bound":0.10710660112378845,"upper_bound":0.2700823967331633},"point_estimate":0.1846160255269429,"standard_error":0.043430107036796915},"median":{"confidence_interval":{"confidence_level":0.95,"lower_bound":0.06372454952363649,"upper_bound":0.2888030011199898},"point_estimate":0.16337792057706002,"standard_error":0.05614337871810959}}