{"mean":{"confidence_interval":{"confidence_level":0.95,"lower_bound":0.0010365917128354737,"upper_bound":0.01666159325055222},"point_estimate":0.008259154285956694,"standard_error":0.003975504974000995},"median":{"confidence_interval":{"confidence_level":0.95,"lower_bound":0.0010809883315150426,"upper_bound":0.02018173897089004},"point_estimate":0.008943592759310004,"standard_error":0.005987203196176003}}