{"mean":{"confidence_interval":{"confidence_level":0.95,"lower_bound":0.008477557156810386,"upper_bound":0.03318069594513302},"point_estimate":0.02062576279017936,"standard_error":0.006223868056075545},"median":{"confidence_interval":{"confidence_level":0.95,"lower_bound":0.002089168053717616,"upper_bound":0.03913439078620917},"point_estimate":0.020842223195874032,"standard_error":0.00969646684892518}}