{"mean":{"confidence_interval":{"confidence_level":0.95,"lower_bound":-0.1997433289073989,"upper_bound":-0.06952386556915323},"point_estimate":-0.1372215560040595,"standard_error":0.03349914298475234},"median":{"confidence_interval":{"confidence_level":0.95,"lower_bound":-0.23139852213535783,"upper_bound":-0.027666502505695578},"point_estimate":-0.13174334738760785,"standard_error":0.04849814258810773}}