{"mean":{"confidence_interval":{"confidence_level":0.95,"lower_bound":-0.0046302053071005265,"upper_bound":0.0035680449591695765},"point_estimate":-0.0009707404915495488,"standard_error":0.002153239017231076},"median":{"confidence_interval":{"confidence_level":0.95,"lower_bound":-0.006316836896622879,"upper_bound":0.004141837450014174},"point_estimate":-0.0034099611131885865,"standard_error":0.0024786177301970983}}