{"mean":{"confidence_interval":{"confidence_level":0.95,"lower_bound":-0.007703924937588004,"upper_bound":0.020779989209104382},"point_estimate":0.006679412026104892,"standard_error":0.007855864191566548},"median":{"confidence_interval":{"confidence_level":0.95,"lower_bound":-0.0025799466446033703,"upper_bound":0.004606145591978361},"point_estimate":0.001607881563688629,"standard_error":0.005130077058305259}}