{"mean":{"confidence_interval":{"confidence_level":0.95,"lower_bound":-0.013493139121313917,"upper_bound":0.01022207219667898},"point_estimate":-0.001260381771984953,"standard_error":0.0060333885014541636},"median":{"confidence_interval":{"confidence_level":0.95,"lower_bound":-0.015560572138111128,"upper_bound":0.0025862518646573296},"point_estimate":-0.0008899917774652932,"standard_error":0.004265944720182248}}