{"mean":{"confidence_interval":{"confidence_level":0.95,"lower_bound":-0.01917733162558188,"upper_bound":0.010332300561467056},"point_estimate":-0.002667981469955727,"standard_error":0.007599847101047738},"median":{"confidence_interval":{"confidence_level":0.95,"lower_bound":-0.018105103177753268,"upper_bound":0.012310642443691844},"point_estimate":0.007998394917001272,"standard_error":0.006349107899501745}}