{"mean":{"confidence_interval":{"confidence_level":0.95,"lower_bound":-0.07112733768064772,"upper_bound":-0.055156814306312474},"point_estimate":-0.06328576881903913,"standard_error":0.004061063527958973},"median":{"confidence_interval":{"confidence_level":0.95,"lower_bound":-0.07147151969201582,"upper_bound":-0.054035435852235136},"point_estimate":-0.06253231738812648,"standard_error":0.004424442087245473}}