{"mean":{"confidence_interval":{"confidence_level":0.95,"lower_bound":-0.003402854213164254,"upper_bound":0.013824225499559183},"point_estimate":0.004716473789069919,"standard_error":0.004457156954139827},"median":{"confidence_interval":{"confidence_level":0.95,"lower_bound":-0.005691255255922956,"upper_bound":0.010493129348234875},"point_estimate":0.000810497828249046,"standard_error":0.0035867128186423372}}