{"mean":{"confidence_interval":{"confidence_level":0.95,"lower_bound":-0.011091941729238108,"upper_bound":0.010845583452095676},"point_estimate":-0.00026116934834008454,"standard_error":0.005618800642514761},"median":{"confidence_interval":{"confidence_level":0.95,"lower_bound":-0.008689486841426897,"upper_bound":0.007803035762565136},"point_estimate":0.002167074703433247,"standard_error":0.003688103446055908}}