{"mean":{"confidence_interval":{"confidence_level":0.95,"lower_bound":0.2179438764429588,"upper_bound":0.8942713086131417},"point_estimate":0.48941686959893915,"standard_error":0.17565268280070978},"median":{"confidence_interval":{"confidence_level":0.95,"lower_bound":0.07218057433990066,"upper_bound":0.5834743771387343},"point_estimate":0.3920696829242212,"standard_error":0.11765505469768466}}