{"mean":{"confidence_interval":{"confidence_level":0.95,"lower_bound":-0.005441578623599508,"upper_bound":0.007472277551457296},"point_estimate":0.0018419775315539066,"standard_error":0.003348216527988572},"median":{"confidence_interval":{"confidence_level":0.95,"lower_bound":-0.0021077258374534447,"upper_bound":0.008521441749343106},"point_estimate":0.0034424185946404506,"standard_error":0.0026865202797368625}}