{"mean":{"confidence_interval":{"confidence_level":0.95,"lower_bound":0.016497073410767782,"upper_bound":0.03436347344699443},"point_estimate":0.025787413861732222,"standard_error":0.00445508583314611},"median":{"confidence_interval":{"confidence_level":0.95,"lower_bound":0.016885569818225088,"upper_bound":0.03517522893875458},"point_estimate":0.025675466544067937,"standard_error":0.004795915901491819}}