{"mean":{"confidence_interval":{"confidence_level":0.95,"lower_bound":-0.4744530343074002,"upper_bound":-0.18626064023267952},"point_estimate":-0.33622223239962434,"standard_error":0.07683183853803105},"median":{"confidence_interval":{"confidence_level":0.95,"lower_bound":-0.3698485585208393,"upper_bound":-0.07846214453392464},"point_estimate":-0.2881908958002408,"standard_error":0.06690882001461942}}