{"mean":{"confidence_interval":{"confidence_level":0.95,"lower_bound":75339756.94,"upper_bound":75727111.27874999},"point_estimate":75514656.03,"standard_error":99456.44230162034},"median":{"confidence_interval":{"confidence_level":0.95,"lower_bound":75158335.5,"upper_bound":75514646.0},"point_estimate":75350947.5,"standard_error":94902.20504333188},"median_abs_dev":{"confidence_interval":{"confidence_level":0.95,"lower_bound":280751.0614156723,"upper_bound":584122.1506297588},"point_estimate":411864.7900879383,"standard_error":83419.46495950305},"slope":null,"std_dev":{"confidence_interval":{"confidence_level":0.95,"lower_bound":372753.17355952505,"upper_bound":1015489.6041701131},"point_estimate":706851.399131939,"standard_error":173723.5988937578}}