{"mean":{"confidence_interval":{"confidence_level":0.95,"lower_bound":75248562.13075,"upper_bound":75690843.502},"point_estimate":75443156.5,"standard_error":113934.73272232874},"median":{"confidence_interval":{"confidence_level":0.95,"lower_bound":75142904.5,"upper_bound":75335534.5},"point_estimate":75248294.5,"standard_error":47512.98168650431},"median_abs_dev":{"confidence_interval":{"confidence_level":0.95,"lower_bound":177049.49430674314,"upper_bound":455934.3330055475},"point_estimate":272503.72841209173,"standard_error":73518.02042483642},"slope":null,"std_dev":{"confidence_interval":{"confidence_level":0.95,"lower_bound":311562.2618146692,"upper_bound":1171651.553297205},"point_estimate":812987.6910358835,"standard_error":216578.05980685077}}