{"mean":{"confidence_interval":{"confidence_level":0.95,"lower_bound":75505597.15,"upper_bound":76753038.93},"point_estimate":76065332.86,"standard_error":321138.99702649115},"median":{"confidence_interval":{"confidence_level":0.95,"lower_bound":75217328.5,"upper_bound":75497311.5},"point_estimate":75369046.25,"standard_error":80919.92091178974},"median_abs_dev":{"confidence_interval":{"confidence_level":0.95,"lower_bound":272004.8335209489,"upper_bound":631345.5543413758},"point_estimate":473658.0743908882,"standard_error":99028.6309383927},"slope":null,"std_dev":{"confidence_interval":{"confidence_level":0.95,"lower_bound":902549.4989302489,"upper_bound":3184042.869318471},"point_estimate":2298081.6476299805,"standard_error":556795.241209811}}