{"mean":{"confidence_interval":{"confidence_level":0.95,"lower_bound":75286835.3935,"upper_bound":75709785.499},"point_estimate":75472149.39,"standard_error":109139.23592154258},"median":{"confidence_interval":{"confidence_level":0.95,"lower_bound":75198414.0,"upper_bound":75368661.0},"point_estimate":75289423.0,"standard_error":46743.21616793277},"median_abs_dev":{"confidence_interval":{"confidence_level":0.95,"lower_bound":159614.48926627636,"upper_bound":432443.64837259054},"point_estimate":285957.21122324467,"standard_error":65569.48667572148},"slope":null,"std_dev":{"confidence_interval":{"confidence_level":0.95,"lower_bound":326151.463785199,"upper_bound":1141367.22975048},"point_estimate":782389.5241156291,"standard_error":213324.10815732006}}