{"mean":{"confidence_interval":{"confidence_level":0.95,"lower_bound":0.006058455629595283,"upper_bound":0.01938452448150696},"point_estimate":0.01307727744171494,"standard_error":0.0034081131252830686},"median":{"confidence_interval":{"confidence_level":0.95,"lower_bound":0.015750455664009348,"upper_bound":0.02120753907837969},"point_estimate":0.01836102510704052,"standard_error":0.0013204973542014684}}