{"mean":{"confidence_interval":{"confidence_level":0.95,"lower_bound":-0.005473698167653418,"upper_bound":0.03823604058434328},"point_estimate":0.013726685847054831,"standard_error":0.011777433055450167},"median":{"confidence_interval":{"confidence_level":0.95,"lower_bound":-0.012795917272052426,"upper_bound":-0.007107373702168407},"point_estimate":-0.0096431522731798,"standard_error":0.001357708865029981}}