{"mean":{"confidence_interval":{"confidence_level":0.95,"lower_bound":-0.003232582986151161,"upper_bound":0.00828977306850934},"point_estimate":0.0026018118569679505,"standard_error":0.0029021965053719814},"median":{"confidence_interval":{"confidence_level":0.95,"lower_bound":-0.0035235685123106153,"upper_bound":0.012388947415574503},"point_estimate":0.0006387953272530833,"standard_error":0.003957305324779315}}