{"mean":{"confidence_interval":{"confidence_level":0.95,"lower_bound":-0.024302630435213503,"upper_bound":0.006388889893847116},"point_estimate":-0.00728908973473108,"standard_error":0.007923442060830226},"median":{"confidence_interval":{"confidence_level":0.95,"lower_bound":0.007687697313262243,"upper_bound":0.013688578946613239},"point_estimate":0.010735250674742236,"standard_error":0.0015753804134779916}}