{"mean":{"confidence_interval":{"confidence_level":0.95,"lower_bound":-0.01731731735053983,"upper_bound":-0.005867875014259384},"point_estimate":-0.011080731758367546,"standard_error":0.0029427370469659775},"median":{"confidence_interval":{"confidence_level":0.95,"lower_bound":-0.009712674661464527,"upper_bound":-0.003176166277883641},"point_estimate":-0.006164707860989216,"standard_error":0.00171894816336381}}