{"mean":{"confidence_interval":{"confidence_level":0.95,"lower_bound":-0.003560542749244921,"upper_bound":0.00943351381688102},"point_estimate":0.002153393864748665,"standard_error":0.0032751841188129534},"median":{"confidence_interval":{"confidence_level":0.95,"lower_bound":-0.005370065631580712,"upper_bound":-0.0012319477387540134},"point_estimate":-0.0034794169670253616,"standard_error":0.0010342141931894099}}