{"mean":{"confidence_interval":{"confidence_level":0.95,"lower_bound":-0.0014209965369560104,"upper_bound":0.010805715784385517},"point_estimate":0.004876504425135986,"standard_error":0.0030866481948058602},"median":{"confidence_interval":{"confidence_level":0.95,"lower_bound":0.0018662913409792647,"upper_bound":0.009686484253797367},"point_estimate":0.005704117786335727,"standard_error":0.001917771531465029}}