{"mean":{"confidence_interval":{"confidence_level":0.95,"lower_bound":-0.01606558080111042,"upper_bound":-0.007790486665883445},"point_estimate":-0.011814693144632349,"standard_error":0.0021134401598769757},"median":{"confidence_interval":{"confidence_level":0.95,"lower_bound":-0.01701266840568494,"upper_bound":-0.0028882197317928737},"point_estimate":-0.006967391337080797,"standard_error":0.0035554370625543526}}