{"mean":{"confidence_interval":{"confidence_level":0.95,"lower_bound":-0.03897313550378401,"upper_bound":0.002330736683882494},"point_estimate":-0.01631916021553914,"standard_error":0.01070454816508772},"median":{"confidence_interval":{"confidence_level":0.95,"lower_bound":0.003234165149931023,"upper_bound":0.009246842584302417},"point_estimate":0.005893261795241633,"standard_error":0.0014904654298668666}}