{"mean":{"confidence_interval":{"confidence_level":0.95,"lower_bound":-0.02303959886821425,"upper_bound":-0.010455346381980202},"point_estimate":-0.016936144483360782,"standard_error":0.003240528808070027},"median":{"confidence_interval":{"confidence_level":0.95,"lower_bound":-0.02305253938687557,"upper_bound":-0.015006260373297109},"point_estimate":-0.01877349177757226,"standard_error":0.0019668896679105865}}