{"mean":{"confidence_interval":{"confidence_level":0.95,"lower_bound":-0.012188998369042858,"upper_bound":0.0056069135593693024},"point_estimate":-0.002401357791691927,"standard_error":0.004594873864154878},"median":{"confidence_interval":{"confidence_level":0.95,"lower_bound":0.0025287151343431624,"upper_bound":0.007844625921784587},"point_estimate":0.005591684963100363,"standard_error":0.0012803808218237818}}