{"mean":{"confidence_interval":{"confidence_level":0.95,"lower_bound":0.02026811516648448,"upper_bound":0.029631891469676576},"point_estimate":0.02485259064181955,"standard_error":0.002454902303921891},"median":{"confidence_interval":{"confidence_level":0.95,"lower_bound":0.019944428906087275,"upper_bound":0.027225853809702327},"point_estimate":0.024108243586296707,"standard_error":0.0018177197475238412}}