{"mean":{"confidence_interval":{"confidence_level":0.95,"lower_bound":-0.00717271886099935,"upper_bound":0.023469917230657604},"point_estimate":0.006749274840475161,"standard_error":0.007702498148457434},"median":{"confidence_interval":{"confidence_level":0.95,"lower_bound":-0.012879338808172824,"upper_bound":-0.0070858577054775385},"point_estimate":-0.010594794080048597,"standard_error":0.001495343296029545}}