{"mean":{"confidence_interval":{"confidence_level":0.95,"lower_bound":-0.006715087651530949,"upper_bound":0.012636922377065977},"point_estimate":0.0011282291055552118,"standard_error":0.004655654172948333},"median":{"confidence_interval":{"confidence_level":0.95,"lower_bound":-0.009138640752843097,"upper_bound":-0.0041213278353207095},"point_estimate":-0.0068551403221965845,"standard_error":0.0013972380072588496}}