{"mean":{"confidence_interval":{"confidence_level":0.95,"lower_bound":-0.011634551998601417,"upper_bound":-0.004235759626937389},"point_estimate":-0.007918176089992124,"standard_error":0.001882774793975499},"median":{"confidence_interval":{"confidence_level":0.95,"lower_bound":-0.01109574637646693,"upper_bound":-0.005389311447055123},"point_estimate":-0.008531453922711374,"standard_error":0.0015082559570861246}}