{"mean":{"confidence_interval":{"confidence_level":0.95,"lower_bound":-0.016596443161527863,"upper_bound":0.012366991398143661},"point_estimate":-0.0005869753495080232,"standard_error":0.007470324729489882},"median":{"confidence_interval":{"confidence_level":0.95,"lower_bound":0.002646487037047729,"upper_bound":0.008322792541937796},"point_estimate":0.005033802976241786,"standard_error":0.0015308285594702405}}