{"mean":{"confidence_interval":{"confidence_level":0.95,"lower_bound":-0.00997746777389534,"upper_bound":0.0024819548090924126},"point_estimate":-0.002795269032871639,"standard_error":0.0032385535225685686},"median":{"confidence_interval":{"confidence_level":0.95,"lower_bound":-0.005969895564192029,"upper_bound":0.003926236404713235},"point_estimate":-0.0005533933555087467,"standard_error":0.0024008687802857536}}