{"mean":{"confidence_interval":{"confidence_level":0.95,"lower_bound":-0.00786983597596358,"upper_bound":0.017092779007030146},"point_estimate":0.0029686495401604063,"standard_error":0.006230084419521391},"median":{"confidence_interval":{"confidence_level":0.95,"lower_bound":-0.0038414204962010645,"upper_bound":0.006681098869673718},"point_estimate":0.0026551445854736677,"standard_error":0.003728167214969776}}