{"mean":{"confidence_interval":{"confidence_level":0.95,"lower_bound":0.004196411445202564,"upper_bound":0.010390126815818046},"point_estimate":0.006935897108223177,"standard_error":0.0015933284909529404},"median":{"confidence_interval":{"confidence_level":0.95,"lower_bound":0.00332030615617529,"upper_bound":0.00899861627642351},"point_estimate":0.00646188396344427,"standard_error":0.0014845758051447691}}