{"mean":{"confidence_interval":{"confidence_level":0.95,"lower_bound":-0.014093873367456378,"upper_bound":0.006406695526583348},"point_estimate":-0.0026171837284814092,"standard_error":0.005261717137764533},"median":{"confidence_interval":{"confidence_level":0.95,"lower_bound":-0.0050703116147743366,"upper_bound":0.004174303682027425},"point_estimate":-0.0010777370311010337,"standard_error":0.0022544051807245314}}