{"mean":{"confidence_interval":{"confidence_level":0.95,"lower_bound":-0.006560766277872001,"upper_bound":0.008511026162822033},"point_estimate":0.0002781029491771836,"standard_error":0.004063618908199918},"median":{"confidence_interval":{"confidence_level":0.95,"lower_bound":-0.005586272502895007,"upper_bound":0.0005067452714919707},"point_estimate":-0.0024762022318102206,"standard_error":0.0016991391976949235}}