{"mean":{"confidence_interval":{"confidence_level":0.95,"lower_bound":12413233.262642859,"upper_bound":12542531.344571425},"point_estimate":12469192.905714285,"standard_error":33287.53516868151},"median":{"confidence_interval":{"confidence_level":0.95,"lower_bound":12386388.92857143,"upper_bound":12412817.785714285},"point_estimate":12405025.214285715,"standard_error":7783.836072980171},"median_abs_dev":{"confidence_interval":{"confidence_level":0.95,"lower_bound":30261.030362758924,"upper_bound":82406.61303698878},"point_estimate":52576.17206658616,"standard_error":13741.722443099137},"slope":null,"std_dev":{"confidence_interval":{"confidence_level":0.95,"lower_bound":65219.885007016586,"upper_bound":351276.19085907924},"point_estimate":237216.0787730873,"standard_error":71802.47156062798}}