{"mean":{"confidence_interval":{"confidence_level":0.95,"lower_bound":93252259.64,"upper_bound":94020479.4815},"point_estimate":93588954.88,"standard_error":198125.64344783567},"median":{"confidence_interval":{"confidence_level":0.95,"lower_bound":93057682.0,"upper_bound":93330494.0},"point_estimate":93193704.0,"standard_error":68182.91665309969},"median_abs_dev":{"confidence_interval":{"confidence_level":0.95,"lower_bound":220553.05468440056,"upper_bound":496782.92748034},"point_estimate":301339.18595016,"standard_error":71124.20800221873},"slope":null,"std_dev":{"confidence_interval":{"confidence_level":0.95,"lower_bound":440980.9755399332,"upper_bound":2050064.4439632741},"point_estimate":1414425.4473175802,"standard_error":397878.4454513635}}