{"mean":{"confidence_interval":{"confidence_level":0.95,"lower_bound":62019735.7475,"upper_bound":62107820.521},"point_estimate":62062556.41,"standard_error":22499.410004672125},"median":{"confidence_interval":{"confidence_level":0.95,"lower_bound":61968472.0,"upper_bound":62088420.0},"point_estimate":62003061.75,"standard_error":32389.81086419927},"median_abs_dev":{"confidence_interval":{"confidence_level":0.95,"lower_bound":85425.55723339319,"upper_bound":208656.30184561014},"point_estimate":133659.35282707214,"standard_error":31142.443632240327},"slope":null,"std_dev":{"confidence_interval":{"confidence_level":0.95,"lower_bound":124819.00428651806,"upper_bound":190931.77649182105},"point_estimate":160324.54909233365,"standard_error":16879.022841317117}}