{"mean":{"confidence_interval":{"confidence_level":0.95,"lower_bound":62054327.38222221,"upper_bound":63075916.5886111},"point_estimate":62467748.988888875,"standard_error":267603.9595208614},"median":{"confidence_interval":{"confidence_level":0.95,"lower_bound":61959795.0,"upper_bound":62085791.0},"point_estimate":61996719.333333336,"standard_error":31302.695346881115},"median_abs_dev":{"confidence_interval":{"confidence_level":0.95,"lower_bound":59303.010547164784,"upper_bound":261510.67585475976},"point_estimate":112229.11150754051,"standard_error":55572.9730963065},"slope":null,"std_dev":{"confidence_interval":{"confidence_level":0.95,"lower_bound":228236.59865615133,"upper_bound":2337573.8978493917},"point_estimate":1490093.5929743496,"standard_error":594692.7429840956}}