{"mean":{"confidence_interval":{"confidence_level":0.95,"lower_bound":92982198.58150001,"upper_bound":93103364.29650001},"point_estimate":93040930.3,"standard_error":30991.600002298994},"median":{"confidence_interval":{"confidence_level":0.95,"lower_bound":92916486.5,"upper_bound":93120918.0},"point_estimate":92968874.5,"standard_error":60218.64759189812},"median_abs_dev":{"confidence_interval":{"confidence_level":0.95,"lower_bound":146328.16960215569,"upper_bound":328067.4982756376},"point_estimate":222490.81284999847,"standard_error":45621.27052775857},"slope":null,"std_dev":{"confidence_interval":{"confidence_level":0.95,"lower_bound":177592.87484269493,"upper_bound":254530.44832555862},"point_estimate":220370.7657234989,"standard_error":19741.207227431038}}