{"mean":{"confidence_interval":{"confidence_level":0.95,"lower_bound":62059407.36277779,"upper_bound":63119744.685833335},"point_estimate":62476738.13333334,"standard_error":283165.01126744907},"median":{"confidence_interval":{"confidence_level":0.95,"lower_bound":61966923.83333333,"upper_bound":62099202.666666664},"point_estimate":62051780.33333333,"standard_error":28945.79959296414},"median_abs_dev":{"confidence_interval":{"confidence_level":0.95,"lower_bound":61755.230903618125,"upper_bound":219780.1258981136},"point_estimate":162816.4110094217,"standard_error":39158.03687324141},"slope":null,"std_dev":{"confidence_interval":{"confidence_level":0.95,"lower_bound":171545.1173452266,"upper_bound":2541672.6167309987},"point_estimate":1589139.720331114,"standard_error":701925.9947289897}}