{"mean":{"confidence_interval":{"confidence_level":0.95,"lower_bound":93092216.9345,"upper_bound":93895454.6385},"point_estimate":93442444.14,"standard_error":208176.12374856352},"median":{"confidence_interval":{"confidence_level":0.95,"lower_bound":92946811.5,"upper_bound":93096456.5},"point_estimate":93027580.5,"standard_error":36422.01451305095},"median_abs_dev":{"confidence_interval":{"confidence_level":0.95,"lower_bound":147575.53655751052,"upper_bound":326814.7012978792},"point_estimate":228954.20743525028,"standard_error":46616.19149678719},"slope":null,"std_dev":{"confidence_interval":{"confidence_level":0.95,"lower_bound":375713.9315275668,"upper_bound":2195349.449260841},"point_estimate":1478663.266315056,"standard_error":453953.26962155657}}