{"mean":{"confidence_interval":{"confidence_level":0.95,"lower_bound":93947093.073,"upper_bound":95386524.661},"point_estimate":94529388.96,"standard_error":377821.3540161376},"median":{"confidence_interval":{"confidence_level":0.95,"lower_bound":93651425.0,"upper_bound":94053643.5},"point_estimate":93851040.5,"standard_error":109747.29923582963},"median_abs_dev":{"confidence_interval":{"confidence_level":0.95,"lower_bound":359829.23751175404,"upper_bound":846090.1529788971},"point_estimate":597555.2476912737,"standard_error":125692.15764063227},"slope":null,"std_dev":{"confidence_interval":{"confidence_level":0.95,"lower_bound":653858.4815296195,"upper_bound":4308302.168001435},"point_estimate":2693880.7418002766,"standard_error":1077576.3736084667}}