{"mean":{"confidence_interval":{"confidence_level":0.95,"lower_bound":0.02668355804345021,"upper_bound":0.18573522718056268},"point_estimate":0.09634390057739384,"standard_error":0.041381664206793796},"median":{"confidence_interval":{"confidence_level":0.95,"lower_bound":0.008036586549331481,"upper_bound":0.14800378196464248},"point_estimate":0.053620490998824044,"standard_error":0.029135933721338478}}