{"mean":{"confidence_interval":{"confidence_level":0.95,"lower_bound":-0.0041954839536762914,"upper_bound":0.011583587436117527},"point_estimate":0.0032124528023038668,"standard_error":0.004239700616764893},"median":{"confidence_interval":{"confidence_level":0.95,"lower_bound":-0.006200158312616444,"upper_bound":0.0018653567109836455},"point_estimate":-0.0012780236420194546,"standard_error":0.0019070279265788323}}