{"mean":{"confidence_interval":{"confidence_level":0.95,"lower_bound":-0.014225498264344034,"upper_bound":0.004388074157864974},"point_estimate":-0.00405577697416637,"standard_error":0.00477201402131589},"median":{"confidence_interval":{"confidence_level":0.95,"lower_bound":-0.0077798781062146105,"upper_bound":0.003473997817113661},"point_estimate":-0.0012657168645811012,"standard_error":0.002968679401455521}}