{"mean":{"confidence_interval":{"confidence_level":0.95,"lower_bound":0.007619029857109938,"upper_bound":0.010996253002661953},"point_estimate":0.009294848993604665,"standard_error":0.0008664688454772986},"median":{"confidence_interval":{"confidence_level":0.95,"lower_bound":0.007614042162944701,"upper_bound":0.010839007084206154},"point_estimate":0.008983366635454626,"standard_error":0.0009195282976711808}}