{"mean":{"confidence_interval":{"confidence_level":0.95,"lower_bound":-0.006551218718555262,"upper_bound":0.007021772539585332},"point_estimate":-0.00036697342339420125,"standard_error":0.0034802269896058876},"median":{"confidence_interval":{"confidence_level":0.95,"lower_bound":-0.007898890347605603,"upper_bound":0.006781097983985074},"point_estimate":-0.005240639860940699,"standard_error":0.002794484495979891}}