{"mean":{"confidence_interval":{"confidence_level":0.95,"lower_bound":-0.1769009881160848,"upper_bound":-0.04840298629841157},"point_estimate":-0.10741930022041135,"standard_error":0.03373357405032115},"median":{"confidence_interval":{"confidence_level":0.95,"lower_bound":-0.15054375037051948,"upper_bound":-0.03694346486154765},"point_estimate":-0.06377418869732399,"standard_error":0.02330816618407843}}