{"mean":{"confidence_interval":{"confidence_level":0.95,"lower_bound":-0.01826620918415553,"upper_bound":-0.0011149229300686514},"point_estimate":-0.008616442152285742,"standard_error":0.004426803289458881},"median":{"confidence_interval":{"confidence_level":0.95,"lower_bound":-0.0019442940830596278,"upper_bound":0.001987337885695384},"point_estimate":0.0000837719254551672,"standard_error":0.00100769351385228}}