{"mean":{"confidence_interval":{"confidence_level":0.95,"lower_bound":0.005772206943392239,"upper_bound":0.03184776776867228},"point_estimate":0.018886522501693426,"standard_error":0.006628975839407685},"median":{"confidence_interval":{"confidence_level":0.95,"lower_bound":0.002105152920877318,"upper_bound":0.04128214391328777},"point_estimate":0.012993124093866326,"standard_error":0.012331376415901346}}