{"mean":{"confidence_interval":{"confidence_level":0.95,"lower_bound":-0.00047675624708765074,"upper_bound":0.015000974641871112},"point_estimate":0.006611083468620382,"standard_error":0.003979582978879002},"median":{"confidence_interval":{"confidence_level":0.95,"lower_bound":-0.001990499918134603,"upper_bound":0.0059488220202070785},"point_estimate":0.0012309339945955067,"standard_error":0.0022732580326574685}}