{"mean":{"confidence_interval":{"confidence_level":0.95,"lower_bound":-0.01351548654465365,"upper_bound":0.0011706647014158023},"point_estimate":-0.0054483582858783075,"standard_error":0.0038015378924738737},"median":{"confidence_interval":{"confidence_level":0.95,"lower_bound":-0.01224979054814912,"upper_bound":0.002863258527159518},"point_estimate":-0.0003266317774345273,"standard_error":0.0033176100600234393}}