{"mean":{"confidence_interval":{"confidence_level":0.95,"lower_bound":0.11511627626305752,"upper_bound":0.47466542057373023},"point_estimate":0.2900495163625212,"standard_error":0.08926654662114153},"median":{"confidence_interval":{"confidence_level":0.95,"lower_bound":0.03225109068263676,"upper_bound":0.604872017977002},"point_estimate":0.21074954528490708,"standard_error":0.17105442991687717}}