{"mean":{"confidence_interval":{"confidence_level":0.95,"lower_bound":-0.32298321628604915,"upper_bound":-0.12473573487970592},"point_estimate":-0.23283817316082345,"standard_error":0.05096783944131197},"median":{"confidence_interval":{"confidence_level":0.95,"lower_bound":-0.3611071967491366,"upper_bound":-0.04265079700591534},"point_estimate":-0.18230812591145884,"standard_error":0.10492173399833431}}