{"mean":{"confidence_interval":{"confidence_level":0.95,"lower_bound":4853447.622659803,"upper_bound":5741084.103300137},"point_estimate":5224771.565579312,"standard_error":233000.28952590324},"median":{"confidence_interval":{"confidence_level":0.95,"lower_bound":4796811.854166667,"upper_bound":4916666.575},"point_estimate":4840158.847222222,"standard_error":33809.869927579944},"median_abs_dev":{"confidence_interval":{"confidence_level":0.95,"lower_bound":31967.213178302158,"upper_bound":246797.22398847368},"point_estimate":78277.266176967,"standard_error":60133.322579224085},"slope":{"confidence_interval":{"confidence_level":0.95,"lower_bound":4882105.001408586,"upper_bound":6468995.037930044},"point_estimate":5608690.062195122,"standard_error":413338.0281827512},"std_dev":{"confidence_interval":{"confidence_level":0.95,"lower_bound":138587.27723618713,"upper_bound":1593124.953088494},"point_estimate":1071222.6669274347,"standard_error":393583.04013532854}}