{"mean":{"confidence_interval":{"confidence_level":0.95,"lower_bound":14990365.606,"upper_bound":15155769.80283333},"point_estimate":15064241.256666666,"standard_error":42466.349044260525},"median":{"confidence_interval":{"confidence_level":0.95,"lower_bound":14951097.416666668,"upper_bound":15016771.25},"point_estimate":14990605.083333332,"standard_error":18277.837116829884},"median_abs_dev":{"confidence_interval":{"confidence_level":0.95,"lower_bound":72693.78555692844,"upper_bound":159681.45336508797},"point_estimate":121229.72884774023,"standard_error":22659.08373622585},"slope":null,"std_dev":{"confidence_interval":{"confidence_level":0.95,"lower_bound":141063.27577603768,"upper_bound":426505.6279075193},"point_estimate":304065.94385899755,"standard_error":72826.06858327931}}