{"mean":{"confidence_interval":{"confidence_level":0.95,"lower_bound":15261421.96975,"upper_bound":15419415.99991667},"point_estimate":15339210.969999997,"standard_error":40247.48476332146},"median":{"confidence_interval":{"confidence_level":0.95,"lower_bound":15276493.916666666,"upper_bound":15399864.833333334},"point_estimate":15362337.416666668,"standard_error":31197.569706702},"median_abs_dev":{"confidence_interval":{"confidence_level":0.95,"lower_bound":127292.32724010944,"upper_bound":381507.3139493917},"point_estimate":270940.94448983716,"standard_error":60106.4972628577},"slope":null,"std_dev":{"confidence_interval":{"confidence_level":0.95,"lower_bound":221847.41167732675,"upper_bound":344005.6013914096},"point_estimate":287603.95295015344,"standard_error":31280.885430072136}}