{"mean":{"confidence_interval":{"confidence_level":0.95,"lower_bound":15418404.583999997,"upper_bound":15519791.775583332},"point_estimate":15466561.996666664,"standard_error":25855.23051712974},"median":{"confidence_interval":{"confidence_level":0.95,"lower_bound":15377457.5,"upper_bound":15441753.333333332},"point_estimate":15405942.583333332,"standard_error":17544.023208696766},"median_abs_dev":{"confidence_interval":{"confidence_level":0.95,"lower_bound":64995.4531460982,"upper_bound":151644.52600777242},"point_estimate":93082.07414746284,"standard_error":22357.00421749586},"slope":null,"std_dev":{"confidence_interval":{"confidence_level":0.95,"lower_bound":129004.64157549443,"upper_bound":227723.73628171743},"point_estimate":184662.46696152663,"standard_error":25170.055199135044}}