{"mean":{"confidence_interval":{"confidence_level":0.95,"lower_bound":15517047.33783333,"upper_bound":15715958.770833334},"point_estimate":15615065.943333337,"standard_error":50649.46649805131},"median":{"confidence_interval":{"confidence_level":0.95,"lower_bound":15468833.0,"upper_bound":15709955.666666668},"point_estimate":15588068.666666666,"standard_error":58367.95598678184},"median_abs_dev":{"confidence_interval":{"confidence_level":0.95,"lower_bound":215783.03636908715,"upper_bound":440740.8955752854},"point_estimate":313646.74253165815,"standard_error":57820.36416447496},"slope":null,"std_dev":{"confidence_interval":{"confidence_level":0.95,"lower_bound":279687.08076864446,"upper_bound":427379.4244357995},"point_estimate":359251.7116327282,"standard_error":37929.22988794486}}