{"mean":{"confidence_interval":{"confidence_level":0.95,"lower_bound":14989591.41016667,"upper_bound":15100591.032250002},"point_estimate":15040799.263333332,"standard_error":28420.174954253027},"median":{"confidence_interval":{"confidence_level":0.95,"lower_bound":14949078.0,"upper_bound":15001813.833333332},"point_estimate":14974425.25,"standard_error":15180.34268615119},"median_abs_dev":{"confidence_interval":{"confidence_level":0.95,"lower_bound":54536.57518178409,"upper_bound":130109.51429009622},"point_estimate":89286.00046485616,"standard_error":20365.33963508624},"slope":null,"std_dev":{"confidence_interval":{"confidence_level":0.95,"lower_bound":121677.37211747066,"upper_bound":262498.99144727417},"point_estimate":202194.67155442346,"standard_error":35917.971945497}}