{"mean":{"confidence_interval":{"confidence_level":0.95,"lower_bound":-0.004080571770858095,"upper_bound":0.0110190716797531},"point_estimate":0.002107906509513535,"standard_error":0.0037359075097027775},"median":{"confidence_interval":{"confidence_level":0.95,"lower_bound":-0.0063999916589705386,"upper_bound":0.006863744321293774},"point_estimate":-0.0004456804803490977,"standard_error":0.003533883679078302}}