{"mean":{"confidence_interval":{"confidence_level":0.95,"lower_bound":-0.029804424297476175,"upper_bound":-0.014890583200118991},"point_estimate":-0.022500209424697548,"standard_error":0.0038059271743919963},"median":{"confidence_interval":{"confidence_level":0.95,"lower_bound":-0.032934690948371426,"upper_bound":-0.013582095352831836},"point_estimate":-0.026387116159680812,"standard_error":0.005059131432787745}}