{"mean":{"confidence_interval":{"confidence_level":0.95,"lower_bound":-0.009250560591780766,"upper_bound":0.004773993303573971},"point_estimate":-0.0016302593259859277,"standard_error":0.0035700300509741286},"median":{"confidence_interval":{"confidence_level":0.95,"lower_bound":-0.006171336236642899,"upper_bound":0.003000968533201309},"point_estimate":9.218930685506166e-7,"standard_error":0.002490076162912455}}