{"mean":{"confidence_interval":{"confidence_level":0.95,"lower_bound":0.10327192647934877,"upper_bound":0.12611100143212972},"point_estimate":0.11429904793206269,"standard_error":0.0058255356654681395},"median":{"confidence_interval":{"confidence_level":0.95,"lower_bound":0.1036420477869453,"upper_bound":0.12846648991560872},"point_estimate":0.11626925603705662,"standard_error":0.0059403347300301616}}