{"mean":{"confidence_interval":{"confidence_level":0.95,"lower_bound":-0.24042329178517252,"upper_bound":-0.223556804847502},"point_estimate":-0.23215102879833804,"standard_error":0.004317491729426606},"median":{"confidence_interval":{"confidence_level":0.95,"lower_bound":-0.2425706747584544,"upper_bound":-0.22382158817340347},"point_estimate":-0.23184450668297552,"standard_error":0.0048708431278138755}}