{"mean":{"confidence_interval":{"confidence_level":0.95,"lower_bound":-0.9707115469570752,"upper_bound":-0.9704990759736272},"point_estimate":-0.9706168667073697,"standard_error":0.000053980258023856385},"median":{"confidence_interval":{"confidence_level":0.95,"lower_bound":-0.9706835992841852,"upper_bound":-0.9705246328720349},"point_estimate":-0.9706204997101503,"standard_error":0.000035089025698234125}}