{"mean":{"confidence_interval":{"confidence_level":0.95,"lower_bound":-0.006731008585781988,"upper_bound":0.00701105544255487},"point_estimate":-0.00042331105544812786,"standard_error":0.0034704382928287445},"median":{"confidence_interval":{"confidence_level":0.95,"lower_bound":-0.005188253214732708,"upper_bound":0.001732134125626894},"point_estimate":-0.002559390162695574,"standard_error":0.0018741824172449344}}