{"mean":{"confidence_interval":{"confidence_level":0.95,"lower_bound":-0.006094395798984964,"upper_bound":0.002808648105934917},"point_estimate":-0.0015030626221833598,"standard_error":0.002270990631177735},"median":{"confidence_interval":{"confidence_level":0.95,"lower_bound":-0.007240965849605319,"upper_bound":0.005272911770307198},"point_estimate":0.0004875916986692985,"standard_error":0.003212844026394379}}