{"mean":{"confidence_interval":{"confidence_level":0.95,"lower_bound":-0.00045875397339827095,"upper_bound":0.010454270422240786},"point_estimate":0.005067179392828525,"standard_error":0.0028051805463116418},"median":{"confidence_interval":{"confidence_level":0.95,"lower_bound":-0.0008321656680650991,"upper_bound":0.012860139974839147},"point_estimate":0.005321177272954891,"standard_error":0.003064229020091556}}