{"mean":{"confidence_interval":{"confidence_level":0.95,"lower_bound":-0.0034254417601010667,"upper_bound":0.0043646394439876765},"point_estimate":0.0003334325248132153,"standard_error":0.0019793273134677473},"median":{"confidence_interval":{"confidence_level":0.95,"lower_bound":-0.0033044203703089803,"upper_bound":0.0012501094221655856},"point_estimate":-0.00125554089216795,"standard_error":0.0011340090673594126}}