{"mean":{"confidence_interval":{"confidence_level":0.95,"lower_bound":0.00845599648144324,"upper_bound":0.022673047044910077},"point_estimate":0.0155498823157727,"standard_error":0.0035875603780743657},"median":{"confidence_interval":{"confidence_level":0.95,"lower_bound":0.014090050602615145,"upper_bound":0.021181289229526223},"point_estimate":0.016480903106396383,"standard_error":0.001844621839667228}}