{"mean":{"confidence_interval":{"confidence_level":0.95,"lower_bound":0.00350768914886151,"upper_bound":0.023615962487110183},"point_estimate":0.012175397002055277,"standard_error":0.005102317566193425},"median":{"confidence_interval":{"confidence_level":0.95,"lower_bound":-0.0011634704286531683,"upper_bound":0.004845903024080611},"point_estimate":0.0014626610883523572,"standard_error":0.001652831108785387}}