{"mean":{"confidence_interval":{"confidence_level":0.95,"lower_bound":-0.025180079488163663,"upper_bound":-0.0034624444520592323},"point_estimate":-0.013688960315850873,"standard_error":0.005539013412761002},"median":{"confidence_interval":{"confidence_level":0.95,"lower_bound":-0.008677520499265623,"upper_bound":-0.002867551135344537},"point_estimate":-0.0049863293892443705,"standard_error":0.0016770021241465944}}