{"mean":{"confidence_interval":{"confidence_level":0.95,"lower_bound":0.012380575988750309,"upper_bound":0.022541143027018422},"point_estimate":0.016462054447467622,"standard_error":0.0025176590363553664},"median":{"confidence_interval":{"confidence_level":0.95,"lower_bound":0.011863104573650807,"upper_bound":0.019085435034791765},"point_estimate":0.01593786755504567,"standard_error":0.0018246505589918495}}