{"mean":{"confidence_interval":{"confidence_level":0.95,"lower_bound":-0.009803734841558732,"upper_bound":0.006508496053606227},"point_estimate":-0.0010152373909421142,"standard_error":0.0041420086623750315},"median":{"confidence_interval":{"confidence_level":0.95,"lower_bound":-0.0036278477803397546,"upper_bound":0.0014611516891747112},"point_estimate":-0.0009208529012679767,"standard_error":0.0012795959586640868}}