{"mean":{"confidence_interval":{"confidence_level":0.95,"lower_bound":-0.0003562213241180556,"upper_bound":0.005408829547428001},"point_estimate":0.002614306030566782,"standard_error":0.001466767243899115},"median":{"confidence_interval":{"confidence_level":0.95,"lower_bound":-0.0005928094139909801,"upper_bound":0.005354756743312983},"point_estimate":0.002342217807942637,"standard_error":0.0014952560649632131}}