{"mean":{"confidence_interval":{"confidence_level":0.95,"lower_bound":-0.006727911783422097,"upper_bound":0.015352240105152015},"point_estimate":0.0049194245250372415,"standard_error":0.005639354780881314},"median":{"confidence_interval":{"confidence_level":0.95,"lower_bound":-0.007817470025725859,"upper_bound":-0.00005479115628137521},"point_estimate":-0.0031047621012041393,"standard_error":0.001999181222128433}}