{"mean":{"confidence_interval":{"confidence_level":0.95,"lower_bound":0.01179222520621237,"upper_bound":0.03077344317342643},"point_estimate":0.019610616342656373,"standard_error":0.004771956576200506},"median":{"confidence_interval":{"confidence_level":0.95,"lower_bound":0.010084075087774647,"upper_bound":0.016761859067856877},"point_estimate":0.012141425715066045,"standard_error":0.0018103452988903613}}