{"mean":{"confidence_interval":{"confidence_level":0.95,"lower_bound":-0.03319921131604153,"upper_bound":-0.010363134488309944},"point_estimate":-0.020578178311178585,"standard_error":0.005856198793985701},"median":{"confidence_interval":{"confidence_level":0.95,"lower_bound":-0.012529657324050869,"upper_bound":-0.006877897059125966},"point_estimate":-0.010068180699590479,"standard_error":0.0014079228742083347}}