{"mean":{"confidence_interval":{"confidence_level":0.95,"lower_bound":-0.002843369582149477,"upper_bound":0.004833579333126328},"point_estimate":0.0008238696586231331,"standard_error":0.0019537342005133567},"median":{"confidence_interval":{"confidence_level":0.95,"lower_bound":-0.0012401680288955175,"upper_bound":0.002751463189617942},"point_estimate":0.0005195959321708798,"standard_error":0.0009851925025242702}}