{"mean":{"confidence_interval":{"confidence_level":0.95,"lower_bound":-0.02201770844187767,"upper_bound":-0.008139517263498632},"point_estimate":-0.015783260482983397,"standard_error":0.0035780134951808296},"median":{"confidence_interval":{"confidence_level":0.95,"lower_bound":-0.02456142569316977,"upper_bound":-0.015874123713943145},"point_estimate":-0.01985953603799273,"standard_error":0.0021721651171036304}}