{"mean":{"confidence_interval":{"confidence_level":0.95,"lower_bound":-0.012834050900264016,"upper_bound":0.0019036549410069714},"point_estimate":-0.004775767398296549,"standard_error":0.0037947379455045747},"median":{"confidence_interval":{"confidence_level":0.95,"lower_bound":0.0005366546197111965,"upper_bound":0.006902779843702023},"point_estimate":0.004812485470768291,"standard_error":0.0016978233516491874}}