{"mean":{"confidence_interval":{"confidence_level":0.95,"lower_bound":-0.002040736299734085,"upper_bound":0.004138384549583845},"point_estimate":0.0010287793927965527,"standard_error":0.0015822553023532356},"median":{"confidence_interval":{"confidence_level":0.95,"lower_bound":-0.0031896955937200655,"upper_bound":0.005399256984519152},"point_estimate":0.0008725639879749725,"standard_error":0.002090203152257427}}