{"mean":{"confidence_interval":{"confidence_level":0.95,"lower_bound":0.012148012661940877,"upper_bound":0.019646169661396748},"point_estimate":0.01592594017806026,"standard_error":0.0019141943661375692},"median":{"confidence_interval":{"confidence_level":0.95,"lower_bound":0.011512531961135108,"upper_bound":0.02029028559459567},"point_estimate":0.0155938263901505,"standard_error":0.0021792785970670163}}