{"mean":{"confidence_interval":{"confidence_level":0.95,"lower_bound":-0.00205637332350996,"upper_bound":0.010151823553300666},"point_estimate":0.003656107865639635,"standard_error":0.003017442671835728},"median":{"confidence_interval":{"confidence_level":0.95,"lower_bound":0.0002882658137601801,"upper_bound":0.006499058816653136},"point_estimate":0.003919674332413692,"standard_error":0.0015502341154516855}}