{"mean":{"confidence_interval":{"confidence_level":0.95,"lower_bound":-0.006260974780827294,"upper_bound":0.01265207878859524},"point_estimate":0.002032155277186254,"standard_error":0.0048471739304914415},"median":{"confidence_interval":{"confidence_level":0.95,"lower_bound":-0.01146974743940321,"upper_bound":-0.003797776299891087},"point_estimate":-0.008090168754586013,"standard_error":0.0018169136354640617}}