{"mean":{"confidence_interval":{"confidence_level":0.95,"lower_bound":-0.02474667864307083,"upper_bound":-0.01263425603169488},"point_estimate":-0.01831975136360431,"standard_error":0.0031157394475691304},"median":{"confidence_interval":{"confidence_level":0.95,"lower_bound":-0.01810601144020363,"upper_bound":-0.011366321327473061},"point_estimate":-0.015208839628075954,"standard_error":0.0018016361009107946}}