{"mean":{"confidence_interval":{"confidence_level":0.95,"lower_bound":-0.008427577440760102,"upper_bound":0.001429842577464733},"point_estimate":-0.0034439090954679896,"standard_error":0.0025069704253892827},"median":{"confidence_interval":{"confidence_level":0.95,"lower_bound":-0.004865141217928359,"upper_bound":0.000648916733010374},"point_estimate":-0.0018768840416006904,"standard_error":0.001280724758686885}}