{"mean":{"confidence_interval":{"confidence_level":0.95,"lower_bound":0.010615154065777954,"upper_bound":0.01658869946366407},"point_estimate":0.013665439168282445,"standard_error":0.001523221671220286},"median":{"confidence_interval":{"confidence_level":0.95,"lower_bound":0.011528641654491079,"upper_bound":0.016644151718889555},"point_estimate":0.014130926891265938,"standard_error":0.0012694449930005394}}