{"mean":{"confidence_interval":{"confidence_level":0.95,"lower_bound":-0.017977143200990198,"upper_bound":0.00011854536948973506},"point_estimate":-0.008100820999237812,"standard_error":0.0046411652138060025},"median":{"confidence_interval":{"confidence_level":0.95,"lower_bound":-0.002710191060724676,"upper_bound":0.004423071102114706},"point_estimate":0.0010915646477478447,"standard_error":0.0017162113436230953}}