{"mean":{"confidence_interval":{"confidence_level":0.95,"lower_bound":-0.019085855960020992,"upper_bound":-0.01142071164345615},"point_estimate":-0.015290953463338197,"standard_error":0.001961168178380402},"median":{"confidence_interval":{"confidence_level":0.95,"lower_bound":-0.01944135599286967,"upper_bound":-0.011256754745088138},"point_estimate":-0.014523397190454035,"standard_error":0.002247216979599187}}