{"mean":{"confidence_interval":{"confidence_level":0.95,"lower_bound":-0.00195285863814942,"upper_bound":0.03914128096707235},"point_estimate":0.01417709040603743,"standard_error":0.010325491652305877},"median":{"confidence_interval":{"confidence_level":0.95,"lower_bound":-0.0031077730040817153,"upper_bound":0.0040242120143041404},"point_estimate":-0.0003844863288561262,"standard_error":0.0017715469747707699}}