{"mean":{"confidence_interval":{"confidence_level":0.95,"lower_bound":-0.00444328143685668,"upper_bound":0.0034085568446137133},"point_estimate":-0.0006061997366271221,"standard_error":0.0019915968510061436},"median":{"confidence_interval":{"confidence_level":0.95,"lower_bound":-0.004897277991898652,"upper_bound":0.003201219204200134},"point_estimate":-0.002155412266945822,"standard_error":0.0021702971319923613}}