{"mean":{"confidence_interval":{"confidence_level":0.95,"lower_bound":0.0027208687319381208,"upper_bound":0.013659688344218423},"point_estimate":0.007839497813207252,"standard_error":0.0028205684257614646},"median":{"confidence_interval":{"confidence_level":0.95,"lower_bound":0.0011608215682625822,"upper_bound":0.00705552112349106},"point_estimate":0.004409883743321741,"standard_error":0.001490517474452997}}