{"mean":{"confidence_interval":{"confidence_level":0.95,"lower_bound":0.009645622752047783,"upper_bound":0.03432911611160329},"point_estimate":0.02083248283304462,"standard_error":0.006253369699565587},"median":{"confidence_interval":{"confidence_level":0.95,"lower_bound":0.001263369662445557,"upper_bound":0.010850603183945536},"point_estimate":0.005368738603068968,"standard_error":0.002546309252967756}}