{"mean":{"confidence_interval":{"confidence_level":0.95,"lower_bound":-0.01649160980019012,"upper_bound":0.005650195072185337},"point_estimate":-0.004646324732224039,"standard_error":0.005671365123649705},"median":{"confidence_interval":{"confidence_level":0.95,"lower_bound":-0.0005688423351957184,"upper_bound":0.005367896115018089},"point_estimate":0.002653178555237945,"standard_error":0.001305948564016412}}