{"mean":{"confidence_interval":{"confidence_level":0.95,"lower_bound":-0.020278799097225873,"upper_bound":0.020550477074392285},"point_estimate":0.0034604118832697317,"standard_error":0.010615279715399108},"median":{"confidence_interval":{"confidence_level":0.95,"lower_bound":0.012390269936869869,"upper_bound":0.02075718675123328},"point_estimate":0.017184965897772297,"standard_error":0.002115270259375832}}