{"mean":{"confidence_interval":{"confidence_level":0.95,"lower_bound":-0.0075470859839889244,"upper_bound":0.0165141596223432},"point_estimate":0.0030675072318908647,"standard_error":0.0059592501269960085},"median":{"confidence_interval":{"confidence_level":0.95,"lower_bound":-0.006443916062591134,"upper_bound":-0.00010572678022591209},"point_estimate":-0.0037526511364524007,"standard_error":0.0015939984062146955}}