{"mean":{"confidence_interval":{"confidence_level":0.95,"lower_bound":-0.02958681744224323,"upper_bound":-0.004961496035491881},"point_estimate":-0.016599214788402317,"standard_error":0.006312383036459769},"median":{"confidence_interval":{"confidence_level":0.95,"lower_bound":-0.0062148438147023866,"upper_bound":0.0032717680811003014},"point_estimate":-0.00023391771493541658,"standard_error":0.002474588558330098}}