{"mean":{"confidence_interval":{"confidence_level":0.95,"lower_bound":-0.008135729103223369,"upper_bound":0.005945405973424458},"point_estimate":-0.0006278283823112352,"standard_error":0.0036074049188558706},"median":{"confidence_interval":{"confidence_level":0.95,"lower_bound":-0.005822050440624782,"upper_bound":0.011976463746761201},"point_estimate":-0.0005273153328663183,"standard_error":0.004063419659309932}}