{"mean":{"confidence_interval":{"confidence_level":0.95,"lower_bound":-0.25686320074663704,"upper_bound":0.013489237777989624},"point_estimate":-0.12870868445461114,"standard_error":0.07024400061168652},"median":{"confidence_interval":{"confidence_level":0.95,"lower_bound":-0.2482877380672304,"upper_bound":-0.0032586540619028437},"point_estimate":-0.03929375960980308,"standard_error":0.049211807297058}}