{"mean":{"confidence_interval":{"confidence_level":0.95,"lower_bound":-0.02418722183523425,"upper_bound":-0.0011964701392958843},"point_estimate":-0.011481988228943085,"standard_error":0.005930434073153385},"median":{"confidence_interval":{"confidence_level":0.95,"lower_bound":-0.02672927629589894,"upper_bound":0.00013919649966731562},"point_estimate":-0.002840781598179687,"standard_error":0.0058316541532904415}}