{"mean":{"confidence_interval":{"confidence_level":0.95,"lower_bound":0.004315137399105746,"upper_bound":0.0316887360806006},"point_estimate":0.016638283031444878,"standard_error":0.007142756743854245},"median":{"confidence_interval":{"confidence_level":0.95,"lower_bound":-0.001092248852929134,"upper_bound":0.047103650204399106},"point_estimate":0.0059884034911197315,"standard_error":0.012651605188911225}}