{"mean":{"confidence_interval":{"confidence_level":0.95,"lower_bound":0.03341643110147217,"upper_bound":0.3710656117264058},"point_estimate":0.18134144964787646,"standard_error":0.08538512127171077},"median":{"confidence_interval":{"confidence_level":0.95,"lower_bound":0.006954732888895254,"upper_bound":0.15690081589438232},"point_estimate":0.049619750918196814,"standard_error":0.0650237530602437}}