{"mean":{"confidence_interval":{"confidence_level":0.95,"lower_bound":-0.009637460696575683,"upper_bound":0.009927391586073836},"point_estimate":-0.00039038330167362467,"standard_error":0.00500681285204111},"median":{"confidence_interval":{"confidence_level":0.95,"lower_bound":-0.0167663465584178,"upper_bound":0.0023385932259736286},"point_estimate":-0.004480754422459654,"standard_error":0.004112460866849633}}