{"mean":{"confidence_interval":{"confidence_level":0.95,"lower_bound":-0.006850976502589812,"upper_bound":0.024027634240548584},"point_estimate":0.008880292862359696,"standard_error":0.007869104176483689},"median":{"confidence_interval":{"confidence_level":0.95,"lower_bound":-0.0013679021837535998,"upper_bound":0.02793723458649855},"point_estimate":0.006183942570989309,"standard_error":0.005963051834596418}}