{"mean":{"confidence_interval":{"confidence_level":0.95,"lower_bound":-0.44240523277626226,"upper_bound":-0.21061300744300426},"point_estimate":-0.3354390854090342,"standard_error":0.05986791966648031},"median":{"confidence_interval":{"confidence_level":0.95,"lower_bound":-0.42494898711098794,"upper_bound":-0.14360328335602213},"point_estimate":-0.29511008291140517,"standard_error":0.07166110557376816}}