{"mean":{"confidence_interval":{"confidence_level":0.95,"lower_bound":0.0039032367500163316,"upper_bound":0.014024325346392752},"point_estimate":0.007996037065607364,"standard_error":0.002675758016643084},"median":{"confidence_interval":{"confidence_level":0.95,"lower_bound":0.002034584018379304,"upper_bound":0.009285881533482865},"point_estimate":0.004830654000128387,"standard_error":0.0018757295637168402}}