{"mean":{"confidence_interval":{"confidence_level":0.95,"lower_bound":0.20128897911666302,"upper_bound":0.7193102894219614},"point_estimate":0.4262831676167014,"standard_error":0.13661030349479092},"median":{"confidence_interval":{"confidence_level":0.95,"lower_bound":0.1328695515470475,"upper_bound":0.734123829380942},"point_estimate":0.3853270430958007,"standard_error":0.14968034632318528}}