{"mean":{"confidence_interval":{"confidence_level":0.95,"lower_bound":-0.0018320534197935766,"upper_bound":0.002840452453544762},"point_estimate":0.0006567193921263037,"standard_error":0.0011927906179068244},"median":{"confidence_interval":{"confidence_level":0.95,"lower_bound":0.000563230585726826,"upper_bound":0.004493837725799477},"point_estimate":0.0026033655063408823,"standard_error":0.0010836791433263986}}