{"mean":{"confidence_interval":{"confidence_level":0.95,"lower_bound":393278.71601602505,"upper_bound":396048.9790634701},"point_estimate":394523.7500991612,"standard_error":709.9719210681062},"median":{"confidence_interval":{"confidence_level":0.95,"lower_bound":392583.9786398467,"upper_bound":393748.1117021277},"point_estimate":393089.8713662791,"standard_error":306.1351620871489},"median_abs_dev":{"confidence_interval":{"confidence_level":0.95,"lower_bound":1159.939888156985,"upper_bound":2378.694907427602},"point_estimate":1743.0570669893416,"standard_error":304.73996453466776},"slope":{"confidence_interval":{"confidence_level":0.95,"lower_bound":393652.9250471245,"upper_bound":399325.0533400338},"point_estimate":396319.88416424,"standard_error":1466.5676282735506},"std_dev":{"confidence_interval":{"confidence_level":0.95,"lower_bound":2489.3669249433,"upper_bound":7037.326961515523},"point_estimate":5062.455754906943,"standard_error":1161.9453490509309}}