{"mean":{"confidence_interval":{"confidence_level":0.95,"lower_bound":7803099.016727275,"upper_bound":7882725.386318179},"point_estimate":7838136.127272728,"standard_error":20493.868193915907},"median":{"confidence_interval":{"confidence_level":0.95,"lower_bound":7779185.2727272725,"upper_bound":7808001.590909091},"point_estimate":7791776.7272727275,"standard_error":8247.020423910064},"median_abs_dev":{"confidence_interval":{"confidence_level":0.95,"lower_bound":23187.930979240962,"upper_bound":57769.91231983321},"point_estimate":36407.870599085945,"standard_error":9383.046127063822},"slope":null,"std_dev":{"confidence_interval":{"confidence_level":0.95,"lower_bound":56351.5733396033,"upper_bound":215610.60241105763},"point_estimate":146717.88674011384,"standard_error":41172.96638468045}}