{"mean":{"confidence_interval":{"confidence_level":0.95,"lower_bound":7813315.182349999,"upper_bound":7856272.425249998},"point_estimate":7831877.1559999995,"standard_error":11131.507713222678},"median":{"confidence_interval":{"confidence_level":0.95,"lower_bound":7800902.1,"upper_bound":7826549.5},"point_estimate":7816399.95,"standard_error":6710.430133504385},"median_abs_dev":{"confidence_interval":{"confidence_level":0.95,"lower_bound":24456.820905805187,"upper_bound":57346.003291905065},"point_estimate":41713.54329943712,"standard_error":8666.586716709618},"slope":null,"std_dev":{"confidence_interval":{"confidence_level":0.95,"lower_bound":37633.425703604466,"upper_bound":120407.37478614085},"point_estimate":79157.28136072181,"standard_error":25654.32766153171}}