{"mean":{"confidence_interval":{"confidence_level":0.95,"lower_bound":7960921.209600001,"upper_bound":8060431.0321499985},"point_estimate":8009889.301999998,"standard_error":25402.924379226057},"median":{"confidence_interval":{"confidence_level":0.95,"lower_bound":7901798.9,"upper_bound":8068592.1},"point_estimate":7987995.55,"standard_error":41967.62591859208},"median_abs_dev":{"confidence_interval":{"confidence_level":0.95,"lower_bound":135755.8233198521,"upper_bound":266004.67729747185},"point_estimate":213389.05748158653,"standard_error":33291.27295462945},"slope":null,"std_dev":{"confidence_interval":{"confidence_level":0.95,"lower_bound":147637.78838872872,"upper_bound":206413.26846250013},"point_estimate":180539.37456278453,"standard_error":14979.269840102164}}