{"mean":{"confidence_interval":{"confidence_level":0.95,"lower_bound":7818974.4671818195,"upper_bound":7901078.641818183},"point_estimate":7855615.5090909125,"standard_error":21144.90359986347},"median":{"confidence_interval":{"confidence_level":0.95,"lower_bound":7797501.409090909,"upper_bound":7832486.181818182},"point_estimate":7815787.681818182,"standard_error":9330.932138165515},"median_abs_dev":{"confidence_interval":{"confidence_level":0.95,"lower_bound":33001.327595927374,"upper_bound":70411.67333017016},"point_estimate":47442.79481226785,"standard_error":9208.627559739121},"slope":null,"std_dev":{"confidence_interval":{"confidence_level":0.95,"lower_bound":57382.20402885857,"upper_bound":215311.56717392776},"point_estimate":151127.55667042502,"standard_error":39340.45113305919}}