{"mean":{"confidence_interval":{"confidence_level":0.95,"lower_bound":7793964.845863634,"upper_bound":7823346.109772727},"point_estimate":7808235.469090906,"standard_error":7476.270220861026},"median":{"confidence_interval":{"confidence_level":0.95,"lower_bound":7787331.227272727,"upper_bound":7818255.2727272725},"point_estimate":7801098.181818182,"standard_error":7595.367398569489},"median_abs_dev":{"confidence_interval":{"confidence_level":0.95,"lower_bound":32036.357185786797,"upper_bound":67967.43711151872},"point_estimate":49001.34433914321,"standard_error":9523.02964762265},"slope":null,"std_dev":{"confidence_interval":{"confidence_level":0.95,"lower_bound":40235.94031610452,"upper_bound":64563.81037400647},"point_estimate":53302.25421424731,"standard_error":6246.076727570565}}