{"mean":{"confidence_interval":{"confidence_level":0.95,"lower_bound":12361.967569505307,"upper_bound":12771.782864509114},"point_estimate":12535.104401996028,"standard_error":102.9448428976325},"median":{"confidence_interval":{"confidence_level":0.95,"lower_bound":12350.293714090953,"upper_bound":12800.73330777096},"point_estimate":12392.666841816254,"standard_error":93.1061454027696},"median_abs_dev":{"confidence_interval":{"confidence_level":0.95,"lower_bound":13.704264854975511,"upper_bound":542.8145466898037},"point_estimate":64.66965414599176,"standard_error":87.71503120006267},"slope":{"confidence_interval":{"confidence_level":0.95,"lower_bound":12377.620462491443,"upper_bound":12493.471931935077},"point_estimate":12416.219609327278,"standard_error":30.437759462609762},"std_dev":{"confidence_interval":{"confidence_level":0.95,"lower_bound":40.09626766146046,"upper_bound":430.66098571603715},"point_estimate":344.7229487579588,"standard_error":106.24282137618418}}