{"mean":{"confidence_interval":{"confidence_level":0.95,"lower_bound":227190.0919494461,"upper_bound":227757.32045175112},"point_estimate":227461.31869358307,"standard_error":144.64833133979522},"median":{"confidence_interval":{"confidence_level":0.95,"lower_bound":226829.72362637363,"upper_bound":227547.19447657606},"point_estimate":227214.27399267402,"standard_error":173.56557237640078},"median_abs_dev":{"confidence_interval":{"confidence_level":0.95,"lower_bound":528.7393642786025,"upper_bound":1181.4916515274497},"point_estimate":776.9884431337905,"standard_error":164.27281522676446},"slope":{"confidence_interval":{"confidence_level":0.95,"lower_bound":227316.9689586423,"upper_bound":228069.63540608573},"point_estimate":227654.2896031284,"standard_error":193.94445050724931},"std_dev":{"confidence_interval":{"confidence_level":0.95,"lower_bound":751.7268146379553,"upper_bound":1259.1882646105944},"point_estimate":1032.595732739636,"standard_error":129.9462388214268}}