{"mean":{"confidence_interval":{"confidence_level":0.95,"lower_bound":227138.11644223196,"upper_bound":229468.08859766184},"point_estimate":228133.43465726485,"standard_error":602.5032510374551},"median":{"confidence_interval":{"confidence_level":0.95,"lower_bound":226767.68844984804,"upper_bound":227456.27901785713},"point_estimate":227085.5695616883,"standard_error":176.06956789020768},"median_abs_dev":{"confidence_interval":{"confidence_level":0.95,"lower_bound":584.0937776822096,"upper_bound":1262.66704199207},"point_estimate":920.591664672429,"standard_error":171.5618792905763},"slope":{"confidence_interval":{"confidence_level":0.95,"lower_bound":227231.25109018484,"upper_bound":229325.27815661006},"point_estimate":228089.09885847408,"standard_error":541.1814205910069},"std_dev":{"confidence_interval":{"confidence_level":0.95,"lower_bound":904.9579833901473,"upper_bound":6577.847024433058},"point_estimate":4297.30427364584,"standard_error":1428.1505131616123}}