{"mean":{"confidence_interval":{"confidence_level":0.95,"lower_bound":330627.15399813623,"upper_bound":382322.5343686869},"point_estimate":352485.732473545,"standard_error":13550.679222535033},"median":{"confidence_interval":{"confidence_level":0.95,"lower_bound":326559.33459595963,"upper_bound":370380.2226010101},"point_estimate":335917.9991582491,"standard_error":9529.310724408013},"median_abs_dev":{"confidence_interval":{"confidence_level":0.95,"lower_bound":2857.630580176022,"upper_bound":51093.691569143055},"point_estimate":14479.531419603618,"standard_error":11126.887501777877},"slope":{"confidence_interval":{"confidence_level":0.95,"lower_bound":333636.0660096679,"upper_bound":417719.39359108324},"point_estimate":374703.5867243867,"standard_error":22242.800078151504},"std_dev":{"confidence_interval":{"confidence_level":0.95,"lower_bound":6490.173120457153,"upper_bound":63809.99344718416},"point_estimate":45201.593207158585,"standard_error":15998.46470147097}}