{"mean":{"confidence_interval":{"confidence_level":0.95,"lower_bound":314502.42210804793,"upper_bound":319017.29197941034},"point_estimate":316478.97039612924,"standard_error":1168.903336277682},"median":{"confidence_interval":{"confidence_level":0.95,"lower_bound":314106.8450292398,"upper_bound":318648.0180311891},"point_estimate":314847.48574561405,"standard_error":1017.5161114927953},"median_abs_dev":{"confidence_interval":{"confidence_level":0.95,"lower_bound":133.35397913834947,"upper_bound":5421.277809308638},"point_estimate":1168.7606071012365,"standard_error":1092.4087339667174},"slope":{"confidence_interval":{"confidence_level":0.95,"lower_bound":314761.82022876106,"upper_bound":319057.01710037777},"point_estimate":316462.22879927093,"standard_error":1069.6921671468306},"std_dev":{"confidence_interval":{"confidence_level":0.95,"lower_bound":480.99755767021367,"upper_bound":5115.4726795105225},"point_estimate":3894.965750084924,"standard_error":1205.9129269249772}}