{"mean":{"confidence_interval":{"confidence_level":0.95,"lower_bound":389603.8514048973,"upper_bound":395014.05563692766},"point_estimate":392106.537859347,"standard_error":1391.5013545104773},"median":{"confidence_interval":{"confidence_level":0.95,"lower_bound":388490.35,"upper_bound":390656.3632535461},"point_estimate":390117.42926790286,"standard_error":578.8511081257578},"median_abs_dev":{"confidence_interval":{"confidence_level":0.95,"lower_bound":2512.980303885665,"upper_bound":7397.425492910471},"point_estimate":4176.120065192368,"standard_error":1269.3659591139603},"slope":{"confidence_interval":{"confidence_level":0.95,"lower_bound":389855.7078898703,"upper_bound":394169.09469103965},"point_estimate":391734.2392137449,"standard_error":1099.5368597334698},"std_dev":{"confidence_interval":{"confidence_level":0.95,"lower_bound":5452.399692656937,"upper_bound":13128.494631553345},"point_estimate":9931.466391043097,"standard_error":1920.8312532892587}}