{"mean":{"confidence_interval":{"confidence_level":0.95,"lower_bound":114554782.6,"upper_bound":135503261.95},"point_estimate":124699877.35,"standard_error":5395950.590922813},"median":{"confidence_interval":{"confidence_level":0.95,"lower_bound":108815132.0,"upper_bound":141766236.5},"point_estimate":120809683.0,"standard_error":9840958.15463796},"median_abs_dev":{"confidence_interval":{"confidence_level":0.95,"lower_bound":2077322.7141201496,"upper_bound":28813917.584350705},"point_estimate":20590064.516553283,"standard_error":7185165.327162197},"slope":null,"std_dev":{"confidence_interval":{"confidence_level":0.95,"lower_bound":11071875.15325919,"upper_bound":21492114.67199615},"point_estimate":17909608.821104914,"standard_error":2702814.0704211346}}