{"mean":{"confidence_interval":{"confidence_level":0.95,"lower_bound":100084891.79875,"upper_bound":100475480.55},"point_estimate":100276019.75,"standard_error":100659.958316075},"median":{"confidence_interval":{"confidence_level":0.95,"lower_bound":99937305.0,"upper_bound":100580017.25},"point_estimate":100234087.5,"standard_error":168684.1257868479},"median_abs_dev":{"confidence_interval":{"confidence_level":0.95,"lower_bound":67622.4967494607,"upper_bound":572443.3399870992},"point_estimate":445807.4338853359,"standard_error":125746.41090219979},"slope":null,"std_dev":{"confidence_interval":{"confidence_level":0.95,"lower_bound":206373.82942885312,"upper_bound":398225.62478311814},"point_estimate":336027.97189323476,"standard_error":48502.93798292106}}