{"mean":{"confidence_interval":{"confidence_level":0.95,"lower_bound":100515814.73124999,"upper_bound":101893752.08375},"point_estimate":101124095.25,"standard_error":353804.57316049346},"median":{"confidence_interval":{"confidence_level":0.95,"lower_bound":100445878.5,"upper_bound":101818798.0},"point_estimate":100641270.75,"standard_error":310320.67919311894},"median_abs_dev":{"confidence_interval":{"confidence_level":0.95,"lower_bound":50480.67585378885,"upper_bound":1690285.543191433},"point_estimate":301729.4803932309,"standard_error":352762.79252173187},"slope":null,"std_dev":{"confidence_interval":{"confidence_level":0.95,"lower_bound":202219.09555185703,"upper_bound":1528059.7155297352},"point_estimate":1179215.077470114,"standard_error":349431.6391523291}}