{"mean":{"confidence_interval":{"confidence_level":0.95,"lower_bound":106177528.97000001,"upper_bound":124043885.51624998},"point_estimate":112907329.0,"standard_error":5032223.530064474},"median":{"confidence_interval":{"confidence_level":0.95,"lower_bound":105606635.5,"upper_bound":111820264.5},"point_estimate":106150086.75,"standard_error":2159192.5756326923},"median_abs_dev":{"confidence_interval":{"confidence_level":0.95,"lower_bound":224796.25580906868,"upper_bound":8270349.6268719435},"point_estimate":1177436.7917463183,"standard_error":2586154.4350140267},"slope":null,"std_dev":{"confidence_interval":{"confidence_level":0.95,"lower_bound":838902.623755895,"upper_bound":25689134.597022526},"point_estimate":16811752.047751497,"standard_error":8106033.489839524}}