{"mean":{"confidence_interval":{"confidence_level":0.95,"lower_bound":100598189.1,"upper_bound":101460053.65},"point_estimate":101000040.5,"standard_error":221736.9745575843},"median":{"confidence_interval":{"confidence_level":0.95,"lower_bound":100424625.0,"upper_bound":101611731.25},"point_estimate":100754846.25,"standard_error":305153.66932330397},"median_abs_dev":{"confidence_interval":{"confidence_level":0.95,"lower_bound":93176.21924579144,"upper_bound":1209688.159623742},"point_estimate":594799.4649901986,"standard_error":310792.0059886224},"slope":null,"std_dev":{"confidence_interval":{"confidence_level":0.95,"lower_bound":313611.16733758774,"upper_bound":917856.899789369},"point_estimate":734785.7587425285,"standard_error":156682.0554421833}}