{"mean":{"confidence_interval":{"confidence_level":0.95,"lower_bound":101154090.595,"upper_bound":102215052.59875001},"point_estimate":101663404.0,"standard_error":271845.7866689694},"median":{"confidence_interval":{"confidence_level":0.95,"lower_bound":100851788.5,"upper_bound":102639359.5},"point_estimate":101279935.25,"standard_error":511871.12376247987},"median_abs_dev":{"confidence_interval":{"confidence_level":0.95,"lower_bound":130703.78977954388,"upper_bound":1534743.7560528517},"point_estimate":776352.7273669839,"standard_error":366691.900510236},"slope":null,"std_dev":{"confidence_interval":{"confidence_level":0.95,"lower_bound":531054.254475904,"upper_bound":1048118.2256849773},"point_estimate":908815.347995675,"standard_error":126672.06324791405}}