{"mean":{"confidence_interval":{"confidence_level":0.95,"lower_bound":1034696054.14,"upper_bound":1036563580.6},"point_estimate":1035592414.2,"standard_error":475956.74453769304},"median":{"confidence_interval":{"confidence_level":0.95,"lower_bound":1034176624.0,"upper_bound":1036383689.0},"point_estimate":1035665234.0,"standard_error":493747.97403339826},"median_abs_dev":{"confidence_interval":{"confidence_level":0.95,"lower_bound":282628.0329823494,"upper_bound":2634092.377835512},"point_estimate":1209632.5621247292,"standard_error":644640.0567667579},"slope":null,"std_dev":{"confidence_interval":{"confidence_level":0.95,"lower_bound":758137.92092461,"upper_bound":2121395.615708458},"point_estimate":1579042.4062327424,"standard_error":365851.33365400444}}