{"mean":{"confidence_interval":{"confidence_level":0.95,"lower_bound":1046279260.1425,"upper_bound":1057875600.7},"point_estimate":1051645149.6,"standard_error":2973108.7423231993},"median":{"confidence_interval":{"confidence_level":0.95,"lower_bound":1044738441.5,"upper_bound":1060004970.5},"point_estimate":1046185539.5,"standard_error":4101601.766602631},"median_abs_dev":{"confidence_interval":{"confidence_level":0.95,"lower_bound":366973.1454849243,"upper_bound":16034951.044222713},"point_estimate":4581886.262655258,"standard_error":4282965.499267308},"slope":null,"std_dev":{"confidence_interval":{"confidence_level":0.95,"lower_bound":3787365.042123738,"upper_bound":12099523.523392519},"point_estimate":9894264.575235058,"standard_error":2102466.501341096}}