{"mean":{"confidence_interval":{"confidence_level":0.95,"lower_bound":1042561137.7,"upper_bound":1050100368.44},"point_estimate":1045630506.0,"standard_error":2044080.73911518},"median":{"confidence_interval":{"confidence_level":0.95,"lower_bound":1042430574.5,"upper_bound":1047125973.5},"point_estimate":1042729102.5,"standard_error":1107548.268918166},"median_abs_dev":{"confidence_interval":{"confidence_level":0.95,"lower_bound":124557.67158865929,"upper_bound":5919074.313515425},"point_estimate":999482.9114556313,"standard_error":1405439.9429498937},"slope":null,"std_dev":{"confidence_interval":{"confidence_level":0.95,"lower_bound":678965.9503203854,"upper_bound":10138494.838225778},"point_estimate":6856443.0573041625,"standard_error":2821621.698163735}}