{"mean":{"confidence_interval":{"confidence_level":0.95,"lower_bound":1051919417.6575,"upper_bound":1101198002.135},"point_estimate":1070512417.5,"standard_error":13848118.176387118},"median":{"confidence_interval":{"confidence_level":0.95,"lower_bound":1049610651.0,"upper_bound":1069465521.0},"point_estimate":1053105889.0,"standard_error":6090281.99127945},"median_abs_dev":{"confidence_interval":{"confidence_level":0.95,"lower_bound":517897.3750054836,"upper_bound":24785885.45256257},"point_estimate":5965973.3984827995,"standard_error":7173761.623544584},"slope":null,"std_dev":{"confidence_interval":{"confidence_level":0.95,"lower_bound":2385638.3227629205,"upper_bound":70643603.20385161},"point_estimate":46194241.56643418,"standard_error":22081678.443801206}}