{"mean":{"confidence_interval":{"confidence_level":0.95,"lower_bound":38577077.61225,"upper_bound":38932133.5775},"point_estimate":38723974.41,"standard_error":92272.16194780034},"median":{"confidence_interval":{"confidence_level":0.95,"lower_bound":38513014.0,"upper_bound":38784824.0},"point_estimate":38627992.5,"standard_error":73786.49966940876},"median_abs_dev":{"confidence_interval":{"confidence_level":0.95,"lower_bound":234245.60674130917,"upper_bound":438173.3412958661},"point_estimate":345808.66021066904,"standard_error":51208.4488705039},"slope":null,"std_dev":{"confidence_interval":{"confidence_level":0.95,"lower_bound":264669.4813356363,"upper_bound":1040358.1335524082},"point_estimate":657308.8218489588,"standard_error":249687.70996545357}}