{"mean":{"confidence_interval":{"confidence_level":0.95,"lower_bound":38315631.26633333,"upper_bound":38625678.608333334},"point_estimate":38451083.306666665,"standard_error":80091.75057807389},"median":{"confidence_interval":{"confidence_level":0.95,"lower_bound":38244514.0,"upper_bound":38350583.83333333},"point_estimate":38284288.5,"standard_error":27478.301073244387},"median_abs_dev":{"confidence_interval":{"confidence_level":0.95,"lower_bound":85978.27050357322,"upper_bound":185721.09800279877},"point_estimate":124616.23428761959,"standard_error":23852.23993354654},"slope":null,"std_dev":{"confidence_interval":{"confidence_level":0.95,"lower_bound":163338.31727481534,"upper_bound":823237.8868138317},"point_estimate":571570.9429048051,"standard_error":159119.0085718272}}