{"mean":{"confidence_interval":{"confidence_level":0.95,"lower_bound":38708791.93,"upper_bound":39198805.666499995},"point_estimate":38928305.48,"standard_error":125422.4355465908},"median":{"confidence_interval":{"confidence_level":0.95,"lower_bound":38612896.0,"upper_bound":38800066.75},"point_estimate":38712857.0,"standard_error":49578.09758328506},"median_abs_dev":{"confidence_interval":{"confidence_level":0.95,"lower_bound":198895.23426890373,"upper_bound":425778.249540925},"point_estimate":323940.31059890985,"standard_error":58297.513953651905},"slope":null,"std_dev":{"confidence_interval":{"confidence_level":0.95,"lower_bound":429858.971274138,"upper_bound":1220986.046824987},"point_estimate":892364.0626097324,"standard_error":200878.46875228267}}