{"mean":{"confidence_interval":{"confidence_level":0.95,"lower_bound":-0.0018791131536193431,"upper_bound":0.00556173022577159},"point_estimate":0.0015711950705359357,"standard_error":0.001903979370243426},"median":{"confidence_interval":{"confidence_level":0.95,"lower_bound":-0.003405122824243989,"upper_bound":-0.0009246248142702035},"point_estimate":-0.0022171999831648304,"standard_error":0.0007026203312726778}}