{"mean":{"confidence_interval":{"confidence_level":0.95,"lower_bound":-0.0006891942328238754,"upper_bound":0.008408796092440792},"point_estimate":0.0037663494132762487,"standard_error":0.0023517047922284556},"median":{"confidence_interval":{"confidence_level":0.95,"lower_bound":-0.001716771067309053,"upper_bound":0.0028620344850880386},"point_estimate":0.0010803114658521906,"standard_error":0.0011694587750193674}}