{"mean":{"confidence_interval":{"confidence_level":0.95,"lower_bound":0.00450993978300684,"upper_bound":0.0070009689626362994},"point_estimate":0.005702257261928745,"standard_error":0.0006310061568934894},"median":{"confidence_interval":{"confidence_level":0.95,"lower_bound":0.0054572790922500225,"upper_bound":0.006968493103806983},"point_estimate":0.006111872830285581,"standard_error":0.0003750480341757443}}