{"mean":{"confidence_interval":{"confidence_level":0.95,"lower_bound":-0.01519434983531398,"upper_bound":-0.005049397962416153},"point_estimate":-0.009547672958844067,"standard_error":0.0025805481658144995},"median":{"confidence_interval":{"confidence_level":0.95,"lower_bound":-0.013307145917808016,"upper_bound":-0.005148609526137826},"point_estimate":-0.009261401128555335,"standard_error":0.0021153475912439887}}