{"mean":{"confidence_interval":{"confidence_level":0.95,"lower_bound":-0.010177495546597526,"upper_bound":-0.0019616606227118847},"point_estimate":-0.005635898602344258,"standard_error":0.0021125319411788497},"median":{"confidence_interval":{"confidence_level":0.95,"lower_bound":-0.0041293094411658515,"upper_bound":-0.0011515027728355998},"point_estimate":-0.002248838101475026,"standard_error":0.0007574628407455569}}