{"mean":{"confidence_interval":{"confidence_level":0.95,"lower_bound":-0.005953241421069425,"upper_bound":0.005325867098788305},"point_estimate":-0.00009907386515672911,"standard_error":0.002845915644380288},"median":{"confidence_interval":{"confidence_level":0.95,"lower_bound":-0.0022447320612594235,"upper_bound":0.0011675386795957365},"point_estimate":-0.0012321316502437174,"standard_error":0.0008781454281843639}}