{"mean":{"confidence_interval":{"confidence_level":0.95,"lower_bound":-0.011270684593964098,"upper_bound":-0.0034644393215113862},"point_estimate":-0.006889757191067547,"standard_error":0.002009862665407785},"median":{"confidence_interval":{"confidence_level":0.95,"lower_bound":-0.004828186044037119,"upper_bound":-0.001781628589059281},"point_estimate":-0.0030913339203008094,"standard_error":0.0008046007894529831}}