{"mean":{"confidence_interval":{"confidence_level":0.95,"lower_bound":0.0008843994935412461,"upper_bound":0.04628718541401097},"point_estimate":0.022403596272707382,"standard_error":0.012083860468142025},"median":{"confidence_interval":{"confidence_level":0.95,"lower_bound":-0.0007296086014774161,"upper_bound":0.0061058903967257105},"point_estimate":0.0018163785964240287,"standard_error":0.0018578207198478578}}