{"mean":{"confidence_interval":{"confidence_level":0.95,"lower_bound":-0.02922954677867906,"upper_bound":-0.004934178289110599},"point_estimate":-0.015504398279549192,"standard_error":0.006250257126992208},"median":{"confidence_interval":{"confidence_level":0.95,"lower_bound":-0.013783942198433707,"upper_bound":-0.004284758430470825},"point_estimate":-0.00974432233305389,"standard_error":0.002451289141500215}}