{"mean":{"confidence_interval":{"confidence_level":0.95,"lower_bound":-0.01386088891521478,"upper_bound":0.000637239447215645},"point_estimate":-0.006296416373066105,"standard_error":0.0036823298786113116},"median":{"confidence_interval":{"confidence_level":0.95,"lower_bound":-0.007372309301336477,"upper_bound":-0.0018027576731902695},"point_estimate":-0.004841027362046724,"standard_error":0.001426765887630135}}