{"mean":{"confidence_interval":{"confidence_level":0.95,"lower_bound":-0.0016128633154264098,"upper_bound":0.007890065403337644},"point_estimate":0.0025246938362588622,"standard_error":0.0023785056519130326},"median":{"confidence_interval":{"confidence_level":0.95,"lower_bound":-0.002051479036220827,"upper_bound":0.002447105881413947},"point_estimate":0.0003670040263961116,"standard_error":0.0011711112585290713}}