{"mean":{"confidence_interval":{"confidence_level":0.95,"lower_bound":0.00976526582492249,"upper_bound":0.034608589296650366},"point_estimate":0.0197174936654001,"standard_error":0.006452464603887115},"median":{"confidence_interval":{"confidence_level":0.95,"lower_bound":0.011594816611354197,"upper_bound":0.018177488112981477},"point_estimate":0.015494186682955657,"standard_error":0.001635929751313186}}