{"mean":{"confidence_interval":{"confidence_level":0.95,"lower_bound":-0.010848415899760365,"upper_bound":0.0018754961820672822},"point_estimate":-0.004626689145948548,"standard_error":0.003190645645740691},"median":{"confidence_interval":{"confidence_level":0.95,"lower_bound":-0.005973188980978539,"upper_bound":-0.0018557621618805475},"point_estimate":-0.0036143644001839226,"standard_error":0.001007654110987011}}