{"mean":{"confidence_interval":{"confidence_level":0.95,"lower_bound":-0.006463948213571213,"upper_bound":0.002076802215055462},"point_estimate":-0.0018672072864487355,"standard_error":0.0021814583610590943},"median":{"confidence_interval":{"confidence_level":0.95,"lower_bound":-0.0008871863992303552,"upper_bound":0.0032198698450829344},"point_estimate":0.0008493909666167365,"standard_error":0.001099523931505347}}