{"mean":{"confidence_interval":{"confidence_level":0.95,"lower_bound":-0.03628591570438678,"upper_bound":0.01166742797348233},"point_estimate":-0.010066673235926138,"standard_error":0.012389003887383234},"median":{"confidence_interval":{"confidence_level":0.95,"lower_bound":0.003838902401673394,"upper_bound":0.012189660936123392},"point_estimate":0.00869995306586624,"standard_error":0.0021736268187539367}}