{"mean":{"confidence_interval":{"confidence_level":0.95,"lower_bound":-0.013956665567412166,"upper_bound":0.007608271204368355},"point_estimate":-0.0031167219224625953,"standard_error":0.005426152391549408},"median":{"confidence_interval":{"confidence_level":0.95,"lower_bound":-1.051388650474827e-6,"upper_bound":0.003509967518778634},"point_estimate":0.0018759052928054576,"standard_error":0.001294245098572236}}