{"mean":{"confidence_interval":{"confidence_level":0.95,"lower_bound":0.011035951353383065,"upper_bound":0.01844339717593638},"point_estimate":0.014838974989489717,"standard_error":0.0019057098940118476},"median":{"confidence_interval":{"confidence_level":0.95,"lower_bound":0.015169593563230777,"upper_bound":0.01973219724323294},"point_estimate":0.01762765447348258,"standard_error":0.0011935823156275784}}