{"mean":{"confidence_interval":{"confidence_level":0.95,"lower_bound":0.0022954185549979023,"upper_bound":0.014218091161601203},"point_estimate":0.008052448962245995,"standard_error":0.003025632690152374},"median":{"confidence_interval":{"confidence_level":0.95,"lower_bound":0.00428993739894401,"upper_bound":0.012217292965055915},"point_estimate":0.008849465838638215,"standard_error":0.0019517740609859742}}