{"mean":{"confidence_interval":{"confidence_level":0.95,"lower_bound":-0.009333791448035405,"upper_bound":0.015319755486055629},"point_estimate":0.0024465602742189674,"standard_error":0.006321988217075165},"median":{"confidence_interval":{"confidence_level":0.95,"lower_bound":-0.010060739229991733,"upper_bound":-0.004877668186100692},"point_estimate":-0.007887856368771873,"standard_error":0.0013255559277054788}}