{"mean":{"confidence_interval":{"confidence_level":0.95,"lower_bound":-0.002940241210046546,"upper_bound":0.004743161043522796},"point_estimate":0.0010497649199183723,"standard_error":0.0019288976923206608},"median":{"confidence_interval":{"confidence_level":0.95,"lower_bound":-0.0002864436858359687,"upper_bound":0.002716266625279795},"point_estimate":0.0011918551797707178,"standard_error":0.0007772843642314085}}