{"mean":{"confidence_interval":{"confidence_level":0.95,"lower_bound":-0.015348264434605458,"upper_bound":-0.006661082679674801},"point_estimate":-0.010782598277505717,"standard_error":0.002229569664952794},"median":{"confidence_interval":{"confidence_level":0.95,"lower_bound":-0.017129049206304536,"upper_bound":-0.01196855502299865},"point_estimate":-0.01472558247171063,"standard_error":0.0012982387585561243}}