{"mean":{"confidence_interval":{"confidence_level":0.95,"lower_bound":-0.007260584289515614,"upper_bound":0.00016872533485563616},"point_estimate":-0.003892256855624998,"standard_error":0.0018507060435662022},"median":{"confidence_interval":{"confidence_level":0.95,"lower_bound":-0.006449782885507682,"upper_bound":-0.0022111608032834296},"point_estimate":-0.004895372419619348,"standard_error":0.0011108665255873968}}