{"mean":{"confidence_interval":{"confidence_level":0.95,"lower_bound":-0.0011193148757273005,"upper_bound":0.004802928759669808},"point_estimate":0.001623545516173719,"standard_error":0.0015188801567759752},"median":{"confidence_interval":{"confidence_level":0.95,"lower_bound":-0.0017391843894087877,"upper_bound":0.0010706601090972878},"point_estimate":-0.00026394779865224205,"standard_error":0.0007191097020242262}}