{"mean":{"confidence_interval":{"confidence_level":0.95,"lower_bound":-0.00023509448011815867,"upper_bound":0.016413282928631395},"point_estimate":0.007063497793935669,"standard_error":0.0043741278894158485},"median":{"confidence_interval":{"confidence_level":0.95,"lower_bound":-0.000983630138552627,"upper_bound":0.0035022170332475425},"point_estimate":0.0006987247532777019,"standard_error":0.0020380568684107087}}