{"mean":{"confidence_interval":{"confidence_level":0.95,"lower_bound":0.004412235595670833,"upper_bound":0.018056844330806402},"point_estimate":0.011031779232424155,"standard_error":0.0034890106379395166},"median":{"confidence_interval":{"confidence_level":0.95,"lower_bound":0.002833032350846103,"upper_bound":0.01000602145244378},"point_estimate":0.006815011990426445,"standard_error":0.0017454038930767705}}