{"mean":{"confidence_interval":{"confidence_level":0.95,"lower_bound":-0.008637887535792534,"upper_bound":0.0197130226493666},"point_estimate":0.00306688271774358,"standard_error":0.0071771548715590765},"median":{"confidence_interval":{"confidence_level":0.95,"lower_bound":-0.004379949733725019,"upper_bound":0.00037399577902630377},"point_estimate":-0.0032819993431997263,"standard_error":0.0018031076489590416}}