{"mean":{"confidence_interval":{"confidence_level":0.95,"lower_bound":-0.006464456880615278,"upper_bound":0.0005312243042787267},"point_estimate":-0.002907225902309296,"standard_error":0.0017885489165678336},"median":{"confidence_interval":{"confidence_level":0.95,"lower_bound":-0.004045312283807778,"upper_bound":-0.000887510297854277},"point_estimate":-0.0026096139576901045,"standard_error":0.0008334275547648924}}