{"mean":{"confidence_interval":{"confidence_level":0.95,"lower_bound":-0.023590568826292273,"upper_bound":-0.014318355056420096},"point_estimate":-0.018724601090157944,"standard_error":0.0023559320081502706},"median":{"confidence_interval":{"confidence_level":0.95,"lower_bound":-0.020571787581098677,"upper_bound":-0.01351467777932347},"point_estimate":-0.017042530191116678,"standard_error":0.0016884863552663117}}