{"mean":{"confidence_interval":{"confidence_level":0.95,"lower_bound":-0.03470165150633708,"upper_bound":-0.013087664015394651},"point_estimate":-0.023147542062926352,"standard_error":0.005517695296859211},"median":{"confidence_interval":{"confidence_level":0.95,"lower_bound":-0.01319574366356302,"upper_bound":-0.008728378735278163},"point_estimate":-0.010898459864688737,"standard_error":0.00120231815258713}}