{"mean":{"confidence_interval":{"confidence_level":0.95,"lower_bound":0.013323179101005826,"upper_bound":0.03195270798087591},"point_estimate":0.022099685965069504,"standard_error":0.004697172472998368},"median":{"confidence_interval":{"confidence_level":0.95,"lower_bound":0.019356725693269183,"upper_bound":0.02715302589561075},"point_estimate":0.023677982293976996,"standard_error":0.0019815260752834873}}