{"mean":{"confidence_interval":{"confidence_level":0.95,"lower_bound":-0.013505156842780934,"upper_bound":-0.0037501901407791124},"point_estimate":-0.00862229907233325,"standard_error":0.002465458630732459},"median":{"confidence_interval":{"confidence_level":0.95,"lower_bound":-0.009206759256440988,"upper_bound":-0.005526014775936616},"point_estimate":-0.007238565769971839,"standard_error":0.0009217870293149125}}