{"mean":{"confidence_interval":{"confidence_level":0.95,"lower_bound":101018988.3475,"upper_bound":103014748.58625},"point_estimate":101925802.95,"standard_error":517958.2981388495},"median":{"confidence_interval":{"confidence_level":0.95,"lower_bound":100710200.0,"upper_bound":103027241.5},"point_estimate":101111071.5,"standard_error":613496.0325186165},"median_abs_dev":{"confidence_interval":{"confidence_level":0.95,"lower_bound":181685.21377444267,"upper_bound":2680772.0380067825},"point_estimate":697254.5361712575,"standard_error":667143.5735757722},"slope":null,"std_dev":{"confidence_interval":{"confidence_level":0.95,"lower_bound":425181.1938980316,"upper_bound":2270997.369115965},"point_estimate":1725311.5642727234,"standard_error":442114.74817917054}}