{"mean":{"confidence_interval":{"confidence_level":0.95,"lower_bound":100469021.9,"upper_bound":103361057.88},"point_estimate":101564283.05,"standard_error":820717.2987806925},"median":{"confidence_interval":{"confidence_level":0.95,"lower_bound":100340909.5,"upper_bound":101664976.0},"point_estimate":100428703.75,"standard_error":384791.68059863575},"median_abs_dev":{"confidence_interval":{"confidence_level":0.95,"lower_bound":43469.089928269386,"upper_bound":1553095.0078770518},"point_estimate":206090.66259115934,"standard_error":446281.06535183726},"slope":null,"std_dev":{"confidence_interval":{"confidence_level":0.95,"lower_bound":214148.50144040104,"upper_bound":4220538.724335116},"point_estimate":2758086.975372528,"standard_error":1325074.188276718}}