{"mean":{"confidence_interval":{"confidence_level":0.95,"lower_bound":161929831.76666668,"upper_bound":162449191.8333333},"point_estimate":162177747.03333333,"standard_error":133141.44798740666},"median":{"confidence_interval":{"confidence_level":0.95,"lower_bound":161825486.33333334,"upper_bound":162544216.66666666},"point_estimate":162095064.83333334,"standard_error":175265.3215740797},"median_abs_dev":{"confidence_interval":{"confidence_level":0.95,"lower_bound":121494.12584305546,"upper_bound":709845.1457977295},"point_estimate":485907.5624734237,"standard_error":163638.91146637875},"slope":null,"std_dev":{"confidence_interval":{"confidence_level":0.95,"lower_bound":230782.35951170255,"upper_bound":565018.8161815956},"point_estimate":443394.5633020468,"standard_error":86178.70087052602}}