{"mean":{"confidence_interval":{"confidence_level":0.95,"lower_bound":162990539.23333332,"upper_bound":163758646.03333333},"point_estimate":163302595.2,"standard_error":204204.47490182635},"median":{"confidence_interval":{"confidence_level":0.95,"lower_bound":162912854.5,"upper_bound":163413488.0},"point_estimate":163142504.3333333,"standard_error":161926.5552875463},"median_abs_dev":{"confidence_interval":{"confidence_level":0.95,"lower_bound":55157.41392076752,"upper_bound":633501.3782530728},"point_estimate":348179.95531857753,"standard_error":151196.03341773673},"slope":null,"std_dev":{"confidence_interval":{"confidence_level":0.95,"lower_bound":187500.2389452992,"upper_bound":1019717.5893521577},"point_estimate":680669.3811942129,"standard_error":272417.31961769576}}