{"mean":{"confidence_interval":{"confidence_level":0.95,"lower_bound":8061161.085714285,"upper_bound":8697602.484990079},"point_estimate":8321161.398936507,"standard_error":175167.50723054342},"median":{"confidence_interval":{"confidence_level":0.95,"lower_bound":8052489.4,"upper_bound":8459684.01111111},"point_estimate":8067329.875,"standard_error":95549.9407595296},"median_abs_dev":{"confidence_interval":{"confidence_level":0.95,"lower_bound":5387.28116435668,"upper_bound":558399.4599797617},"point_estimate":47547.277675866666,"standard_error":121902.66672570551},"slope":{"confidence_interval":{"confidence_level":0.95,"lower_bound":8065120.671921659,"upper_bound":9285171.782560805},"point_estimate":8689144.638441559,"standard_error":340699.84813328116},"std_dev":{"confidence_interval":{"confidence_level":0.95,"lower_bound":30016.852631920334,"upper_bound":859160.8546073707},"point_estimate":585479.9808304652,"standard_error":242338.50706263396}}