{"mean":{"confidence_interval":{"confidence_level":0.95,"lower_bound":7935486.248833334,"upper_bound":8015984.017722222},"point_estimate":7972767.825896827,"standard_error":20683.72833128396},"median":{"confidence_interval":{"confidence_level":0.95,"lower_bound":7929957.675,"upper_bound":8037177.6},"point_estimate":7950300.24,"standard_error":24556.1095295299},"median_abs_dev":{"confidence_interval":{"confidence_level":0.95,"lower_bound":3413.225186069684,"upper_bound":110746.0932288639},"point_estimate":34694.622210547524,"standard_error":29361.271666187607},"slope":{"confidence_interval":{"confidence_level":0.95,"lower_bound":7944573.380470206,"upper_bound":8029640.819753086},"point_estimate":7973174.983896104,"standard_error":22605.745286774058},"std_dev":{"confidence_interval":{"confidence_level":0.95,"lower_bound":27675.323555546554,"upper_bound":89167.58140334449},"point_estimate":68364.05920084786,"standard_error":15706.114132114652}}