{"mean":{"confidence_interval":{"confidence_level":0.95,"lower_bound":-0.013461467021496115,"upper_bound":0.006451279937304265},"point_estimate":-0.003001045399328106,"standard_error":0.005073366640136798},"median":{"confidence_interval":{"confidence_level":0.95,"lower_bound":-0.017799027999653605,"upper_bound":0.009731182328397425},"point_estimate":0.0034017515406523646,"standard_error":0.006150054177724455}}