{"mean":{"confidence_interval":{"confidence_level":0.95,"lower_bound":-0.037017726996168024,"upper_bound":-0.012253367552715973},"point_estimate":-0.024330821568647076,"standard_error":0.00634697221585572},"median":{"confidence_interval":{"confidence_level":0.95,"lower_bound":-0.04716080958326385,"upper_bound":-0.0065233215673737854},"point_estimate":-0.016718596015974252,"standard_error":0.011437258343624308}}