{"mean":{"confidence_interval":{"confidence_level":0.95,"lower_bound":0.016668284364297545,"upper_bound":0.046336349729160425},"point_estimate":0.03140253767378587,"standard_error":0.007446113447770667},"median":{"confidence_interval":{"confidence_level":0.95,"lower_bound":0.013143404709497819,"upper_bound":0.05754929868422343},"point_estimate":0.025088540291309025,"standard_error":0.011914190463203024}}