{"mean":{"confidence_interval":{"confidence_level":0.95,"lower_bound":-0.006484469025354388,"upper_bound":0.0057744947113486204},"point_estimate":-0.00008960438544058924,"standard_error":0.003113155612605189},"median":{"confidence_interval":{"confidence_level":0.95,"lower_bound":0.00010104316281323023,"upper_bound":0.003938429544035227},"point_estimate":0.0018689050530737994,"standard_error":0.0009155505926764126}}