{"mean":{"confidence_interval":{"confidence_level":0.95,"lower_bound":-0.20629561619894415,"upper_bound":-0.026120699922647095},"point_estimate":-0.1101898656498107,"standard_error":0.04724375452059313},"median":{"confidence_interval":{"confidence_level":0.95,"lower_bound":-0.16067673243318836,"upper_bound":-0.012390235781354009},"point_estimate":-0.02956070696265123,"standard_error":0.034568523731695104}}