{"mean":{"confidence_interval":{"confidence_level":0.95,"lower_bound":-0.0026013025378119783,"upper_bound":0.008730715531867926},"point_estimate":0.0029329540846934066,"standard_error":0.0028742240384458215},"median":{"confidence_interval":{"confidence_level":0.95,"lower_bound":0.0004707214878778565,"upper_bound":0.01051463819555254},"point_estimate":0.0034779862853322463,"standard_error":0.0024806236811853338}}