{"mean":{"confidence_interval":{"confidence_level":0.95,"lower_bound":0.010249099766268878,"upper_bound":0.21921388658988883},"point_estimate":0.10621769939355241,"standard_error":0.056101563834453964},"median":{"confidence_interval":{"confidence_level":0.95,"lower_bound":-0.0017252473243797306,"upper_bound":0.09870579733640406},"point_estimate":0.01629276150904979,"standard_error":0.03371808323040506}}