{"mean":{"confidence_interval":{"confidence_level":0.95,"lower_bound":-0.0030006671470905284,"upper_bound":0.018313229584815714},"point_estimate":0.007129828825640727,"standard_error":0.005710123940259099},"median":{"confidence_interval":{"confidence_level":0.95,"lower_bound":-0.004962519678403998,"upper_bound":0.022034831933404275},"point_estimate":-0.0008857218848844495,"standard_error":0.006125818190251854}}