{"mean":{"confidence_interval":{"confidence_level":0.95,"lower_bound":-0.020664394206332027,"upper_bound":0.0006643666843836091},"point_estimate":-0.008997882305396221,"standard_error":0.005490564368765077},"median":{"confidence_interval":{"confidence_level":0.95,"lower_bound":-0.02324239555592722,"upper_bound":0.003513486761225648},"point_estimate":-0.0008027946754527449,"standard_error":0.006323701896719308}}