{"mean":{"confidence_interval":{"confidence_level":0.95,"lower_bound":-0.2402185703961064,"upper_bound":-0.06359689037785199},"point_estimate":-0.15843617043270053,"standard_error":0.043379183938013495},"median":{"confidence_interval":{"confidence_level":0.95,"lower_bound":-0.31774544156103124,"upper_bound":-0.05159602434225752},"point_estimate":-0.06731693687098139,"standard_error":0.06893634490954953}}