{"mean":{"confidence_interval":{"confidence_level":0.95,"lower_bound":0.000803346904014707,"upper_bound":0.02103017697565936},"point_estimate":0.009256144094994534,"standard_error":0.004993288778066596},"median":{"confidence_interval":{"confidence_level":0.95,"lower_bound":-0.0018818463090978232,"upper_bound":0.024629391983024274},"point_estimate":0.00151354109576185,"standard_error":0.006072360632083679}}