{"mean":{"confidence_interval":{"confidence_level":0.95,"lower_bound":0.03504497845307102,"upper_bound":0.2802654383844857},"point_estimate":0.15588942045056187,"standard_error":0.06105002439609919},"median":{"confidence_interval":{"confidence_level":0.95,"lower_bound":0.023567357267545885,"upper_bound":0.4258595265318914},"point_estimate":0.0425178349958959,"standard_error":0.10226199651126461}}