{"mean":{"confidence_interval":{"confidence_level":0.95,"lower_bound":0.001532567958989151,"upper_bound":0.010219898050428725},"point_estimate":0.0056891589235836815,"standard_error":0.002309427733524702},"median":{"confidence_interval":{"confidence_level":0.95,"lower_bound":-0.00010207041070420253,"upper_bound":0.0066847754607584076},"point_estimate":0.0034927461692084716,"standard_error":0.0018210106975988626}}