{"mean":{"confidence_interval":{"confidence_level":0.95,"lower_bound":-0.007318916447416012,"upper_bound":0.015795204093658713},"point_estimate":0.004127058936572059,"standard_error":0.0058313989181758286},"median":{"confidence_interval":{"confidence_level":0.95,"lower_bound":-0.008971992852582211,"upper_bound":-0.0019150772914382497},"point_estimate":-0.0065890557415702045,"standard_error":0.0017855267242381503}}