{"mean":{"confidence_interval":{"confidence_level":0.95,"lower_bound":0.022003891960894695,"upper_bound":0.028951578179729598},"point_estimate":0.025570605817692993,"standard_error":0.0017727095521330918},"median":{"confidence_interval":{"confidence_level":0.95,"lower_bound":0.023645689482721943,"upper_bound":0.02954126619158326},"point_estimate":0.02559866064412253,"standard_error":0.0014549811603512307}}