{"mean":{"confidence_interval":{"confidence_level":0.95,"lower_bound":-0.013309669573632077,"upper_bound":-0.0031562925697321553},"point_estimate":-0.00782459971273941,"standard_error":0.0025891930841340327},"median":{"confidence_interval":{"confidence_level":0.95,"lower_bound":-0.011552491231107243,"upper_bound":-0.004244463558677358},"point_estimate":-0.007263933280492463,"standard_error":0.001883503273353952}}