{"mean":{"confidence_interval":{"confidence_level":0.95,"lower_bound":-0.0245917058418831,"upper_bound":-0.01477838781912711},"point_estimate":-0.019805591686302693,"standard_error":0.0024636307536147566},"median":{"confidence_interval":{"confidence_level":0.95,"lower_bound":-0.025748627903020793,"upper_bound":-0.017890189408005464},"point_estimate":-0.021812101724364097,"standard_error":0.001929871180885894}}