{"mean":{"confidence_interval":{"confidence_level":0.95,"lower_bound":-0.0013758534190092234,"upper_bound":0.028423716503206565},"point_estimate":0.009723312793013639,"standard_error":0.007583679140867743},"median":{"confidence_interval":{"confidence_level":0.95,"lower_bound":-0.0015011595079117424,"upper_bound":0.0026758619205686784},"point_estimate":0.0008527894876255715,"standard_error":0.0010332374607641582}}