{"mean":{"confidence_interval":{"confidence_level":0.95,"lower_bound":0.004227631868665005,"upper_bound":0.0165404701644698},"point_estimate":0.010299480193344035,"standard_error":0.00310274814608604},"median":{"confidence_interval":{"confidence_level":0.95,"lower_bound":0.006119150344631397,"upper_bound":0.01515387590519146},"point_estimate":0.011344716197552174,"standard_error":0.0022241515068558795}}