{"mean":{"confidence_interval":{"confidence_level":0.95,"lower_bound":-0.008476068761662642,"upper_bound":0.015926405141676075},"point_estimate":0.002933675768892252,"standard_error":0.006126838683739076},"median":{"confidence_interval":{"confidence_level":0.95,"lower_bound":-0.002343108666155058,"upper_bound":0.003935254012660483},"point_estimate":-0.0007294802601074402,"standard_error":0.0016648008608950162}}