{"mean":{"confidence_interval":{"confidence_level":0.95,"lower_bound":-0.0781231763655031,"upper_bound":-0.01738527548338278},"point_estimate":-0.04378994607142328,"standard_error":0.01578544186006032},"median":{"confidence_interval":{"confidence_level":0.95,"lower_bound":-0.00856452010911557,"upper_bound":-0.003106631083472089},"point_estimate":-0.0057612295679413394,"standard_error":0.001476511696841418}}