{"mean":{"confidence_interval":{"confidence_level":0.95,"lower_bound":-0.018939868585743147,"upper_bound":-0.008738991696583098},"point_estimate":-0.013345109607279526,"standard_error":0.0026241022515691406},"median":{"confidence_interval":{"confidence_level":0.95,"lower_bound":-0.013895954746697692,"upper_bound":-0.009762665122919012},"point_estimate":-0.011466860979184812,"standard_error":0.0010494013623825386}}