{"mean":{"confidence_interval":{"confidence_level":0.95,"lower_bound":0.0015406631903562584,"upper_bound":0.07114282379382877},"point_estimate":0.03179160562230843,"standard_error":0.017660002546313704},"median":{"confidence_interval":{"confidence_level":0.95,"lower_bound":0.000079970781389882,"upper_bound":0.005887714903236696},"point_estimate":0.003126294389546924,"standard_error":0.0015255102368132828}}