{"mean":{"confidence_interval":{"confidence_level":0.95,"lower_bound":-0.015437973539187421,"upper_bound":0.005354755181479886},"point_estimate":-0.00448010244255137,"standard_error":0.005248616972881246},"median":{"confidence_interval":{"confidence_level":0.95,"lower_bound":-0.0047627802873564384,"upper_bound":0.0013275833355268496},"point_estimate":-0.0005236820780823992,"standard_error":0.0015812100056167742}}