{"mean":{"confidence_interval":{"confidence_level":0.95,"lower_bound":-0.020348603940770506,"upper_bound":0.011756098142553961},"point_estimate":-0.0037290436194205023,"standard_error":0.008178702274654927},"median":{"confidence_interval":{"confidence_level":0.95,"lower_bound":0.000042823841662542605,"upper_bound":0.003671660062362081},"point_estimate":0.00222942319917796,"standard_error":0.0009142558624196645}}