{"mean":{"confidence_interval":{"confidence_level":0.95,"lower_bound":-0.03235005269744849,"upper_bound":-0.00904446686144801},"point_estimate":-0.019632754335552005,"standard_error":0.005991791665365474},"median":{"confidence_interval":{"confidence_level":0.95,"lower_bound":-0.010711516785971598,"upper_bound":-0.00635123624546452},"point_estimate":-0.008812608907171504,"standard_error":0.001170598449758814}}