{"mean":{"confidence_interval":{"confidence_level":0.95,"lower_bound":0.006037651586525761,"upper_bound":0.027303813016765776},"point_estimate":0.016278287650827616,"standard_error":0.0056178255222737936},"median":{"confidence_interval":{"confidence_level":0.95,"lower_bound":0.0016721409026614342,"upper_bound":0.006755813573777156},"point_estimate":0.003871844878255759,"standard_error":0.0012715131138558526}}