{"mean":{"confidence_interval":{"confidence_level":0.95,"lower_bound":0.07124012720988748,"upper_bound":0.0831924902382264},"point_estimate":0.07774408858240789,"standard_error":0.003057437017826383},"median":{"confidence_interval":{"confidence_level":0.95,"lower_bound":0.0799375052005924,"upper_bound":0.08737389609980961},"point_estimate":0.08415159100034453,"standard_error":0.0019148778764842877}}