{"mean":{"confidence_interval":{"confidence_level":0.95,"lower_bound":-0.001407713650622311,"upper_bound":0.025208194523282774},"point_estimate":0.01088609851204625,"standard_error":0.006866211745733959},"median":{"confidence_interval":{"confidence_level":0.95,"lower_bound":0.0009000661483067329,"upper_bound":0.00890138727207523},"point_estimate":0.003731438237945861,"standard_error":0.0017662473568041143}}