{"mean":{"confidence_interval":{"confidence_level":0.95,"lower_bound":-0.011518985770498584,"upper_bound":-0.004316374949581093},"point_estimate":-0.007733516093797355,"standard_error":0.0018392659055804026},"median":{"confidence_interval":{"confidence_level":0.95,"lower_bound":-0.008542900735655223,"upper_bound":-0.003944778365561508},"point_estimate":-0.006696213096592962,"standard_error":0.0013382955136819327}}