{"mean":{"confidence_interval":{"confidence_level":0.95,"lower_bound":-0.12342459496765867,"upper_bound":-0.03973866673895832},"point_estimate":-0.07585740946028163,"standard_error":0.0218045289094929},"median":{"confidence_interval":{"confidence_level":0.95,"lower_bound":-0.061846828528607234,"upper_bound":-0.04549659059429312},"point_estimate":-0.051246590144371384,"standard_error":0.003724257970751419}}