{"mean":{"confidence_interval":{"confidence_level":0.95,"lower_bound":-0.021261141634420114,"upper_bound":-0.0033161154371282035},"point_estimate":-0.011469479903176483,"standard_error":0.004612196681808292},"median":{"confidence_interval":{"confidence_level":0.95,"lower_bound":-0.004425920940460348,"upper_bound":0.0008778794001726986},"point_estimate":-0.000980399050967251,"standard_error":0.0013062011979152839}}