{"mean":{"confidence_interval":{"confidence_level":0.95,"lower_bound":-0.0019404494768857639,"upper_bound":0.011230325303974054},"point_estimate":0.003999731023966557,"standard_error":0.0033146570669591296},"median":{"confidence_interval":{"confidence_level":0.95,"lower_bound":-0.0012464531204908758,"upper_bound":0.0070046108736327994},"point_estimate":0.0019614890334538337,"standard_error":0.0018515884180417054}}