{"mean":{"confidence_interval":{"confidence_level":0.95,"lower_bound":-0.0033704558571086007,"upper_bound":0.0009076906065614843},"point_estimate":-0.0011405071361180186,"standard_error":0.0010938057315600842},"median":{"confidence_interval":{"confidence_level":0.95,"lower_bound":-0.0016560725162041434,"upper_bound":0.0020095305710379208},"point_estimate":0.0003504972047301269,"standard_error":0.0009634533616466245}}