{"mean":{"confidence_interval":{"confidence_level":0.95,"lower_bound":-0.003776945348851868,"upper_bound":0.0016282627908990044},"point_estimate":-0.001183467985086617,"standard_error":0.00138032316216369},"median":{"confidence_interval":{"confidence_level":0.95,"lower_bound":-0.002597361152783084,"upper_bound":0.00081283220187367},"point_estimate":-0.00097702949074574,"standard_error":0.0008367979936153116}}