{"mean":{"confidence_interval":{"confidence_level":0.95,"lower_bound":-0.020059223105383113,"upper_bound":-0.007856510171823067},"point_estimate":-0.014439527948428066,"standard_error":0.003437793355527796},"median":{"confidence_interval":{"confidence_level":0.95,"lower_bound":-0.02109116103047261,"upper_bound":-0.01792548510844269},"point_estimate":-0.019821304477949497,"standard_error":0.0007861709171766891}}