{"mean":{"confidence_interval":{"confidence_level":0.95,"lower_bound":0.02064686466798467,"upper_bound":0.03216948957265306},"point_estimate":0.026191721311342953,"standard_error":0.0030201811903208795},"median":{"confidence_interval":{"confidence_level":0.95,"lower_bound":0.018351918221052088,"upper_bound":0.02724681679702437},"point_estimate":0.022388239618149175,"standard_error":0.0021753500090375935}}