{"mean":{"confidence_interval":{"confidence_level":0.95,"lower_bound":-0.0199840594289896,"upper_bound":0.0018442951740215232},"point_estimate":-0.008302360140765241,"standard_error":0.005627705066171799},"median":{"confidence_interval":{"confidence_level":0.95,"lower_bound":-0.002929672819483975,"upper_bound":0.005430019666999408},"point_estimate":0.0021802381447346697,"standard_error":0.0020380226834783156}}