{"mean":{"confidence_interval":{"confidence_level":0.95,"lower_bound":0.0287453583492966,"upper_bound":0.12075943698180934},"point_estimate":0.06792734460287475,"standard_error":0.02433861870494106},"median":{"confidence_interval":{"confidence_level":0.95,"lower_bound":0.026246882439917796,"upper_bound":0.04271630622263456},"point_estimate":0.03322594379774335,"standard_error":0.004140109576533712}}