{"mean":{"confidence_interval":{"confidence_level":0.95,"lower_bound":-0.00012922674272896606,"upper_bound":0.009267988310765377},"point_estimate":0.004136783297431501,"standard_error":0.002506394284671863},"median":{"confidence_interval":{"confidence_level":0.95,"lower_bound":-0.0018462637742909793,"upper_bound":0.0016965250096265816},"point_estimate":-0.0002997526549898266,"standard_error":0.0008852468814808948}}