{"mean":{"confidence_interval":{"confidence_level":0.95,"lower_bound":-0.0038290223971760543,"upper_bound":0.004022995819864363},"point_estimate":0.0001474786998323374,"standard_error":0.0019894768938648936},"median":{"confidence_interval":{"confidence_level":0.95,"lower_bound":-0.003982239933046472,"upper_bound":0.000930218514344272},"point_estimate":-0.0015049018319689411,"standard_error":0.0012105604607093618}}