{"mean":{"confidence_interval":{"confidence_level":0.95,"lower_bound":-0.002100302666168452,"upper_bound":0.0021795459246220284},"point_estimate":-0.00003659037606984494,"standard_error":0.0010685629518241704},"median":{"confidence_interval":{"confidence_level":0.95,"lower_bound":-0.0026281980011871875,"upper_bound":0.0017936186912081986},"point_estimate":-0.000617053422888092,"standard_error":0.001098068710017808}}