{"mean":{"confidence_interval":{"confidence_level":0.95,"lower_bound":-0.0021959048200116287,"upper_bound":0.006623115758764446},"point_estimate":0.002591860188615902,"standard_error":0.0022634149940460348},"median":{"confidence_interval":{"confidence_level":0.95,"lower_bound":-0.0013937550456161185,"upper_bound":0.008973230373922059},"point_estimate":0.002711247351783852,"standard_error":0.0027511411890705365}}