{"mean":{"confidence_interval":{"confidence_level":0.95,"lower_bound":-0.009824512110059858,"upper_bound":-0.0002582677723437232},"point_estimate":-0.00538335539076662,"standard_error":0.0024629391850915466},"median":{"confidence_interval":{"confidence_level":0.95,"lower_bound":-0.00870349872186238,"upper_bound":-0.004080814884778072},"point_estimate":-0.006079307983768656,"standard_error":0.0012597441672366795}}