{"mean":{"confidence_interval":{"confidence_level":0.95,"lower_bound":0.05973152925961542,"upper_bound":0.260365185763109},"point_estimate":0.14855919225062042,"standard_error":0.052270340523241525},"median":{"confidence_interval":{"confidence_level":0.95,"lower_bound":0.03500263173056006,"upper_bound":0.29627410310645175},"point_estimate":0.047564186535624,"standard_error":0.07721658890363059}}