{"mean":{"confidence_interval":{"confidence_level":0.95,"lower_bound":-0.0013428782035975783,"upper_bound":0.019707195728581033},"point_estimate":0.008174663258701864,"standard_error":0.005511103226351519},"median":{"confidence_interval":{"confidence_level":0.95,"lower_bound":-0.0053439730672364405,"upper_bound":0.02236993876558424},"point_estimate":0.0012875133706049535,"standard_error":0.0069733370271992095}}