{"mean":{"confidence_interval":{"confidence_level":0.95,"lower_bound":-0.22216518133286844,"upper_bound":-0.06789985325595971},"point_estimate":-0.1473381008649216,"standard_error":0.03921357389648214},"median":{"confidence_interval":{"confidence_level":0.95,"lower_bound":-0.2414915894327686,"upper_bound":-0.051079604953764846},"point_estimate":-0.061858930493302045,"standard_error":0.053972789840166596}}