{"mean":{"confidence_interval":{"confidence_level":0.95,"lower_bound":-0.023471256435435336,"upper_bound":0.011543099177475116},"point_estimate":-0.00581234263258823,"standard_error":0.008848384201927394},"median":{"confidence_interval":{"confidence_level":0.95,"lower_bound":-0.02485789792278037,"upper_bound":0.01713221672863452},"point_estimate":-0.008088492330944996,"standard_error":0.00847459162585704}}