{"mean":{"confidence_interval":{"confidence_level":0.95,"lower_bound":0.08321865085388576,"upper_bound":0.47613380997801136},"point_estimate":0.25935459546440964,"standard_error":0.09845397867950477},"median":{"confidence_interval":{"confidence_level":0.95,"lower_bound":0.04339191412250121,"upper_bound":0.541625897733677},"point_estimate":0.1172077739669184,"standard_error":0.10742800425549687}}