{"mean":{"confidence_interval":{"confidence_level":0.95,"lower_bound":-0.00422599279260609,"upper_bound":0.014451468138929634},"point_estimate":0.006216290288771242,"standard_error":0.004864738599266006},"median":{"confidence_interval":{"confidence_level":0.95,"lower_bound":0.0013116258576055806,"upper_bound":0.01553368583631598},"point_estimate":0.011850348261922106,"standard_error":0.003572373400851356}}