{"mean":{"confidence_interval":{"confidence_level":0.95,"lower_bound":-0.3276764782244739,"upper_bound":-0.09462232958424381},"point_estimate":-0.21627803606834084,"standard_error":0.059789249648018926},"median":{"confidence_interval":{"confidence_level":0.95,"lower_bound":-0.3349751172669355,"upper_bound":-0.05413900198125776},"point_estimate":-0.11212735589500733,"standard_error":0.06835132297877272}}