{"mean":{"confidence_interval":{"confidence_level":0.95,"lower_bound":-0.011005893026479932,"upper_bound":0.022129322797231715},"point_estimate":0.005796680012705169,"standard_error":0.008534413374460868},"median":{"confidence_interval":{"confidence_level":0.95,"lower_bound":-0.013196178672348569,"upper_bound":0.01702866070381659},"point_estimate":0.0073150089882447755,"standard_error":0.008373963318836549}}