{"mean":{"confidence_interval":{"confidence_level":0.95,"lower_bound":-0.0019844172492545884,"upper_bound":0.01668714630047125},"point_estimate":0.006452181431246151,"standard_error":0.004793570622368944},"median":{"confidence_interval":{"confidence_level":0.95,"lower_bound":-0.00038645303532469644,"upper_bound":0.013671210754192753},"point_estimate":0.003872528675788356,"standard_error":0.0034038452693767474}}