{"mean":{"confidence_interval":{"confidence_level":0.95,"lower_bound":557740977.3,"upper_bound":769056081.6374999},"point_estimate":655238566.5,"standard_error":54723254.34910312},"median":{"confidence_interval":{"confidence_level":0.95,"lower_bound":524351197.0,"upper_bound":840139095.0},"point_estimate":544707512.5,"standard_error":86216668.54259579},"median_abs_dev":{"confidence_interval":{"confidence_level":0.95,"lower_bound":4322445.351961255,"upper_bound":268184014.75058198},"point_estimate":38817303.5246551,"standard_error":87405726.84901658},"slope":null,"std_dev":{"confidence_interval":{"confidence_level":0.95,"lower_bound":66252501.80440205,"upper_bound":231753887.67327198},"point_estimate":182013832.06169397,"standard_error":39822466.354734756}}