{"mean":{"confidence_interval":{"confidence_level":0.95,"lower_bound":484043230.9725,"upper_bound":495727784.0075},"point_estimate":489406531.3,"standard_error":3006822.048470356},"median":{"confidence_interval":{"confidence_level":0.95,"lower_bound":483294596.5,"upper_bound":492871329.5},"point_estimate":488116868.0,"standard_error":2120183.8351569073},"median_abs_dev":{"confidence_interval":{"confidence_level":0.95,"lower_bound":648318.7294900417,"upper_bound":14366957.132935524},"point_estimate":5161619.176062942,"standard_error":3611890.285732408},"slope":null,"std_dev":{"confidence_interval":{"confidence_level":0.95,"lower_bound":3617323.2026096354,"upper_bound":14118189.503092896},"point_estimate":10045160.715066569,"standard_error":2915206.387132112}}