{"mean":{"confidence_interval":{"confidence_level":0.95,"lower_bound":497721592.83,"upper_bound":506068094.67},"point_estimate":501639933.0,"standard_error":2137089.3996807},"median":{"confidence_interval":{"confidence_level":0.95,"lower_bound":494411078.0,"upper_bound":505391712.0},"point_estimate":501400949.0,"standard_error":2708631.5814161203},"median_abs_dev":{"confidence_interval":{"confidence_level":0.95,"lower_bound":805514.3568992615,"upper_bound":12121643.9809978},"point_estimate":7376232.130345702,"standard_error":2808289.100332655},"slope":null,"std_dev":{"confidence_interval":{"confidence_level":0.95,"lower_bound":3611973.86317759,"upper_bound":9484837.300620629},"point_estimate":7124135.79559305,"standard_error":1647070.16818684}}