{"mean":{"confidence_interval":{"confidence_level":0.95,"lower_bound":492366008.795,"upper_bound":502171708.3225},"point_estimate":497273798.4,"standard_error":2507805.1149470317},"median":{"confidence_interval":{"confidence_level":0.95,"lower_bound":491359187.0,"upper_bound":505068163.0},"point_estimate":497096616.0,"standard_error":3239164.253469952},"median_abs_dev":{"confidence_interval":{"confidence_level":0.95,"lower_bound":1469046.0447192192,"upper_bound":14609829.247623682},"point_estimate":9678204.322877526,"standard_error":3242363.001152284},"slope":null,"std_dev":{"confidence_interval":{"confidence_level":0.95,"lower_bound":4632619.548056935,"upper_bound":10614198.407285692},"point_estimate":8308527.248069087,"standard_error":1533216.9386862714}}