{"mean":{"confidence_interval":{"confidence_level":0.95,"lower_bound":494368388.895,"upper_bound":503451674.445},"point_estimate":498778833.4,"standard_error":2332793.6268971944},"median":{"confidence_interval":{"confidence_level":0.95,"lower_bound":492266308.0,"upper_bound":505042265.5},"point_estimate":497352653.0,"standard_error":3065178.1382003576},"median_abs_dev":{"confidence_interval":{"confidence_level":0.95,"lower_bound":969962.8633797169,"upper_bound":14090483.372443914},"point_estimate":8784027.522352338,"standard_error":3212777.6350181936},"slope":null,"std_dev":{"confidence_interval":{"confidence_level":0.95,"lower_bound":4290976.883022721,"upper_bound":9651794.188001493},"point_estimate":7801252.660813877,"standard_error":1362921.1292556569}}