{"mean":{"confidence_interval":{"confidence_level":0.95,"lower_bound":482806414.0325,"upper_bound":495123763.12249994},"point_estimate":488529385.9,"standard_error":3164283.463706634},"median":{"confidence_interval":{"confidence_level":0.95,"lower_bound":479736425.0,"upper_bound":494481766.0},"point_estimate":488860961.0,"standard_error":3458544.678096178},"median_abs_dev":{"confidence_interval":{"confidence_level":0.95,"lower_bound":1071996.876168251,"upper_bound":17566951.99032426},"point_estimate":8368155.264535546,"standard_error":3902041.842437116},"slope":null,"std_dev":{"confidence_interval":{"confidence_level":0.95,"lower_bound":5033119.884621449,"upper_bound":14454533.190066945},"point_estimate":10562475.697353665,"standard_error":2647954.2218526197}}