{"mean":{"confidence_interval":{"confidence_level":0.95,"lower_bound":-0.006960339023420724,"upper_bound":0.001556926929533113},"point_estimate":-0.0024214082932692005,"standard_error":0.002157162338360414},"median":{"confidence_interval":{"confidence_level":0.95,"lower_bound":-0.0047198236947993966,"upper_bound":0.0010578316752476447},"point_estimate":-0.002287387656706885,"standard_error":0.0014377430921216172}}