{"mean":{"confidence_interval":{"confidence_level":0.95,"lower_bound":-0.015428436876654406,"upper_bound":0.02956501888677331},"point_estimate":0.004403888994833238,"standard_error":0.011419557618347492},"median":{"confidence_interval":{"confidence_level":0.95,"lower_bound":-0.003224901485692322,"upper_bound":0.0032452131312242613},"point_estimate":0.00003446543775043054,"standard_error":0.001594667078910133}}