{"mean":{"confidence_interval":{"confidence_level":0.95,"lower_bound":0.0011295894949536812,"upper_bound":0.014742207211500973},"point_estimate":0.007894299556441942,"standard_error":0.003431747542423168},"median":{"confidence_interval":{"confidence_level":0.95,"lower_bound":0.0025582183430881106,"upper_bound":0.009585688336190445},"point_estimate":0.006136275437368166,"standard_error":0.0016837921647825302}}