{"mean":{"confidence_interval":{"confidence_level":0.95,"lower_bound":-0.01889536205358533,"upper_bound":-0.00244203425375495},"point_estimate":-0.010715411917195605,"standard_error":0.004212463641864084},"median":{"confidence_interval":{"confidence_level":0.95,"lower_bound":-0.019011922077689314,"upper_bound":-0.00416623162803087},"point_estimate":-0.011617541706923196,"standard_error":0.0040219585941932146}}