{"mean":{"confidence_interval":{"confidence_level":0.95,"lower_bound":-0.005262787734820584,"upper_bound":0.009205361225732754},"point_estimate":0.0013619043110890683,"standard_error":0.003642685137319502},"median":{"confidence_interval":{"confidence_level":0.95,"lower_bound":-0.00020315910405155346,"upper_bound":0.004255980456213004},"point_estimate":0.0024064638477903078,"standard_error":0.0011752709086430906}}