{"mean":{"confidence_interval":{"confidence_level":0.95,"lower_bound":-0.016083280374360603,"upper_bound":-0.005285279600297502},"point_estimate":-0.010481356713508916,"standard_error":0.002768601901131208},"median":{"confidence_interval":{"confidence_level":0.95,"lower_bound":-0.01337457652999019,"upper_bound":-0.00550226667385556},"point_estimate":-0.010072987895657914,"standard_error":0.0020378013872450725}}