{"mean":{"confidence_interval":{"confidence_level":0.95,"lower_bound":0.00033753441267436735,"upper_bound":0.011467160156605526},"point_estimate":0.005459642552455124,"standard_error":0.0027820279061550215},"median":{"confidence_interval":{"confidence_level":0.95,"lower_bound":0.0007720028639710552,"upper_bound":0.011236098078568624},"point_estimate":0.005818781244645521,"standard_error":0.002774820636999394}}