{"mean":{"confidence_interval":{"confidence_level":0.95,"lower_bound":0.00516472104437224,"upper_bound":0.014602026884010577},"point_estimate":0.009609559940309209,"standard_error":0.002338553551481378},"median":{"confidence_interval":{"confidence_level":0.95,"lower_bound":0.005068633469276218,"upper_bound":0.01001731462360495},"point_estimate":0.006939122334489234,"standard_error":0.0012389236998049074}}