{"mean":{"confidence_interval":{"confidence_level":0.95,"lower_bound":-0.03732454148357034,"upper_bound":-0.023675169249559265},"point_estimate":-0.030222259812425545,"standard_error":0.0034874107177804235},"median":{"confidence_interval":{"confidence_level":0.95,"lower_bound":-0.029984373170373058,"upper_bound":-0.020298502125778883},"point_estimate":-0.024536069657650428,"standard_error":0.002496403793164647}}