{"mean":{"confidence_interval":{"confidence_level":0.95,"lower_bound":-0.011412147305448483,"upper_bound":0.0007550217668342644},"point_estimate":-0.005108611067232149,"standard_error":0.003091097187617633},"median":{"confidence_interval":{"confidence_level":0.95,"lower_bound":-0.011525082574042056,"upper_bound":-0.0020523278157347224},"point_estimate":-0.006466898093659856,"standard_error":0.0024896754833525873}}