{"mean":{"confidence_interval":{"confidence_level":0.95,"lower_bound":0.013608686194206276,"upper_bound":0.028472218002491348},"point_estimate":0.021160599553276205,"standard_error":0.003674151561434429},"median":{"confidence_interval":{"confidence_level":0.95,"lower_bound":0.010989647065400954,"upper_bound":0.021230140345505966},"point_estimate":0.016246730336926918,"standard_error":0.0025267221377696324}}