{"mean":{"confidence_interval":{"confidence_level":0.95,"lower_bound":-0.0130812803361861,"upper_bound":0.02912201474669502},"point_estimate":0.012098387081563411,"standard_error":0.011101943686562898},"median":{"confidence_interval":{"confidence_level":0.95,"lower_bound":0.019679258207551786,"upper_bound":0.03285886953770922},"point_estimate":0.026075410607987237,"standard_error":0.0038368128707242824}}