{"mean":{"confidence_interval":{"confidence_level":0.95,"lower_bound":-0.01361350107519455,"upper_bound":-0.0011698185941557693},"point_estimate":-0.007280585528095629,"standard_error":0.0031924309335213978},"median":{"confidence_interval":{"confidence_level":0.95,"lower_bound":-0.009052875048123687,"upper_bound":-0.0017533638568147936},"point_estimate":-0.005382712515970556,"standard_error":0.0017750914565176062}}