{"mean":{"confidence_interval":{"confidence_level":0.95,"lower_bound":-0.010940342387118612,"upper_bound":0.0010669322709563934},"point_estimate":-0.0043744449170082245,"standard_error":0.003089945976257911},"median":{"confidence_interval":{"confidence_level":0.95,"lower_bound":-0.003309468094368606,"upper_bound":0.0014031358003394612},"point_estimate":-0.0011269737523001977,"standard_error":0.0012192068818110981}}