{"mean":{"confidence_interval":{"confidence_level":0.95,"lower_bound":-0.0073315513598217275,"upper_bound":0.012856654356830715},"point_estimate":0.0022527535871275095,"standard_error":0.005106724115371565},"median":{"confidence_interval":{"confidence_level":0.95,"lower_bound":-0.009237201665927215,"upper_bound":-0.0035643946656097603},"point_estimate":-0.0062680362941974765,"standard_error":0.0013897957513166873}}