{"mean":{"confidence_interval":{"confidence_level":0.95,"lower_bound":-0.026572685984562194,"upper_bound":-0.004519862016157061},"point_estimate":-0.01450335781780654,"standard_error":0.005674683491128152},"median":{"confidence_interval":{"confidence_level":0.95,"lower_bound":-0.003113613092934897,"upper_bound":0.001289710283715717},"point_estimate":-0.0003627948282101112,"standard_error":0.0011243858506132238}}