{"mean":{"confidence_interval":{"confidence_level":0.95,"lower_bound":-0.01243745829700165,"upper_bound":-0.0014453061117073187},"point_estimate":-0.006884831216877552,"standard_error":0.002787083182694557},"median":{"confidence_interval":{"confidence_level":0.95,"lower_bound":-0.010416871304281483,"upper_bound":-0.004549197350144807},"point_estimate":-0.006903032461684222,"standard_error":0.0014615875246074446}}