{"mean":{"confidence_interval":{"confidence_level":0.95,"lower_bound":0.015817213195255878,"upper_bound":0.05513913521964637},"point_estimate":0.032817485063182605,"standard_error":0.010039489860398366},"median":{"confidence_interval":{"confidence_level":0.95,"lower_bound":0.00015092936265492796,"upper_bound":0.00534765497175016},"point_estimate":0.002920270403996783,"standard_error":0.0016012083002109097}}