{"mean":{"confidence_interval":{"confidence_level":0.95,"lower_bound":-0.010568818584036022,"upper_bound":0.002191592828973452},"point_estimate":-0.00341890446183879,"standard_error":0.00324052783398833},"median":{"confidence_interval":{"confidence_level":0.95,"lower_bound":-0.004773086684061512,"upper_bound":-0.000493339717826502},"point_estimate":-0.002918704813883899,"standard_error":0.0010570911191546046}}