{"mean":{"confidence_interval":{"confidence_level":0.95,"lower_bound":-0.012978764600968988,"upper_bound":0.00016529442126644867},"point_estimate":-0.006346373021902996,"standard_error":0.0033887164042472116},"median":{"confidence_interval":{"confidence_level":0.95,"lower_bound":-0.015435672138130574,"upper_bound":-0.0006382065843313356},"point_estimate":-0.010075754428522377,"standard_error":0.0037270847057532253}}