{"mean":{"confidence_interval":{"confidence_level":0.95,"lower_bound":-0.004686693113589507,"upper_bound":0.018922343047384826},"point_estimate":0.0056929560238261345,"standard_error":0.006082327955720358},"median":{"confidence_interval":{"confidence_level":0.95,"lower_bound":-0.007945564166919676,"upper_bound":-0.0025168783694163865},"point_estimate":-0.006166841040593618,"standard_error":0.0014045617104221854}}