{"mean":{"confidence_interval":{"confidence_level":0.95,"lower_bound":0.018807339526512184,"upper_bound":0.030086165283031898},"point_estimate":0.024662658334814846,"standard_error":0.0028716516721154733},"median":{"confidence_interval":{"confidence_level":0.95,"lower_bound":0.02076379358574787,"upper_bound":0.03067725188256465},"point_estimate":0.02508494741798284,"standard_error":0.002344640286633762}}