{"mean":{"confidence_interval":{"confidence_level":0.95,"lower_bound":-0.0006140812891514682,"upper_bound":0.006964529521684136},"point_estimate":0.0031312573757042994,"standard_error":0.0019217051285507123},"median":{"confidence_interval":{"confidence_level":0.95,"lower_bound":-0.00012850835449129683,"upper_bound":0.003377364544945527},"point_estimate":0.0013312108948324575,"standard_error":0.0008624503888572477}}