{"mean":{"confidence_interval":{"confidence_level":0.95,"lower_bound":-0.002317076958861094,"upper_bound":0.008300932920932856},"point_estimate":0.0022668315359997138,"standard_error":0.0027824601736815393},"median":{"confidence_interval":{"confidence_level":0.95,"lower_bound":-0.0006995971804462098,"upper_bound":0.0022801480789946815},"point_estimate":0.000523032334705853,"standard_error":0.0007546842903802935}}