{"mean":{"confidence_interval":{"confidence_level":0.95,"lower_bound":0.006650741751720188,"upper_bound":0.016855311867107897},"point_estimate":0.011996399113562761,"standard_error":0.0026114604339366725},"median":{"confidence_interval":{"confidence_level":0.95,"lower_bound":0.009771061003409853,"upper_bound":0.014093629423728382},"point_estimate":0.012187476767506089,"standard_error":0.0011368357468324371}}