{"mean":{"confidence_interval":{"confidence_level":0.95,"lower_bound":-0.020610278865048532,"upper_bound":0.010659317614984846},"point_estimate":-0.006638859977894818,"standard_error":0.008254725261349493},"median":{"confidence_interval":{"confidence_level":0.95,"lower_bound":-0.017517357857211535,"upper_bound":-0.01034414663796146},"point_estimate":-0.015216136017997539,"standard_error":0.00204363169666804}}