{"mean":{"confidence_interval":{"confidence_level":0.95,"lower_bound":-0.00111462445113919,"upper_bound":0.003543782436701195},"point_estimate":0.001102917826701244,"standard_error":0.0011903531278489802},"median":{"confidence_interval":{"confidence_level":0.95,"lower_bound":-0.0015812553206903113,"upper_bound":0.0014072885630014298},"point_estimate":-0.00032887045086904543,"standard_error":0.0007587518355483979}}