{"mean":{"confidence_interval":{"confidence_level":0.95,"lower_bound":-0.02148864861016978,"upper_bound":-0.00849307608962153},"point_estimate":-0.014317373819789148,"standard_error":0.0033381520335860598},"median":{"confidence_interval":{"confidence_level":0.95,"lower_bound":-0.012371136769573798,"upper_bound":-0.0061871120474845664},"point_estimate":-0.007951718570031296,"standard_error":0.0016679307637665248}}