{"mean":{"confidence_interval":{"confidence_level":0.95,"lower_bound":-0.005381771573765404,"upper_bound":0.01100224646521554},"point_estimate":0.002244879814395695,"standard_error":0.004090019210153035},"median":{"confidence_interval":{"confidence_level":0.95,"lower_bound":-0.005036935642896312,"upper_bound":0.00940581139357577},"point_estimate":0.005507796514178542,"standard_error":0.0038100687594663234}}