{"mean":{"confidence_interval":{"confidence_level":0.95,"lower_bound":-0.01158027599516398,"upper_bound":0.0103469634382139},"point_estimate":0.0003492942431229107,"standard_error":0.005578118657100455},"median":{"confidence_interval":{"confidence_level":0.95,"lower_bound":0.00025752391344591175,"upper_bound":0.007667327838577265},"point_estimate":0.00255799400536727,"standard_error":0.0019711365298845235}}