{"mean":{"confidence_interval":{"confidence_level":0.95,"lower_bound":-0.01577717165610019,"upper_bound":0.019605721641675945},"point_estimate":0.003338063065013941,"standard_error":0.009026128308175547},"median":{"confidence_interval":{"confidence_level":0.95,"lower_bound":0.0022304195112932135,"upper_bound":0.007515878826068967},"point_estimate":0.005316865536724835,"standard_error":0.0014189954603351434}}