{"mean":{"confidence_interval":{"confidence_level":0.95,"lower_bound":2221103.3789936975,"upper_bound":2326568.3807023806},"point_estimate":2269975.335448179,"standard_error":27306.123480792397},"median":{"confidence_interval":{"confidence_level":0.95,"lower_bound":2206650.4,"upper_bound":2337803.0784313725},"point_estimate":2232004.915966387,"standard_error":32955.03152488792},"median_abs_dev":{"confidence_interval":{"confidence_level":0.95,"lower_bound":7301.53700566601,"upper_bound":144589.88654184015},"point_estimate":44093.998964822844,"standard_error":35284.1691369542},"slope":{"confidence_interval":{"confidence_level":0.95,"lower_bound":2217880.8043325115,"upper_bound":2311384.3046218487},"point_estimate":2247856.8990068757,"standard_error":24946.708274417208},"std_dev":{"confidence_interval":{"confidence_level":0.95,"lower_bound":24575.573954747753,"upper_bound":114276.0518068981},"point_estimate":90799.55211746851,"standard_error":20594.848760009616}}