{"mean":{"confidence_interval":{"confidence_level":0.95,"lower_bound":2179655.484116246,"upper_bound":2189507.4957219884},"point_estimate":2184596.9092343603,"standard_error":2515.688641154437},"median":{"confidence_interval":{"confidence_level":0.95,"lower_bound":2177207.524509804,"upper_bound":2192408.1596638653},"point_estimate":2184895.8529411764,"standard_error":3400.0289176826254},"median_abs_dev":{"confidence_interval":{"confidence_level":0.95,"lower_bound":2050.5956518300795,"upper_bound":14961.547166144172},"point_estimate":9454.483967443364,"standard_error":3328.4303287218822},"slope":{"confidence_interval":{"confidence_level":0.95,"lower_bound":2182482.5793774514,"upper_bound":2193558.6154944045},"point_estimate":2189471.131245225,"standard_error":2781.61725431269},"std_dev":{"confidence_interval":{"confidence_level":0.95,"lower_bound":4933.55295855532,"upper_bound":10448.929505895336},"point_estimate":8428.790365335342,"standard_error":1419.1308307970066}}