{"mean":{"confidence_interval":{"confidence_level":0.95,"lower_bound":0.002613175320714967,"upper_bound":0.02961569745888767},"point_estimate":0.015162427314850513,"standard_error":0.007332716354746466},"median":{"confidence_interval":{"confidence_level":0.95,"lower_bound":-0.0005510254833078765,"upper_bound":0.005020256351753849},"point_estimate":0.002189923539477334,"standard_error":0.0015366542232149846}}