{"mean":{"confidence_interval":{"confidence_level":0.95,"lower_bound":-0.01929402927359459,"upper_bound":0.02182122096452727},"point_estimate":0.0019512362837423858,"standard_error":0.010409855544516563},"median":{"confidence_interval":{"confidence_level":0.95,"lower_bound":-0.0031321851952741397,"upper_bound":0.0035269693255073342},"point_estimate":0.0005883082600486311,"standard_error":0.0018012550972894802}}