{"mean":{"confidence_interval":{"confidence_level":0.95,"lower_bound":-0.00505774622166969,"upper_bound":0.00883253269057963},"point_estimate":0.0013427474826717134,"standard_error":0.003584650749487242},"median":{"confidence_interval":{"confidence_level":0.95,"lower_bound":-0.005351359520871957,"upper_bound":-0.0018462463966658627},"point_estimate":-0.004067866989833413,"standard_error":0.0008514763647010305}}