{"mean":{"confidence_interval":{"confidence_level":0.95,"lower_bound":-0.028003158043203635,"upper_bound":-0.019866088635898015},"point_estimate":-0.023862666187742687,"standard_error":0.0020649732128416747},"median":{"confidence_interval":{"confidence_level":0.95,"lower_bound":-0.026483562174785646,"upper_bound":-0.020794838917914116},"point_estimate":-0.024011808280981706,"standard_error":0.0013976773900683107}}