{"mean":{"confidence_interval":{"confidence_level":0.95,"lower_bound":-0.0015155613231564447,"upper_bound":0.006169733633860419},"point_estimate":0.0023456319138634996,"standard_error":0.001942578559925275},"median":{"confidence_interval":{"confidence_level":0.95,"lower_bound":0.0010177400160786831,"upper_bound":0.005210727233761592},"point_estimate":0.0037682127064788684,"standard_error":0.0011435036267784993}}