{"mean":{"confidence_interval":{"confidence_level":0.95,"lower_bound":-0.009409423109610333,"upper_bound":-0.000955138751412589},"point_estimate":-0.005339200596924942,"standard_error":0.0021606203617498356},"median":{"confidence_interval":{"confidence_level":0.95,"lower_bound":-0.007696307602859442,"upper_bound":-0.004891739043480049},"point_estimate":-0.0066826943004957284,"standard_error":0.0007723230042090578}}