{"mean":{"confidence_interval":{"confidence_level":0.95,"lower_bound":-0.008784304359865009,"upper_bound":0.004249405854311753},"point_estimate":-0.0021567839869102157,"standard_error":0.003321697662937818},"median":{"confidence_interval":{"confidence_level":0.95,"lower_bound":-0.003667788792909965,"upper_bound":0.00043598299996761014},"point_estimate":-0.0013074685999816538,"standard_error":0.001080030835731171}}