{"mean":{"confidence_interval":{"confidence_level":0.95,"lower_bound":-0.028965209791400912,"upper_bound":-0.00016595301038195562},"point_estimate":-0.013712469970948216,"standard_error":0.00740068014658247},"median":{"confidence_interval":{"confidence_level":0.95,"lower_bound":-0.005177308731481478,"upper_bound":0.001413131151354996},"point_estimate":-0.0019971035604930965,"standard_error":0.0018022727826596402}}