{"mean":{"confidence_interval":{"confidence_level":0.95,"lower_bound":-0.005545456095475972,"upper_bound":0.004919008132235669},"point_estimate":0.00004981053249442091,"standard_error":0.002651056201696616},"median":{"confidence_interval":{"confidence_level":0.95,"lower_bound":0.0006749833184918064,"upper_bound":0.003172796473213557},"point_estimate":0.0019840113808229365,"standard_error":0.0006593534945415488}}