{"mean":{"confidence_interval":{"confidence_level":0.95,"lower_bound":0.002146946556603752,"upper_bound":0.01018350821901342},"point_estimate":0.006091305818362258,"standard_error":0.00200762455964087},"median":{"confidence_interval":{"confidence_level":0.95,"lower_bound":0.003174965254619355,"upper_bound":0.008333014344900525},"point_estimate":0.005448462240389862,"standard_error":0.0013674590879202894}}