{"mean":{"confidence_interval":{"confidence_level":0.95,"lower_bound":-0.023613348107420436,"upper_bound":-0.012065253700764304},"point_estimate":-0.017684829135234614,"standard_error":0.0029358801520107305},"median":{"confidence_interval":{"confidence_level":0.95,"lower_bound":-0.017808494760662374,"upper_bound":-0.011850752642151186},"point_estimate":-0.01429032213470538,"standard_error":0.0013990774707063837}}