{"mean":{"confidence_interval":{"confidence_level":0.95,"lower_bound":-0.03284268069154328,"upper_bound":-0.0031415392806002735},"point_estimate":-0.017013360488210116,"standard_error":0.007576805020387712},"median":{"confidence_interval":{"confidence_level":0.95,"lower_bound":-0.002955961915960703,"upper_bound":0.002099004564718232},"point_estimate":-0.0007802423979059725,"standard_error":0.0013095769382108404}}