{"mean":{"confidence_interval":{"confidence_level":0.95,"lower_bound":0.00799146632412885,"upper_bound":0.013507624525991082},"point_estimate":0.010913954997298303,"standard_error":0.001379610001309461},"median":{"confidence_interval":{"confidence_level":0.95,"lower_bound":0.007251880689539414,"upper_bound":0.01404739445741443},"point_estimate":0.011637965943033013,"standard_error":0.0016648823665292387}}