{"mean":{"confidence_interval":{"confidence_level":0.95,"lower_bound":-0.007306992354810712,"upper_bound":0.00012016433540452052},"point_estimate":-0.0031707043802112755,"standard_error":0.001907065856583698},"median":{"confidence_interval":{"confidence_level":0.95,"lower_bound":-0.0020849244966774094,"upper_bound":0.0005067399756328861},"point_estimate":-0.0008865497178341952,"standard_error":0.0006392670204328248}}