{"mean":{"confidence_interval":{"confidence_level":0.95,"lower_bound":-0.0073501561438549905,"upper_bound":-0.0015261078696157115},"point_estimate":-0.004365163052834187,"standard_error":0.0014824796416694258},"median":{"confidence_interval":{"confidence_level":0.95,"lower_bound":-0.008497560440432038,"upper_bound":-0.0012613112209156618},"point_estimate":-0.006043300899277848,"standard_error":0.0017418676839344941}}