{"mean":{"confidence_interval":{"confidence_level":0.95,"lower_bound":-0.0038710304204692125,"upper_bound":0.005719480530874708},"point_estimate":0.00019191195127143956,"standard_error":0.002494577010286074},"median":{"confidence_interval":{"confidence_level":0.95,"lower_bound":-0.004554172724475225,"upper_bound":-0.00017145834962895012},"point_estimate":-0.0023097143223150818,"standard_error":0.0010269080509554046}}