{"mean":{"confidence_interval":{"confidence_level":0.95,"lower_bound":-0.009176651522456121,"upper_bound":-0.0026889314703063025},"point_estimate":-0.00611159010061102,"standard_error":0.0016631986760769603},"median":{"confidence_interval":{"confidence_level":0.95,"lower_bound":-0.011595879088655114,"upper_bound":-0.00610395534951258},"point_estimate":-0.008121737139605734,"standard_error":0.0014756197503444134}}