{"mean":{"confidence_interval":{"confidence_level":0.95,"lower_bound":0.12983041121904765,"upper_bound":0.6111708417316635},"point_estimate":0.3289691317369685,"standard_error":0.13118027337769508},"median":{"confidence_interval":{"confidence_level":0.95,"lower_bound":0.0764376889386249,"upper_bound":0.4235977042354844},"point_estimate":0.21164869621788296,"standard_error":0.08901785732188655}}