{"mean":{"confidence_interval":{"confidence_level":0.95,"lower_bound":0.006590122429787455,"upper_bound":0.0318291626052257},"point_estimate":0.019438192041942415,"standard_error":0.00636831136665866},"median":{"confidence_interval":{"confidence_level":0.95,"lower_bound":0.009015696247192118,"upper_bound":0.031080958374975598},"point_estimate":0.019555911472412424,"standard_error":0.005266750341686489}}