{"mean":{"confidence_interval":{"confidence_level":0.95,"lower_bound":-0.0394411075131979,"upper_bound":0.017355191231310896},"point_estimate":-0.011734192871649007,"standard_error":0.014335380621380638},"median":{"confidence_interval":{"confidence_level":0.95,"lower_bound":-0.034768577299910564,"upper_bound":0.006785053650254502},"point_estimate":-0.002500539899192966,"standard_error":0.012494994689369461}}