{"mean":{"confidence_interval":{"confidence_level":0.95,"lower_bound":-0.4103883498591899,"upper_bound":-0.16428895876325555},"point_estimate":-0.28482222204941265,"standard_error":0.066545711834386},"median":{"confidence_interval":{"confidence_level":0.95,"lower_bound":-0.32288118634787166,"upper_bound":-0.11974914962121741},"point_estimate":-0.20431948389794996,"standard_error":0.05554763385338583}}