{"mean":{"confidence_interval":{"confidence_level":0.95,"lower_bound":-0.01221317438007429,"upper_bound":0.06269932355302263},"point_estimate":0.023782974681912927,"standard_error":0.01928312278209325},"median":{"confidence_interval":{"confidence_level":0.95,"lower_bound":-0.0034991880692770705,"upper_bound":0.021194344627299744},"point_estimate":0.006539843750912766,"standard_error":0.009720254019782536}}