{"mean":{"confidence_interval":{"confidence_level":0.95,"lower_bound":0.29596357670514206,"upper_bound":0.6889116497734109},"point_estimate":0.48283829098502573,"standard_error":0.09813658376245589},"median":{"confidence_interval":{"confidence_level":0.95,"lower_bound":0.20852602983070812,"upper_bound":0.7271716954407448},"point_estimate":0.4305181335972592,"standard_error":0.14942636462229178}}