{"mean":{"confidence_interval":{"confidence_level":0.95,"lower_bound":-0.008092303146820273,"upper_bound":0.004412122909783767},"point_estimate":-0.0006938682660432294,"standard_error":0.003315225863273668},"median":{"confidence_interval":{"confidence_level":0.95,"lower_bound":-0.002303865191787269,"upper_bound":0.005214634520183559},"point_estimate":0.002923096639341649,"standard_error":0.0018801416051904465}}