{"mean":{"confidence_interval":{"confidence_level":0.95,"lower_bound":-0.059479964877691395,"upper_bound":0.016762466264750198},"point_estimate":-0.020836912879970693,"standard_error":0.019557078264668227},"median":{"confidence_interval":{"confidence_level":0.95,"lower_bound":-0.0511657269221133,"upper_bound":0.01675684885486528},"point_estimate":-0.015109611810581125,"standard_error":0.015850726253047568}}