{"mean":{"confidence_interval":{"confidence_level":0.95,"lower_bound":-0.06475328524270939,"upper_bound":0.0024326813577651954},"point_estimate":-0.02767696660511798,"standard_error":0.01757867554110739},"median":{"confidence_interval":{"confidence_level":0.95,"lower_bound":-0.055890083703476146,"upper_bound":0.0018546757499102728},"point_estimate":-0.005356743275593545,"standard_error":0.012334841015729717}}