{"mean":{"confidence_interval":{"confidence_level":0.95,"lower_bound":0.018842651937394334,"upper_bound":0.07874132666694415},"point_estimate":0.04640742804931541,"standard_error":0.01575067012546539},"median":{"confidence_interval":{"confidence_level":0.95,"lower_bound":0.01688687360910679,"upper_bound":0.07062358750017639},"point_estimate":0.021086692890401437,"standard_error":0.00970690700840562}}