{"mean":{"confidence_interval":{"confidence_level":0.95,"lower_bound":-0.41624811202300926,"upper_bound":-0.23245556659117808},"point_estimate":-0.3338660855122453,"standard_error":0.04722977368437024},"median":{"confidence_interval":{"confidence_level":0.95,"lower_bound":-0.4300685161277875,"upper_bound":-0.19091472559048028},"point_estimate":-0.31850965727244807,"standard_error":0.07278965782933182}}