{"mean":{"confidence_interval":{"confidence_level":0.95,"lower_bound":0.005338875378592034,"upper_bound":0.02190469055948964},"point_estimate":0.012097653371246464,"standard_error":0.004367581361926727},"median":{"confidence_interval":{"confidence_level":0.95,"lower_bound":0.005544551599398595,"upper_bound":0.012741105829082722},"point_estimate":0.008991923015629455,"standard_error":0.0015934038451453302}}