{"mean":{"confidence_interval":{"confidence_level":0.95,"lower_bound":-0.0019308433471448836,"upper_bound":0.010967543787473614},"point_estimate":0.005772549829923035,"standard_error":0.0033651181343158434},"median":{"confidence_interval":{"confidence_level":0.95,"lower_bound":0.009503130311441232,"upper_bound":0.013413442589989888},"point_estimate":0.011247642060468577,"standard_error":0.001052089304711459}}