{"mean":{"confidence_interval":{"confidence_level":0.95,"lower_bound":-0.026332716080094864,"upper_bound":0.044821434243570886},"point_estimate":0.0008447298529561387,"standard_error":0.019131632999284758},"median":{"confidence_interval":{"confidence_level":0.95,"lower_bound":-0.034635848833580174,"upper_bound":0.007856225198705546},"point_estimate":-0.018982991751762768,"standard_error":0.012037321340519392}}