{"mean":{"confidence_interval":{"confidence_level":0.95,"lower_bound":0.0047825796669349555,"upper_bound":0.023822962830845906},"point_estimate":0.011932110840983778,"standard_error":0.005313035523601211},"median":{"confidence_interval":{"confidence_level":0.95,"lower_bound":0.004353523108886925,"upper_bound":0.009806739334782488},"point_estimate":0.006731185778493742,"standard_error":0.0015110993552080022}}