{"mean":{"confidence_interval":{"confidence_level":0.95,"lower_bound":0.006627484701801357,"upper_bound":0.021742735390599115},"point_estimate":0.015793582142811013,"standard_error":0.004185568077976367},"median":{"confidence_interval":{"confidence_level":0.95,"lower_bound":0.01618491982381509,"upper_bound":0.022919441482304848},"point_estimate":0.02036723440541599,"standard_error":0.0018748698465086684}}