{"mean":{"confidence_interval":{"confidence_level":0.95,"lower_bound":0.007313154554397045,"upper_bound":0.9879444623414328},"point_estimate":0.403246769901739,"standard_error":0.24706841832575838},"median":{"confidence_interval":{"confidence_level":0.95,"lower_bound":-0.008307266445438,"upper_bound":0.8223142022707355},"point_estimate":0.0064931950508722025,"standard_error":0.19443174050362036}}