{"mean":{"confidence_interval":{"confidence_level":0.95,"lower_bound":-0.006672947430689759,"upper_bound":0.012856415265382191},"point_estimate":0.0033857111963804254,"standard_error":0.004865302580161463},"median":{"confidence_interval":{"confidence_level":0.95,"lower_bound":-0.012144465575832264,"upper_bound":0.021036832598348987},"point_estimate":-0.00006813766346380756,"standard_error":0.010329784662693296}}