{"mean":{"confidence_interval":{"confidence_level":0.95,"lower_bound":-0.002004230865180083,"upper_bound":0.029407954013220765},"point_estimate":0.013939377838772193,"standard_error":0.007971236311829413},"median":{"confidence_interval":{"confidence_level":0.95,"lower_bound":-0.007363847239133817,"upper_bound":0.03983215817893693},"point_estimate":0.023782561586809692,"standard_error":0.012999977137941378}}