{"mean":{"confidence_interval":{"confidence_level":0.95,"lower_bound":-0.02334097264387626,"upper_bound":-0.004047988168548581},"point_estimate":-0.011645579486944446,"standard_error":0.005197619382455977},"median":{"confidence_interval":{"confidence_level":0.95,"lower_bound":-0.010551582211048238,"upper_bound":-0.004824603977411357},"point_estimate":-0.007912560973681648,"standard_error":0.0018203889568981337}}