{"mean":{"confidence_interval":{"confidence_level":0.95,"lower_bound":0.01110325124984235,"upper_bound":0.016696773095778328},"point_estimate":0.013939738956409098,"standard_error":0.001428012417355978},"median":{"confidence_interval":{"confidence_level":0.95,"lower_bound":0.009548943449771974,"upper_bound":0.017484059334734292},"point_estimate":0.01417355237822826,"standard_error":0.002056320817090427}}