{"mean":{"confidence_interval":{"confidence_level":0.95,"lower_bound":-0.01626752136754909,"upper_bound":-0.011772891284900923},"point_estimate":-0.013928792753913566,"standard_error":0.0011574217604576472},"median":{"confidence_interval":{"confidence_level":0.95,"lower_bound":-0.01764548470140581,"upper_bound":-0.010463382264508714},"point_estimate":-0.014048246024502609,"standard_error":0.0018315768581234646}}