{"mean":{"confidence_interval":{"confidence_level":0.95,"lower_bound":-0.5178871273673065,"upper_bound":-0.07858421360732981},"point_estimate":-0.3311885096210341,"standard_error":0.11441662515665872},"median":{"confidence_interval":{"confidence_level":0.95,"lower_bound":-0.4236808508838664,"upper_bound":-0.04705882003054196},"point_estimate":-0.05632907523389552,"standard_error":0.10115776363726493}}