{"mean":{"confidence_interval":{"confidence_level":0.95,"lower_bound":-0.4501103686596428,"upper_bound":-0.18141746877657053},"point_estimate":-0.33478795323313504,"standard_error":0.06878082286522863},"median":{"confidence_interval":{"confidence_level":0.95,"lower_bound":-0.4935599299683069,"upper_bound":-0.05650190342828354},"point_estimate":-0.26864080061265416,"standard_error":0.12990281882079982}}