{"mean":{"confidence_interval":{"confidence_level":0.95,"lower_bound":0.01203751718269186,"upper_bound":0.041154718286446},"point_estimate":0.026970754102806582,"standard_error":0.007782264881467079},"median":{"confidence_interval":{"confidence_level":0.95,"lower_bound":0.009452319732607739,"upper_bound":0.03611941844631228},"point_estimate":0.017984617718254325,"standard_error":0.007337979840419547}}