{"mean":{"confidence_interval":{"confidence_level":0.95,"lower_bound":-0.004090932773813135,"upper_bound":0.0039142494099189485},"point_estimate":-0.00038645215532617794,"standard_error":0.002016623251174836},"median":{"confidence_interval":{"confidence_level":0.95,"lower_bound":-0.004128563418261844,"upper_bound":0.0036435637096594586},"point_estimate":-0.00013803982599203124,"standard_error":0.0016108364713212303}}