{"mean":{"confidence_interval":{"confidence_level":0.95,"lower_bound":-0.03479997217276698,"upper_bound":-0.005855674007254286},"point_estimate":-0.01875972957231009,"standard_error":0.00749750541229034},"median":{"confidence_interval":{"confidence_level":0.95,"lower_bound":-0.031017777967147886,"upper_bound":-0.0014212327339923265},"point_estimate":-0.009356290363650932,"standard_error":0.007701299562724396}}