{"mean":{"confidence_interval":{"confidence_level":0.95,"lower_bound":0.23100552329101884,"upper_bound":0.8177693767880654},"point_estimate":0.5098585979116954,"standard_error":0.15466631633044625},"median":{"confidence_interval":{"confidence_level":0.95,"lower_bound":0.062462329552542606,"upper_bound":0.9835439742910812},"point_estimate":0.3694903485013432,"standard_error":0.2544629579091709}}