{"mean":{"confidence_interval":{"confidence_level":0.95,"lower_bound":-0.0020821332547598837,"upper_bound":0.005325273079144854},"point_estimate":0.0011448649008998224,"standard_error":0.0019128551029269196},"median":{"confidence_interval":{"confidence_level":0.95,"lower_bound":-0.004311143712222298,"upper_bound":0.0006005729740199417},"point_estimate":-0.0024937978497161506,"standard_error":0.0012304286778616726}}