{"mean":{"confidence_interval":{"confidence_level":0.95,"lower_bound":-0.24218860616867133,"upper_bound":-0.1129414560708138},"point_estimate":-0.1787276820966064,"standard_error":0.03321527827924577},"median":{"confidence_interval":{"confidence_level":0.95,"lower_bound":-0.26016499170022134,"upper_bound":-0.06582543100542282},"point_estimate":-0.13801320241748394,"standard_error":0.05011057580915675}}