{"mean":{"confidence_interval":{"confidence_level":0.95,"lower_bound":0.013011493827309368,"upper_bound":0.03403554013338634},"point_estimate":0.022089862825669382,"standard_error":0.005503004109257185},"median":{"confidence_interval":{"confidence_level":0.95,"lower_bound":0.01038182224280737,"upper_bound":0.03583892102274011},"point_estimate":0.016367989570122088,"standard_error":0.0054393594447122925}}