{"mean":{"confidence_interval":{"confidence_level":0.95,"lower_bound":-0.004666033512383949,"upper_bound":0.009283622248635914},"point_estimate":0.0012605472829931852,"standard_error":0.003520331550243998},"median":{"confidence_interval":{"confidence_level":0.95,"lower_bound":-0.0004482570590117474,"upper_bound":0.005526895120734787},"point_estimate":0.003330078660227054,"standard_error":0.0014992099593429192}}