{"mean":{"confidence_interval":{"confidence_level":0.95,"lower_bound":0.09571815942490823,"upper_bound":0.2811343774677175},"point_estimate":0.18627866390139824,"standard_error":0.048295275101503235},"median":{"confidence_interval":{"confidence_level":0.95,"lower_bound":0.042581309386625854,"upper_bound":0.3141869239079882},"point_estimate":0.1295908350583057,"standard_error":0.06924849596636688}}