{"mean":{"confidence_interval":{"confidence_level":0.95,"lower_bound":-0.029640134234134342,"upper_bound":-0.010972674958071879},"point_estimate":-0.019177908770847907,"standard_error":0.0048101979298126865},"median":{"confidence_interval":{"confidence_level":0.95,"lower_bound":-0.029672285045866498,"upper_bound":-0.009541624655124314},"point_estimate":-0.011552100457729919,"standard_error":0.004166313084892215}}