{"mean":{"confidence_interval":{"confidence_level":0.95,"lower_bound":-0.00395452142026731,"upper_bound":0.00468726255158165},"point_estimate":0.00053282665802179,"standard_error":0.0021958834012045774},"median":{"confidence_interval":{"confidence_level":0.95,"lower_bound":-0.003407197928872785,"upper_bound":0.005992195672993805},"point_estimate":-0.0001892856592597969,"standard_error":0.002204087830579975}}