{"mean":{"confidence_interval":{"confidence_level":0.95,"lower_bound":231483650.5485,"upper_bound":233746533.9},"point_estimate":232530943.98,"standard_error":580832.0641541715},"median":{"confidence_interval":{"confidence_level":0.95,"lower_bound":230815419.0,"upper_bound":231840281.0},"point_estimate":231270402.5,"standard_error":243737.88521316787},"median_abs_dev":{"confidence_interval":{"confidence_level":0.95,"lower_bound":880831.1768621206,"upper_bound":2139933.6523085833},"point_estimate":1466033.4015727043,"standard_error":321171.7590498573},"slope":null,"std_dev":{"confidence_interval":{"confidence_level":0.95,"lower_bound":2352002.259491841,"upper_bound":5419105.073011389},"point_estimate":4130730.2661898257,"standard_error":782432.4483803065}}