{"mean":{"confidence_interval":{"confidence_level":0.95,"lower_bound":230455193.979,"upper_bound":232342590.6255},"point_estimate":231302084.04,"standard_error":485971.96204462816},"median":{"confidence_interval":{"confidence_level":0.95,"lower_bound":229965321.5,"upper_bound":230563668.0},"point_estimate":230180949.5,"standard_error":151317.49073402383},"median_abs_dev":{"confidence_interval":{"confidence_level":0.95,"lower_bound":565854.2950540781,"upper_bound":1300076.349619031},"point_estimate":885857.9320728779,"standard_error":187493.3455271241},"slope":null,"std_dev":{"confidence_interval":{"confidence_level":0.95,"lower_bound":1362006.3727817019,"upper_bound":4880431.322492164},"point_estimate":3478890.612777473,"standard_error":866932.2385526492}}