{"mean":{"confidence_interval":{"confidence_level":0.95,"lower_bound":230748691.0645,"upper_bound":232674146.84849998},"point_estimate":231627948.94,"standard_error":491508.23403847683},"median":{"confidence_interval":{"confidence_level":0.95,"lower_bound":230075677.0,"upper_bound":231113526.0},"point_estimate":230739066.5,"standard_error":281953.85621127277},"median_abs_dev":{"confidence_interval":{"confidence_level":0.95,"lower_bound":1029694.5924192667,"upper_bound":2164093.3601796627},"point_estimate":1598981.1064124107,"standard_error":275114.42035901034},"slope":null,"std_dev":{"confidence_interval":{"confidence_level":0.95,"lower_bound":1986309.6387933549,"upper_bound":4618647.444103719},"point_estimate":3502266.8841723735,"standard_error":670800.1936633316}}