{"mean":{"confidence_interval":{"confidence_level":0.95,"lower_bound":232333635.67,"upper_bound":234359747.5195},"point_estimate":233243081.78,"standard_error":522687.3005806348},"median":{"confidence_interval":{"confidence_level":0.95,"lower_bound":231758708.5,"upper_bound":232405809.0},"point_estimate":232025776.0,"standard_error":162752.61118734},"median_abs_dev":{"confidence_interval":{"confidence_level":0.95,"lower_bound":599896.2730497122,"upper_bound":1566398.0067908764},"point_estimate":1034796.9602286816,"standard_error":244585.16367020892},"slope":null,"std_dev":{"confidence_interval":{"confidence_level":0.95,"lower_bound":1727273.6759192373,"upper_bound":5430020.238054574},"point_estimate":3745534.3039886267,"standard_error":981977.4928662021}}