{"mean":{"confidence_interval":{"confidence_level":0.95,"lower_bound":235936708.67200002,"upper_bound":238641227.5735},"point_estimate":237208167.42,"standard_error":690887.5447010263},"median":{"confidence_interval":{"confidence_level":0.95,"lower_bound":234317812.5,"upper_bound":237093164.5},"point_estimate":235549617.5,"standard_error":892294.5137522052},"median_abs_dev":{"confidence_interval":{"confidence_level":0.95,"lower_bound":1871579.443235323,"upper_bound":5316178.740718961},"point_estimate":2845857.321175933,"standard_error":975863.3857718224},"slope":null,"std_dev":{"confidence_interval":{"confidence_level":0.95,"lower_bound":3443345.3175531393,"upper_bound":6328562.935735083},"point_estimate":4942481.6845883345,"standard_error":750605.1621304114}}