{"mean":{"confidence_interval":{"confidence_level":0.95,"lower_bound":-0.027730435487610228,"upper_bound":-0.006240979351593401},"point_estimate":-0.016499961204334945,"standard_error":0.005506218837273717},"median":{"confidence_interval":{"confidence_level":0.95,"lower_bound":-0.0029549563292793346,"upper_bound":0.009284999946870265},"point_estimate":0.005674666742389922,"standard_error":0.0036153760474335766}}