{"mean":{"confidence_interval":{"confidence_level":0.95,"lower_bound":-0.00491517399886269,"upper_bound":0.004963340628658764},"point_estimate":0.00031396343236256286,"standard_error":0.002517253380268586},"median":{"confidence_interval":{"confidence_level":0.95,"lower_bound":-0.001856405746744714,"upper_bound":0.003642546037677663},"point_estimate":0.0005782125601776489,"standard_error":0.001394007499611579}}