{"mean":{"confidence_interval":{"confidence_level":0.95,"lower_bound":-0.00226417434162622,"upper_bound":0.006446500875734917},"point_estimate":0.0018203010743542691,"standard_error":0.0022546339366645244},"median":{"confidence_interval":{"confidence_level":0.95,"lower_bound":-0.0018951304849266215,"upper_bound":0.002881433578472592},"point_estimate":0.0005543275101798084,"standard_error":0.001205888952039174}}