{"mean":{"confidence_interval":{"confidence_level":0.95,"lower_bound":-0.008360069578398964,"upper_bound":0.01691342944270539},"point_estimate":0.0028052211954268103,"standard_error":0.006301131895646023},"median":{"confidence_interval":{"confidence_level":0.95,"lower_bound":-0.006443461065584022,"upper_bound":0.0012281169524201996},"point_estimate":-0.003694000366500916,"standard_error":0.0019817101705347823}}