{"mean":{"confidence_interval":{"confidence_level":0.95,"lower_bound":-0.02703440017310198,"upper_bound":-0.017865718578660136},"point_estimate":-0.02218805915227362,"standard_error":0.002342592804776424},"median":{"confidence_interval":{"confidence_level":0.95,"lower_bound":-0.0233868997479455,"upper_bound":-0.017619069550810385},"point_estimate":-0.020523157614010246,"standard_error":0.0013849241563860374}}