{"mean":{"confidence_interval":{"confidence_level":0.95,"lower_bound":-0.008567948064004294,"upper_bound":0.0002619996015398115},"point_estimate":-0.0039006513070796167,"standard_error":0.0022570279868726335},"median":{"confidence_interval":{"confidence_level":0.95,"lower_bound":-0.0042198890137405964,"upper_bound":0.0014851324497617835},"point_estimate":-0.0012341092992209646,"standard_error":0.0014667380598127222}}