{"mean":{"confidence_interval":{"confidence_level":0.95,"lower_bound":-0.025534655913278907,"upper_bound":-0.009091262595943908},"point_estimate":-0.017300436947556563,"standard_error":0.004169045834014578},"median":{"confidence_interval":{"confidence_level":0.95,"lower_bound":-0.024285612923645505,"upper_bound":-0.00934059947649235},"point_estimate":-0.018902218650411307,"standard_error":0.003997169332738266}}