{"mean":{"confidence_interval":{"confidence_level":0.95,"lower_bound":-0.008072139665163102,"upper_bound":0.004717588656457244},"point_estimate":-0.0020445442169324535,"standard_error":0.003231900450156863},"median":{"confidence_interval":{"confidence_level":0.95,"lower_bound":-0.004581832261183583,"upper_bound":0.0018549622593837523},"point_estimate":-0.0019957024435084403,"standard_error":0.0016755277209992555}}