{"mean":{"confidence_interval":{"confidence_level":0.95,"lower_bound":-0.00870202257787267,"upper_bound":0.013520272670931588},"point_estimate":0.0027909978098596966,"standard_error":0.005669841825819618},"median":{"confidence_interval":{"confidence_level":0.95,"lower_bound":0.0018595506976877285,"upper_bound":0.014425908516688457},"point_estimate":0.009346325741914852,"standard_error":0.0034962071751981814}}