{"mean":{"confidence_interval":{"confidence_level":0.95,"lower_bound":0.003098364117684394,"upper_bound":0.02171111618163299},"point_estimate":0.01165758869901623,"standard_error":0.004797531086886192},"median":{"confidence_interval":{"confidence_level":0.95,"lower_bound":-0.0013943805366384288,"upper_bound":0.004476177770465162},"point_estimate":0.0014219076780530582,"standard_error":0.0015223296622960305}}