{"mean":{"confidence_interval":{"confidence_level":0.95,"lower_bound":-0.011533893969981147,"upper_bound":0.012870056572213325},"point_estimate":-0.000010862410042888904,"standard_error":0.006197367991196597},"median":{"confidence_interval":{"confidence_level":0.95,"lower_bound":-0.022046826394667818,"upper_bound":0.00016642726134996622},"point_estimate":-0.015806496256228875,"standard_error":0.00493266128450548}}