{"mean":{"confidence_interval":{"confidence_level":0.95,"lower_bound":0.0004420897573460536,"upper_bound":0.020043249527646537},"point_estimate":0.00862553937565802,"standard_error":0.004873266286565792},"median":{"confidence_interval":{"confidence_level":0.95,"lower_bound":0.007483009150304865,"upper_bound":0.014507219354242373},"point_estimate":0.01136282367385788,"standard_error":0.0018338213544150915}}