{"mean":{"confidence_interval":{"confidence_level":0.95,"lower_bound":0.012977517557849483,"upper_bound":0.023125700901001054},"point_estimate":0.01720669581479828,"standard_error":0.002506002187386766},"median":{"confidence_interval":{"confidence_level":0.95,"lower_bound":0.011414229054027114,"upper_bound":0.018290571151909494},"point_estimate":0.014845096736547658,"standard_error":0.0017166364959023026}}