{"mean":{"confidence_interval":{"confidence_level":0.95,"lower_bound":-0.005767561404081805,"upper_bound":0.0073906974786246415},"point_estimate":0.0008924076768976885,"standard_error":0.003359806999035075},"median":{"confidence_interval":{"confidence_level":0.95,"lower_bound":-0.0022958359234858117,"upper_bound":0.004027411694582211},"point_estimate":0.0006700092499278831,"standard_error":0.0016189639163369499}}