{"mean":{"confidence_interval":{"confidence_level":0.95,"lower_bound":-0.024119336442166937,"upper_bound":-0.003627512501493217},"point_estimate":-0.012793115287711765,"standard_error":0.005258569647123913},"median":{"confidence_interval":{"confidence_level":0.95,"lower_bound":-0.010668621339045115,"upper_bound":-0.00440396881574423},"point_estimate":-0.007182801253820759,"standard_error":0.001606077971009536}}