{"mean":{"confidence_interval":{"confidence_level":0.95,"lower_bound":0.0020094155860298003,"upper_bound":0.012842941300170928},"point_estimate":0.006819061868190701,"standard_error":0.0027280457236266925},"median":{"confidence_interval":{"confidence_level":0.95,"lower_bound":-0.0003413244726403475,"upper_bound":0.004265783858165673},"point_estimate":0.0013306506761276982,"standard_error":0.0011539372479155766}}