{"mean":{"confidence_interval":{"confidence_level":0.95,"lower_bound":9450.477079692562,"upper_bound":9705.995972050501},"point_estimate":9557.781744680067,"standard_error":66.66937509047337},"median":{"confidence_interval":{"confidence_level":0.95,"lower_bound":9428.418749092625,"upper_bound":9466.957152274226},"point_estimate":9445.782473057288,"standard_error":8.85147357758859},"median_abs_dev":{"confidence_interval":{"confidence_level":0.95,"lower_bound":38.00984130359576,"upper_bound":81.56788717982569},"point_estimate":58.933388580764166,"standard_error":11.39204248244411},"slope":{"confidence_interval":{"confidence_level":0.95,"lower_bound":9453.462781683427,"upper_bound":9589.864488484318},"point_estimate":9503.113940224726,"standard_error":36.719511862211995},"std_dev":{"confidence_interval":{"confidence_level":0.95,"lower_bound":72.7754144105747,"upper_bound":729.806370813272},"point_estimate":477.3414655890618,"standard_error":172.47168181485512}}