{"mean":{"confidence_interval":{"confidence_level":0.95,"lower_bound":9639.731489349611,"upper_bound":9725.999466293504},"point_estimate":9681.09219746904,"standard_error":22.13193900618031},"median":{"confidence_interval":{"confidence_level":0.95,"lower_bound":9629.496353799106,"upper_bound":9687.225425950197},"point_estimate":9662.263697757391,"standard_error":14.234522831033265},"median_abs_dev":{"confidence_interval":{"confidence_level":0.95,"lower_bound":68.69311341668185,"upper_bound":160.201841421904},"point_estimate":125.26562365529573,"standard_error":23.705074077105046},"slope":{"confidence_interval":{"confidence_level":0.95,"lower_bound":9658.066957359077,"upper_bound":9723.852832088167},"point_estimate":9690.62023841456,"standard_error":16.790673159254464},"std_dev":{"confidence_interval":{"confidence_level":0.95,"lower_bound":109.86207662313004,"upper_bound":197.25620117829266},"point_estimate":158.4627233640103,"standard_error":22.351642882418922}}