{"mean":{"confidence_interval":{"confidence_level":0.95,"lower_bound":-0.015259569141168553,"upper_bound":-0.0028911699489678755},"point_estimate":-0.008193597410605546,"standard_error":0.003188754004905529},"median":{"confidence_interval":{"confidence_level":0.95,"lower_bound":-0.00816884230533832,"upper_bound":-0.0036124827188973585},"point_estimate":-0.006290611940835467,"standard_error":0.0010282857294280586}}