{"mean":{"confidence_interval":{"confidence_level":0.95,"lower_bound":0.013135001378059785,"upper_bound":0.018598235603101587},"point_estimate":0.015959005272712323,"standard_error":0.0013932375531016618},"median":{"confidence_interval":{"confidence_level":0.95,"lower_bound":0.015033198647589119,"upper_bound":0.020067798974322985},"point_estimate":0.017927668761480442,"standard_error":0.0012000011156550147}}