{"mean":{"confidence_interval":{"confidence_level":0.95,"lower_bound":-0.017510028572876337,"upper_bound":0.0012767502274260445},"point_estimate":-0.008133777278639731,"standard_error":0.0047015001593436415},"median":{"confidence_interval":{"confidence_level":0.95,"lower_bound":-0.011192427354906553,"upper_bound":-0.0019615986748776223},"point_estimate":-0.00801462477764936,"standard_error":0.002489478236997339}}