{"mean":{"confidence_interval":{"confidence_level":0.95,"lower_bound":-0.008813415826459963,"upper_bound":-0.0007665295242058612},"point_estimate":-0.004519926307171573,"standard_error":0.0020384833440593273},"median":{"confidence_interval":{"confidence_level":0.95,"lower_bound":-0.0047516289213600515,"upper_bound":-0.0011279241364958725},"point_estimate":-0.0024759730401042734,"standard_error":0.0008791373011744906}}