{"mean":{"confidence_interval":{"confidence_level":0.95,"lower_bound":0.009399294989516594,"upper_bound":0.017825876246605452},"point_estimate":0.01364972681573251,"standard_error":0.0021335721294244037},"median":{"confidence_interval":{"confidence_level":0.95,"lower_bound":0.012339433352252627,"upper_bound":0.018375258826300644},"point_estimate":0.01620793868465209,"standard_error":0.0015593396969670087}}