{"mean":{"confidence_interval":{"confidence_level":0.95,"lower_bound":-0.006818455388800008,"upper_bound":0.02124512205172922},"point_estimate":0.006356934607541831,"standard_error":0.007255090165091978},"median":{"confidence_interval":{"confidence_level":0.95,"lower_bound":-0.0036539114703938447,"upper_bound":0.000820086881831945},"point_estimate":-0.0011200255097334466,"standard_error":0.0011365354947899709}}