{"mean":{"confidence_interval":{"confidence_level":0.95,"lower_bound":0.0008592407102097359,"upper_bound":0.01631088370507613},"point_estimate":0.007697777041310472,"standard_error":0.00399333476230974},"median":{"confidence_interval":{"confidence_level":0.95,"lower_bound":-0.0016369015134558573,"upper_bound":0.006243638064947543},"point_estimate":0.0018391916477324965,"standard_error":0.0022543998676169768}}