{"mean":{"confidence_interval":{"confidence_level":0.95,"lower_bound":-0.004840043301403063,"upper_bound":0.011320172644144155},"point_estimate":0.001663387456230625,"standard_error":0.004390524202736264},"median":{"confidence_interval":{"confidence_level":0.95,"lower_bound":-0.003142983915601416,"upper_bound":0.0015044985724987914},"point_estimate":-0.00015236756145964314,"standard_error":0.0010942366157337814}}