{"mean":{"confidence_interval":{"confidence_level":0.95,"lower_bound":-0.009410510140080259,"upper_bound":0.01886218059289102},"point_estimate":0.005541614939224004,"standard_error":0.0072231894822419665},"median":{"confidence_interval":{"confidence_level":0.95,"lower_bound":0.01037516142199536,"upper_bound":0.02032172187002934},"point_estimate":0.016494734522085608,"standard_error":0.002596584462754242}}