{"mean":{"confidence_interval":{"confidence_level":0.95,"lower_bound":-0.017692539465529452,"upper_bound":-0.004027178560523148},"point_estimate":-0.0116863507533439,"standard_error":0.0034678277354212575},"median":{"confidence_interval":{"confidence_level":0.95,"lower_bound":-0.021823592419995985,"upper_bound":-0.016253517903765058},"point_estimate":-0.019859839511285893,"standard_error":0.001469399926181677}}