{"mean":{"confidence_interval":{"confidence_level":0.95,"lower_bound":-0.012137378210327041,"upper_bound":0.004480699560610789},"point_estimate":-0.001974178344214428,"standard_error":0.00448573984196455},"median":{"confidence_interval":{"confidence_level":0.95,"lower_bound":-0.0016940581850760639,"upper_bound":0.0034249475695387055},"point_estimate":0.0009171579753770587,"standard_error":0.0013562688191565166}}