{"mean":{"confidence_interval":{"confidence_level":0.95,"lower_bound":-0.002807830311469356,"upper_bound":0.0034979489708444333},"point_estimate":0.00041989180919044244,"standard_error":0.0016337434618166936},"median":{"confidence_interval":{"confidence_level":0.95,"lower_bound":-0.002714082768977555,"upper_bound":0.0028358218109574285},"point_estimate":0.0012444852319029032,"standard_error":0.001427460833001758}}