{"mean":{"confidence_interval":{"confidence_level":0.95,"lower_bound":-0.004662047350978601,"upper_bound":0.0014435695825918415},"point_estimate":-0.0015120693549638409,"standard_error":0.0015450539899357454},"median":{"confidence_interval":{"confidence_level":0.95,"lower_bound":-0.004775029775603845,"upper_bound":0.0013071092016629926},"point_estimate":-0.002129052909947582,"standard_error":0.001560298116817443}}