{"mean":{"confidence_interval":{"confidence_level":0.95,"lower_bound":-0.0017902274822112695,"upper_bound":0.0066895392533937795},"point_estimate":0.002395120175949117,"standard_error":0.002144441692896056},"median":{"confidence_interval":{"confidence_level":0.95,"lower_bound":-0.0019887597963468284,"upper_bound":0.004087638708797359},"point_estimate":0.000024534277557997086,"standard_error":0.001606352995789193}}