{"mean":{"confidence_interval":{"confidence_level":0.95,"lower_bound":-0.0017267592940061194,"upper_bound":0.012643529915947083},"point_estimate":0.006066998198642981,"standard_error":0.0036933253436462975},"median":{"confidence_interval":{"confidence_level":0.95,"lower_bound":0.006771860558354659,"upper_bound":0.014985113309065934},"point_estimate":0.010418370144438471,"standard_error":0.0022046626671275086}}