{"mean":{"confidence_interval":{"confidence_level":0.95,"lower_bound":0.0011722452473069698,"upper_bound":0.006601373168392266},"point_estimate":0.0037584224940059308,"standard_error":0.0013852171842502069},"median":{"confidence_interval":{"confidence_level":0.95,"lower_bound":0.00011145061485207108,"upper_bound":0.00472535956828124},"point_estimate":0.0026696901526575,"standard_error":0.001167536857770976}}