{"mean":{"confidence_interval":{"confidence_level":0.95,"lower_bound":42881729.99459523,"upper_bound":64239680.54666666},"point_estimate":52732688.77321429,"standard_error":5525188.391488192},"median":{"confidence_interval":{"confidence_level":0.95,"lower_bound":39595793.29166667,"upper_bound":65896943.25},"point_estimate":41326742.41666667,"standard_error":8101969.501804326},"median_abs_dev":{"confidence_interval":{"confidence_level":0.95,"lower_bound":312751.97579754173,"upper_bound":29723108.58832433},"point_estimate":3125364.851863688,"standard_error":9149469.704284884},"slope":{"confidence_interval":{"confidence_level":0.95,"lower_bound":46906725.47366236,"upper_bound":73088062.7969506},"point_estimate":60014170.73766234,"standard_error":6597531.317310932},"std_dev":{"confidence_interval":{"confidence_level":0.95,"lower_bound":7296006.959453169,"upper_bound":23485701.899035595},"point_estimate":18468967.133316115,"standard_error":4139629.528802732}}