{"mean":{"confidence_interval":{"confidence_level":0.95,"lower_bound":-0.40841462568751485,"upper_bound":-0.10656723004328084},"point_estimate":-0.2753621759439663,"standard_error":0.07699972228278883},"median":{"confidence_interval":{"confidence_level":0.95,"lower_bound":-0.41957859791251473,"upper_bound":-0.0337443803658225},"point_estimate":-0.07615176882301344,"standard_error":0.12409390512637519}}