{"mean":{"confidence_interval":{"confidence_level":0.95,"lower_bound":-0.02421333063108049,"upper_bound":0.014912386177370326},"point_estimate":-0.004014400639680393,"standard_error":0.009947265694463012},"median":{"confidence_interval":{"confidence_level":0.95,"lower_bound":-0.028556730745018077,"upper_bound":0.021556163264665917},"point_estimate":0.0011309800765526568,"standard_error":0.012337157010249178}}