{"mean":{"confidence_interval":{"confidence_level":0.95,"lower_bound":-0.01112923750163941,"upper_bound":0.000666928735525048},"point_estimate":-0.004376847866595868,"standard_error":0.0031120349738013556},"median":{"confidence_interval":{"confidence_level":0.95,"lower_bound":-0.0063892241746204,"upper_bound":0.0013149649310384426},"point_estimate":-0.0013890971642930294,"standard_error":0.001785520971126588}}