{"mean":{"confidence_interval":{"confidence_level":0.95,"lower_bound":0.08515092561764342,"upper_bound":0.3589063655871666},"point_estimate":0.21553951993442433,"standard_error":0.0731790450598343},"median":{"confidence_interval":{"confidence_level":0.95,"lower_bound":0.029090493094478864,"upper_bound":0.47362558232851915},"point_estimate":0.11790237482161192,"standard_error":0.11665861524646257}}