{"mean":{"confidence_interval":{"confidence_level":0.95,"lower_bound":-0.09677585817512305,"upper_bound":0.0073412807000250435},"point_estimate":-0.03706632035963553,"standard_error":0.027730228081563044},"median":{"confidence_interval":{"confidence_level":0.95,"lower_bound":-0.05404401318709884,"upper_bound":0.019997898414218174},"point_estimate":-0.009200388543070148,"standard_error":0.01721861482057923}}