{"mean":{"confidence_interval":{"confidence_level":0.95,"lower_bound":-0.2747401712692036,"upper_bound":-0.08791252651160086},"point_estimate":-0.1861749097044204,"standard_error":0.048197677695820264},"median":{"confidence_interval":{"confidence_level":0.95,"lower_bound":-0.326877924231724,"upper_bound":-0.0400573718638334},"point_estimate":-0.11471899989507917,"standard_error":0.07886699324351043}}