{"mean":{"confidence_interval":{"confidence_level":0.95,"lower_bound":0.10238004128343112,"upper_bound":0.6214948994355144},"point_estimate":0.3643772672087999,"standard_error":0.13571964568721068},"median":{"confidence_interval":{"confidence_level":0.95,"lower_bound":0.026498803062446452,"upper_bound":0.6967373571955977},"point_estimate":0.07731087728073338,"standard_error":0.18977931137963663}}