{"mean":{"confidence_interval":{"confidence_level":0.95,"lower_bound":0.009180241781670696,"upper_bound":0.11404886325877327},"point_estimate":0.05444407578125188,"standard_error":0.028483962919750284},"median":{"confidence_interval":{"confidence_level":0.95,"lower_bound":0.005143600785398217,"upper_bound":0.05909185867013278},"point_estimate":0.011959791636443118,"standard_error":0.013462706202854278}}