{"mean":{"confidence_interval":{"confidence_level":0.95,"lower_bound":-0.022522406392844446,"upper_bound":0.004944868823124647},"point_estimate":-0.008024068780577598,"standard_error":0.007073008450062352},"median":{"confidence_interval":{"confidence_level":0.95,"lower_bound":-0.02677507060379858,"upper_bound":0.005135743494242284},"point_estimate":0.0009786909238713726,"standard_error":0.007467994205107659}}