{"mean":{"confidence_interval":{"confidence_level":0.95,"lower_bound":0.0008874431624352364,"upper_bound":0.003325873791296596},"point_estimate":0.0020695885551222926,"standard_error":0.0006311124078920808},"median":{"confidence_interval":{"confidence_level":0.95,"lower_bound":0.0008516612960240977,"upper_bound":0.00414494634337248},"point_estimate":0.0025813986459741756,"standard_error":0.0008441130307147483}}