{"mean":{"confidence_interval":{"confidence_level":0.95,"lower_bound":0.006049301677420939,"upper_bound":0.03743687057614649},"point_estimate":0.020646998929783722,"standard_error":0.008525419255447374},"median":{"confidence_interval":{"confidence_level":0.95,"lower_bound":-0.0005765184519378463,"upper_bound":0.03736958507121835},"point_estimate":0.007961308312933513,"standard_error":0.010979336472976215}}