{"mean":{"confidence_interval":{"confidence_level":0.95,"lower_bound":0.017919227585020632,"upper_bound":0.06131445069072728},"point_estimate":0.03596852102453685,"standard_error":0.010776528644204766},"median":{"confidence_interval":{"confidence_level":0.95,"lower_bound":0.007939650573543844,"upper_bound":0.07362567987456825},"point_estimate":0.022981320968722407,"standard_error":0.013785764462905636}}