{"mean":{"confidence_interval":{"confidence_level":0.95,"lower_bound":-0.020737002852792896,"upper_bound":0.001890777809648414},"point_estimate":-0.007439837354319301,"standard_error":0.006022024607137551},"median":{"confidence_interval":{"confidence_level":0.95,"lower_bound":-0.010434913476573326,"upper_bound":0.00329963173370329},"point_estimate":-0.0017274736347226982,"standard_error":0.0034133760687626476}}