{"mean":{"confidence_interval":{"confidence_level":0.95,"lower_bound":-0.0029228290258631363,"upper_bound":0.026304730815435665},"point_estimate":0.010650479011870218,"standard_error":0.008855340413298792},"median":{"confidence_interval":{"confidence_level":0.95,"lower_bound":-0.002974616779271577,"upper_bound":0.014690836858057166},"point_estimate":0.004851408150212899,"standard_error":0.004005444659693445}}