{"mean":{"confidence_interval":{"confidence_level":0.95,"lower_bound":-0.02210239002676919,"upper_bound":-0.0073092002805210665},"point_estimate":-0.0144052319745398,"standard_error":0.0038142026382464622},"median":{"confidence_interval":{"confidence_level":0.95,"lower_bound":-0.021302728530732118,"upper_bound":-0.00227264959674478},"point_estimate":-0.010480463683350982,"standard_error":0.005363946720216238}}