{"mean":{"confidence_interval":{"confidence_level":0.95,"lower_bound":-0.08342433953685413,"upper_bound":-0.04395319197824432},"point_estimate":-0.06248003814619796,"standard_error":0.010153011073447224},"median":{"confidence_interval":{"confidence_level":0.95,"lower_bound":-0.08919092479156776,"upper_bound":-0.03898227228057871},"point_estimate":-0.05329390393453215,"standard_error":0.01121572542187215}}