{"mean":{"confidence_interval":{"confidence_level":0.95,"lower_bound":-0.016143662743193565,"upper_bound":-0.0018824003757936802},"point_estimate":-0.008716386495414619,"standard_error":0.0036594256661468287},"median":{"confidence_interval":{"confidence_level":0.95,"lower_bound":-0.005192677215596949,"upper_bound":-0.00015161332665569738},"point_estimate":-0.0019443321794985202,"standard_error":0.0013795631333035944}}