{"mean":{"confidence_interval":{"confidence_level":0.95,"lower_bound":-0.001364171342575296,"upper_bound":0.01085600138389069},"point_estimate":0.004015018401010595,"standard_error":0.003110262496352429},"median":{"confidence_interval":{"confidence_level":0.95,"lower_bound":-0.0034789274084399135,"upper_bound":0.007390522826989043},"point_estimate":0.0011439955525638368,"standard_error":0.0027848180952413214}}