{"mean":{"confidence_interval":{"confidence_level":0.95,"lower_bound":-0.001304346496955211,"upper_bound":0.01609204595941765},"point_estimate":0.0067336043659878,"standard_error":0.004392302388504948},"median":{"confidence_interval":{"confidence_level":0.95,"lower_bound":0.000060278513830835934,"upper_bound":0.015149148952760871},"point_estimate":0.005151090897860033,"standard_error":0.0030499026966113937}}