{"mean":{"confidence_interval":{"confidence_level":0.95,"lower_bound":0.058436423760574015,"upper_bound":0.6157829721197},"point_estimate":0.29577208022086365,"standard_error":0.14517181760829861},"median":{"confidence_interval":{"confidence_level":0.95,"lower_bound":0.04036129002651334,"upper_bound":0.4511781028642079},"point_estimate":0.06885127489386611,"standard_error":0.10847933826455988}}