{"mean":{"confidence_interval":{"confidence_level":0.95,"lower_bound":0.00036657822077883613,"upper_bound":0.023390655651942413},"point_estimate":0.009329752796165547,"standard_error":0.006456074181856127},"median":{"confidence_interval":{"confidence_level":0.95,"lower_bound":-0.002043781503321518,"upper_bound":0.012578134225690762},"point_estimate":0.003088286434026033,"standard_error":0.004228965683307013}}