{"mean":{"confidence_interval":{"confidence_level":0.95,"lower_bound":-0.396986309527354,"upper_bound":-0.08596634679792092},"point_estimate":-0.2458695838058833,"standard_error":0.08347193796284198},"median":{"confidence_interval":{"confidence_level":0.95,"lower_bound":-0.2891391735697695,"upper_bound":-0.05884512489226945},"point_estimate":-0.08090288816573743,"standard_error":0.061780368682061486}}