{"mean":{"confidence_interval":{"confidence_level":0.95,"lower_bound":-0.00580260437423265,"upper_bound":0.03184571841584671},"point_estimate":0.015502117343292099,"standard_error":0.00984089392092115},"median":{"confidence_interval":{"confidence_level":0.95,"lower_bound":0.01233670007051102,"upper_bound":0.034726252356493736},"point_estimate":0.019827444784239256,"standard_error":0.006846973241787898}}