{"mean":{"confidence_interval":{"confidence_level":0.95,"lower_bound":-0.004492838313778292,"upper_bound":0.008832892635908474},"point_estimate":0.0017980975630640383,"standard_error":0.003320937452292088},"median":{"confidence_interval":{"confidence_level":0.95,"lower_bound":-0.002834907394604791,"upper_bound":0.0029828164447620693},"point_estimate":-0.0005738866952856858,"standard_error":0.0013857151669062324}}