{"mean":{"confidence_interval":{"confidence_level":0.95,"lower_bound":-0.014082455747244586,"upper_bound":0.005857688569653254},"point_estimate":-0.003019134357880815,"standard_error":0.005105976299462978},"median":{"confidence_interval":{"confidence_level":0.95,"lower_bound":-0.0014849817361082263,"upper_bound":0.0017067257138261294},"point_estimate":0.00019721701135622105,"standard_error":0.0007907331464199359}}