{"mean":{"confidence_interval":{"confidence_level":0.95,"lower_bound":-0.3947409478121341,"upper_bound":-0.21093295038103888},"point_estimate":-0.3087221569080728,"standard_error":0.046928708477264436},"median":{"confidence_interval":{"confidence_level":0.95,"lower_bound":-0.3267040939897574,"upper_bound":-0.04880692643991991},"point_estimate":-0.1394871928930317,"standard_error":0.07936588939564684}}