{"mean":{"confidence_interval":{"confidence_level":0.95,"lower_bound":-0.0029218134909018557,"upper_bound":0.011102660189462536},"point_estimate":0.0038489473700935584,"standard_error":0.0036120075934863148},"median":{"confidence_interval":{"confidence_level":0.95,"lower_bound":0.00014121517640752757,"upper_bound":0.004653150743066048},"point_estimate":0.0015322847773084902,"standard_error":0.0011288259138332803}}