{"mean":{"confidence_interval":{"confidence_level":0.95,"lower_bound":-0.004090711656563273,"upper_bound":0.0027396945505909543},"point_estimate":-0.0007907443301118366,"standard_error":0.0017124838160556947},"median":{"confidence_interval":{"confidence_level":0.95,"lower_bound":-0.0022830884639999383,"upper_bound":0.00033519837798490215},"point_estimate":-0.001017191674946516,"standard_error":0.000719971569242387}}