{"mean":{"confidence_interval":{"confidence_level":0.95,"lower_bound":0.0005338243250973996,"upper_bound":0.006936546333113246},"point_estimate":0.0038941120679474306,"standard_error":0.001633820017791227},"median":{"confidence_interval":{"confidence_level":0.95,"lower_bound":0.002783246776885573,"upper_bound":0.005683858408343179},"point_estimate":0.004079097867815129,"standard_error":0.0007726170373272994}}