{"mean":{"confidence_interval":{"confidence_level":0.95,"lower_bound":0.000018761522247055797,"upper_bound":0.014772763399915788},"point_estimate":0.007236316768058693,"standard_error":0.003984576744098495},"median":{"confidence_interval":{"confidence_level":0.95,"lower_bound":-0.0007585012395422419,"upper_bound":0.0017756904294701226},"point_estimate":0.0008253305983638715,"standard_error":0.0005790398522305392}}