{"mean":{"confidence_interval":{"confidence_level":0.95,"lower_bound":-0.2669863786064961,"upper_bound":-0.10004549789249817},"point_estimate":-0.18286485823162169,"standard_error":0.043083782222256985},"median":{"confidence_interval":{"confidence_level":0.95,"lower_bound":-0.14487720673410165,"upper_bound":-0.04165364607133226},"point_estimate":-0.05029257129241449,"standard_error":0.0297556004915257}}