{"mean":{"confidence_interval":{"confidence_level":0.95,"lower_bound":0.24984038305948036,"upper_bound":0.6314226183388265},"point_estimate":0.43319381382874367,"standard_error":0.09825992795605792},"median":{"confidence_interval":{"confidence_level":0.95,"lower_bound":0.05168239820085474,"upper_bound":0.4798360176145655},"point_estimate":0.16055318393601792,"standard_error":0.12142430212525927}}