{"mean":{"confidence_interval":{"confidence_level":0.95,"lower_bound":-0.010466414469804288,"upper_bound":0.00285580234985678},"point_estimate":-0.0032551976977958086,"standard_error":0.003383773249387881},"median":{"confidence_interval":{"confidence_level":0.95,"lower_bound":-0.004753080847742397,"upper_bound":0.0006055342549216025},"point_estimate":-0.0017321754860332161,"standard_error":0.0013190632487620744}}