{"mean":{"confidence_interval":{"confidence_level":0.95,"lower_bound":0.11557806184019326,"upper_bound":0.3740420022182452},"point_estimate":0.22721494635383177,"standard_error":0.06421560751794483},"median":{"confidence_interval":{"confidence_level":0.95,"lower_bound":0.04182435881921265,"upper_bound":0.14960989864354302},"point_estimate":0.050267994136989014,"standard_error":0.032065661291351896}}