{"mean":{"confidence_interval":{"confidence_level":0.95,"lower_bound":-0.010643885714269134,"upper_bound":0.0013299912068402975},"point_estimate":-0.004176470993227821,"standard_error":0.00306827612485789},"median":{"confidence_interval":{"confidence_level":0.95,"lower_bound":-0.0027928961962764287,"upper_bound":0.0018072471560812708},"point_estimate":0.0003171609226089167,"standard_error":0.0011680083839562528}}