{"mean":{"confidence_interval":{"confidence_level":0.95,"lower_bound":75528552.4,"upper_bound":75851036.18749999},"point_estimate":75676668.56666666,"standard_error":82472.99039152844},"median":{"confidence_interval":{"confidence_level":0.95,"lower_bound":75522337.66666667,"upper_bound":75752524.33333333},"point_estimate":75673741.0,"standard_error":64277.71305523341},"median_abs_dev":{"confidence_interval":{"confidence_level":0.95,"lower_bound":34367.16158985355,"upper_bound":373822.7573633197},"point_estimate":127251.06154083837,"standard_error":89108.30818882346},"slope":null,"std_dev":{"confidence_interval":{"confidence_level":0.95,"lower_bound":89725.83401056821,"upper_bound":393614.5079895347},"point_estimate":273531.5402426312,"standard_error":83634.65210039912}}