{"mean":{"confidence_interval":{"confidence_level":0.95,"lower_bound":75581565.42333335,"upper_bound":77225554.68166667},"point_estimate":76280899.33333334,"standard_error":421345.84558356326},"median":{"confidence_interval":{"confidence_level":0.95,"lower_bound":75526969.33333333,"upper_bound":77117164.0},"point_estimate":75634163.83333334,"standard_error":360331.354179996},"median_abs_dev":{"confidence_interval":{"confidence_level":0.95,"lower_bound":8313.679352413734,"upper_bound":2161227.000230558},"point_estimate":165614.81845976764,"standard_error":384884.0455024909},"slope":null,"std_dev":{"confidence_interval":{"confidence_level":0.95,"lower_bound":114588.87259549942,"upper_bound":1794384.7198961647},"point_estimate":1398745.4132805343,"standard_error":449232.86147747154}}