{"mean":{"confidence_interval":{"confidence_level":0.95,"lower_bound":75659187.14083333,"upper_bound":75969361.25416668},"point_estimate":75810855.36666666,"standard_error":79509.21052041663},"median":{"confidence_interval":{"confidence_level":0.95,"lower_bound":75557459.5,"upper_bound":76007301.33333334},"point_estimate":75822689.16666666,"standard_error":125256.32920503299},"median_abs_dev":{"confidence_interval":{"confidence_level":0.95,"lower_bound":58154.73686753967,"upper_bound":470958.5069388004},"point_estimate":345814.71416055417,"standard_error":108524.86508476202},"slope":null,"std_dev":{"confidence_interval":{"confidence_level":0.95,"lower_bound":158560.29080220134,"upper_bound":328139.6074609396},"point_estimate":264949.1870534946,"standard_error":44367.996143538796}}