{"mean":{"confidence_interval":{"confidence_level":0.95,"lower_bound":75070905.46666667,"upper_bound":75383532.16666666},"point_estimate":75227335.49999999,"standard_error":79721.26639161415},"median":{"confidence_interval":{"confidence_level":0.95,"lower_bound":75042500.0,"upper_bound":75522877.66666667},"point_estimate":75180780.0,"standard_error":122941.83546330278},"median_abs_dev":{"confidence_interval":{"confidence_level":0.95,"lower_bound":38248.6083209441,"upper_bound":488001.7349362226},"point_estimate":265548.23418556905,"standard_error":113396.0743466069},"slope":null,"std_dev":{"confidence_interval":{"confidence_level":0.95,"lower_bound":161176.47367871692,"upper_bound":330382.07431496144},"point_estimate":267667.2288236446,"standard_error":43632.803727680264}}