{"mean":{"confidence_interval":{"confidence_level":0.95,"lower_bound":75345801.23166668,"upper_bound":76810889.4625},"point_estimate":75973083.96666667,"standard_error":385459.7041023316},"median":{"confidence_interval":{"confidence_level":0.95,"lower_bound":75302549.16666666,"upper_bound":76694851.5},"point_estimate":75386731.5,"standard_error":294070.55176147236},"median_abs_dev":{"confidence_interval":{"confidence_level":0.95,"lower_bound":25886.442640420093,"upper_bound":1664252.3231536075},"point_estimate":248454.3506890609,"standard_error":316872.02037093096},"slope":null,"std_dev":{"confidence_interval":{"confidence_level":0.95,"lower_bound":117383.8409907842,"upper_bound":1716151.991861335},"point_estimate":1285411.317272821,"standard_error":434972.48311809584}}