{"mean":{"confidence_interval":{"confidence_level":0.95,"lower_bound":-0.017234991708057104,"upper_bound":0.005667964279111093},"point_estimate":-0.0058322489424639246,"standard_error":0.005883238307249375},"median":{"confidence_interval":{"confidence_level":0.95,"lower_bound":-0.026518069541779266,"upper_bound":0.007363861819032882},"point_estimate":0.0013340809621540384,"standard_error":0.010834299730655429}}