{"mean":{"confidence_interval":{"confidence_level":0.95,"lower_bound":-0.24193042294185707,"upper_bound":-0.13101991324576429},"point_estimate":-0.17551232140316475,"standard_error":0.03210015971236212},"median":{"confidence_interval":{"confidence_level":0.95,"lower_bound":-0.16121933375873965,"upper_bound":-0.12689163923113023},"point_estimate":-0.14749713224125005,"standard_error":0.010452224473555916}}