{"mean":{"confidence_interval":{"confidence_level":0.95,"lower_bound":-0.17248152256126403,"upper_bound":-0.1133943988076579},"point_estimate":-0.13767939436790433,"standard_error":0.01612615230260878},"median":{"confidence_interval":{"confidence_level":0.95,"lower_bound":-0.1429348458833064,"upper_bound":-0.11248324452970437},"point_estimate":-0.11746527268605755,"standard_error":0.007877483071384686}}