{"mean":{"confidence_interval":{"confidence_level":0.95,"lower_bound":-0.0038137770888228106,"upper_bound":0.02042262879885995},"point_estimate":0.008286276358734135,"standard_error":0.006336434786848234},"median":{"confidence_interval":{"confidence_level":0.95,"lower_bound":-0.008466983908669179,"upper_bound":0.031696148349116715},"point_estimate":0.004087683667782116,"standard_error":0.012209693393440016}}