{"mean":{"confidence_interval":{"confidence_level":0.95,"lower_bound":-0.016847676235941533,"upper_bound":0.00661533175372559},"point_estimate":-0.004448880458887361,"standard_error":0.0060009281956853455},"median":{"confidence_interval":{"confidence_level":0.95,"lower_bound":-0.01001396695327661,"upper_bound":0.011984193390110143},"point_estimate":-0.003797518589207627,"standard_error":0.0049104006456480295}}