{"mean":{"confidence_interval":{"confidence_level":0.95,"lower_bound":-0.012022143599089968,"upper_bound":-0.0013789287412293806},"point_estimate":-0.006082244392063396,"standard_error":0.0027392582562945217},"median":{"confidence_interval":{"confidence_level":0.95,"lower_bound":-0.0026781701093201438,"upper_bound":0.0015296737435630536},"point_estimate":-0.0005841006854072628,"standard_error":0.0011030305407923422}}