{"mean":{"confidence_interval":{"confidence_level":0.95,"lower_bound":-0.04912466875898626,"upper_bound":-0.002936336877928166},"point_estimate":-0.025278576495335603,"standard_error":0.011786805197169506},"median":{"confidence_interval":{"confidence_level":0.95,"lower_bound":-0.05673130780709501,"upper_bound":-0.00475582542799724},"point_estimate":-0.015485817450342165,"standard_error":0.012745456629108918}}