{"mean":{"confidence_interval":{"confidence_level":0.95,"lower_bound":-0.009598667645242049,"upper_bound":0.0065609409061682545},"point_estimate":-0.0020924591114706015,"standard_error":0.004111423379328398},"median":{"confidence_interval":{"confidence_level":0.95,"lower_bound":-0.0026795188217793105,"upper_bound":0.0018038075937798492},"point_estimate":-0.00009425015175168472,"standard_error":0.0012505832018275822}}