{"mean":{"confidence_interval":{"confidence_level":0.95,"lower_bound":0.11133717710625657,"upper_bound":0.19216231057477987},"point_estimate":0.14346275734247516,"standard_error":0.021853671399610253},"median":{"confidence_interval":{"confidence_level":0.95,"lower_bound":0.10946834555622775,"upper_bound":0.15330723051965878},"point_estimate":0.11820819671708649,"standard_error":0.00942737686632037}}