{"mean":{"confidence_interval":{"confidence_level":0.95,"lower_bound":0.004913175301055012,"upper_bound":0.04107923680831675},"point_estimate":0.021187033128442057,"standard_error":0.009505457813068698},"median":{"confidence_interval":{"confidence_level":0.95,"lower_bound":0.005393057161689363,"upper_bound":0.03367955700183867},"point_estimate":0.013574819816851491,"standard_error":0.008057167906881197}}