{"mean":{"confidence_interval":{"confidence_level":0.95,"lower_bound":0.11237717489138924,"upper_bound":0.2831204207325563},"point_estimate":0.1808213580158584,"standard_error":0.046155839515853274},"median":{"confidence_interval":{"confidence_level":0.95,"lower_bound":0.11714968884619292,"upper_bound":0.16792646377265896},"point_estimate":0.15150120718980165,"standard_error":0.012897106014856089}}