{"mean":{"confidence_interval":{"confidence_level":0.95,"lower_bound":0.023852565429313476,"upper_bound":0.06476296703325647},"point_estimate":0.04289343284428515,"standard_error":0.010854309445717086},"median":{"confidence_interval":{"confidence_level":0.95,"lower_bound":0.015171490532441156,"upper_bound":0.06925891823231312},"point_estimate":0.02602733976677407,"standard_error":0.012392432267365383}}