{"mean":{"confidence_interval":{"confidence_level":0.95,"lower_bound":0.41641407928676616,"upper_bound":1.9592855843960773},"point_estimate":1.1765051111069962,"standard_error":0.39510325040676914},"median":{"confidence_interval":{"confidence_level":0.95,"lower_bound":0.07913064495613575,"upper_bound":2.5094522778348463},"point_estimate":0.45246585553796326,"standard_error":0.778101375767648}}