{"mean":{"confidence_interval":{"confidence_level":0.95,"lower_bound":-0.012222246774672207,"upper_bound":0.019502662848028315},"point_estimate":0.0016608415373597918,"standard_error":0.00799943984013661},"median":{"confidence_interval":{"confidence_level":0.95,"lower_bound":-0.014635970639595652,"upper_bound":0.028993412334017865},"point_estimate":-0.00932210218245022,"standard_error":0.010215890735772046}}