{"mean":{"confidence_interval":{"confidence_level":0.95,"lower_bound":0.005451152759057217,"upper_bound":0.03811855587424605},"point_estimate":0.0230860144811329,"standard_error":0.00840564190565377},"median":{"confidence_interval":{"confidence_level":0.95,"lower_bound":0.008462404755870567,"upper_bound":0.04536312170779144},"point_estimate":0.030949058030948606,"standard_error":0.008594218452218028}}