{"mean":{"confidence_interval":{"confidence_level":0.95,"lower_bound":-0.0004294607217790203,"upper_bound":0.01805499780738024},"point_estimate":0.007905557996506829,"standard_error":0.004893824209335995},"median":{"confidence_interval":{"confidence_level":0.95,"lower_bound":-0.0033627353778036273,"upper_bound":0.009362928712038032},"point_estimate":0.0036848922795171823,"standard_error":0.004449743311455681}}