{"mean":{"confidence_interval":{"confidence_level":0.95,"lower_bound":-0.0014576860395047317,"upper_bound":0.020764424698988718},"point_estimate":0.008204653090107872,"standard_error":0.0057710192660314795},"median":{"confidence_interval":{"confidence_level":0.95,"lower_bound":-0.0026883827566132057,"upper_bound":0.0018489722292249766},"point_estimate":-0.0001113501016953844,"standard_error":0.0012070960070095277}}