{"mean":{"confidence_interval":{"confidence_level":0.95,"lower_bound":-0.013651191015478958,"upper_bound":0.008321690857775376},"point_estimate":-0.0016480856033973534,"standard_error":0.005639604752628971},"median":{"confidence_interval":{"confidence_level":0.95,"lower_bound":0.003084204037786753,"upper_bound":0.011903079753417423},"point_estimate":0.006114256015019359,"standard_error":0.0020082374497048133}}