{"mean":{"confidence_interval":{"confidence_level":0.95,"lower_bound":-0.0005219371738217626,"upper_bound":0.01928034456489985},"point_estimate":0.010470981679487457,"standard_error":0.0051547662129270205},"median":{"confidence_interval":{"confidence_level":0.95,"lower_bound":0.006403170853964912,"upper_bound":0.018690003816676626},"point_estimate":0.01309468994792784,"standard_error":0.0040015462667765045}}