{"mean":{"confidence_interval":{"confidence_level":0.95,"lower_bound":-0.015156270185565777,"upper_bound":0.011436676983588643},"point_estimate":-0.00196904280962773,"standard_error":0.0064815510482034815},"median":{"confidence_interval":{"confidence_level":0.95,"lower_bound":-0.004099518910124611,"upper_bound":0.0016202288318900582},"point_estimate":-0.0007897557835605529,"standard_error":0.0017388122116303716}}