{"mean":{"confidence_interval":{"confidence_level":0.95,"lower_bound":0.0045209938897099984,"upper_bound":0.01615042007837587},"point_estimate":0.010195775571911314,"standard_error":0.0029883342078640346},"median":{"confidence_interval":{"confidence_level":0.95,"lower_bound":0.004564983564519176,"upper_bound":0.016510041914582274},"point_estimate":0.01054669716633283,"standard_error":0.002969174284859567}}