{"mean":{"confidence_interval":{"confidence_level":0.95,"lower_bound":-0.6717452738112918,"upper_bound":-0.30863376390526887},"point_estimate":-0.5473590419273685,"standard_error":0.09309237147722364},"median":{"confidence_interval":{"confidence_level":0.95,"lower_bound":-0.7206900409011545,"upper_bound":-0.08984584774878668},"point_estimate":-0.32056694300037436,"standard_error":0.22162226301805166}}