{"mean":{"confidence_interval":{"confidence_level":0.95,"lower_bound":-0.2323161762963606,"upper_bound":-0.22101954619777459},"point_estimate":-0.22653452066231639,"standard_error":0.002889054317303516},"median":{"confidence_interval":{"confidence_level":0.95,"lower_bound":-0.2343719266033627,"upper_bound":-0.21882447859328735},"point_estimate":-0.22391403258602782,"standard_error":0.0037898747924944927}}