{"mean":{"confidence_interval":{"confidence_level":0.95,"lower_bound":-0.018807028462486275,"upper_bound":0.005407549753444099},"point_estimate":-0.006716055469385918,"standard_error":0.006124444430552058},"median":{"confidence_interval":{"confidence_level":0.95,"lower_bound":-0.023339631091349178,"upper_bound":-0.0017575074230273824},"point_estimate":-0.006194639563784188,"standard_error":0.0042539683446484984}}