{"mean":{"confidence_interval":{"confidence_level":0.95,"lower_bound":1047674762.1325,"upper_bound":1055014573.8},"point_estimate":1050773674.4,"standard_error":1924002.557100489},"median":{"confidence_interval":{"confidence_level":0.95,"lower_bound":1047170311.5,"upper_bound":1052678460.0},"point_estimate":1048561780.0,"standard_error":1649241.525086084},"median_abs_dev":{"confidence_interval":{"confidence_level":0.95,"lower_bound":57923.69837164879,"upper_bound":7133079.062962532},"point_estimate":3718215.4391884804,"standard_error":1759190.949732215},"slope":null,"std_dev":{"confidence_interval":{"confidence_level":0.95,"lower_bound":1988485.0814923707,"upper_bound":9436442.24036646},"point_estimate":6408661.64267155,"standard_error":2334381.084264817}}