{"mean":{"confidence_interval":{"confidence_level":0.95,"lower_bound":1032399899.03,"upper_bound":1037164275.7674999},"point_estimate":1034581588.38,"standard_error":1216193.0804861016},"median":{"confidence_interval":{"confidence_level":0.95,"lower_bound":1030881834.0,"upper_bound":1032189974.0},"point_estimate":1031751952.0,"standard_error":347684.00651929603},"median_abs_dev":{"confidence_interval":{"confidence_level":0.95,"lower_bound":1255990.4981017113,"upper_bound":2461792.763194442},"point_estimate":1718702.5368869305,"standard_error":308089.22956624295},"slope":null,"std_dev":{"confidence_interval":{"confidence_level":0.95,"lower_bound":4848790.336274053,"upper_bound":11454685.59789052},"point_estimate":8673166.40248304,"standard_error":1661751.5730378297}}