{"mean":{"confidence_interval":{"confidence_level":0.95,"lower_bound":1032291072.6465,"upper_bound":1037091162.7235},"point_estimate":1034437223.88,"standard_error":1235107.8113513847},"median":{"confidence_interval":{"confidence_level":0.95,"lower_bound":1031122141.0,"upper_bound":1032507776.5},"point_estimate":1031851804.0,"standard_error":360243.7629271775},"median_abs_dev":{"confidence_interval":{"confidence_level":0.95,"lower_bound":1262632.5459837914,"upper_bound":2778571.7452704906},"point_estimate":1851275.885233283,"standard_error":388209.82119951694},"slope":null,"std_dev":{"confidence_interval":{"confidence_level":0.95,"lower_bound":4408972.61914211,"upper_bound":12500301.780387},"point_estimate":8847079.545627363,"standard_error":2127368.580303649}}