{"mean":{"confidence_interval":{"confidence_level":0.95,"lower_bound":1029286252.9675,"upper_bound":1040951035.6},"point_estimate":1034129602.1,"standard_error":2935215.716573712},"median":{"confidence_interval":{"confidence_level":0.95,"lower_bound":1028844492.5,"upper_bound":1041623365.0},"point_estimate":1030006279.5,"standard_error":2626787.5831482243},"median_abs_dev":{"confidence_interval":{"confidence_level":0.95,"lower_bound":338588.0276888609,"upper_bound":16283340.654712915},"point_estimate":1093242.5337910652,"standard_error":2540554.7617865615},"slope":null,"std_dev":{"confidence_interval":{"confidence_level":0.95,"lower_bound":842344.2443411611,"upper_bound":12215021.776484784},"point_estimate":9793818.323490081,"standard_error":3124074.008775114}}