{"mean":{"confidence_interval":{"confidence_level":0.95,"lower_bound":1040587291.3075,"upper_bound":1046378455.9425},"point_estimate":1043124928.5,"standard_error":1501962.7000062536},"median":{"confidence_interval":{"confidence_level":0.95,"lower_bound":1039836905.0,"upper_bound":1045810131.5},"point_estimate":1041177979.5,"standard_error":1502705.6648500205},"median_abs_dev":{"confidence_interval":{"confidence_level":0.95,"lower_bound":369554.35203909874,"upper_bound":6531695.612411463},"point_estimate":3000824.6008247137,"standard_error":1667468.44455794},"slope":null,"std_dev":{"confidence_interval":{"confidence_level":0.95,"lower_bound":1500071.081855384,"upper_bound":7002965.134737144},"point_estimate":5002746.74191116,"standard_error":1543332.289992598}}