{"mean":{"confidence_interval":{"confidence_level":0.95,"lower_bound":1037426737.5,"upper_bound":1044748798.6625},"point_estimate":1040290774.5,"standard_error":2010740.4789439873},"median":{"confidence_interval":{"confidence_level":0.95,"lower_bound":1037134934.0,"upper_bound":1040893028.0},"point_estimate":1037328461.5,"standard_error":1208726.9604947725},"median_abs_dev":{"confidence_interval":{"confidence_level":0.95,"lower_bound":95598.78760278225,"upper_bound":5004323.4731554985},"point_estimate":1006443.7183320522,"standard_error":1409487.0413048435},"slope":null,"std_dev":{"confidence_interval":{"confidence_level":0.95,"lower_bound":958463.0286520172,"upper_bound":10165661.945016447},"point_estimate":6698922.584972356,"standard_error":2972232.8607848114}}