{"mean":{"confidence_interval":{"confidence_level":0.95,"lower_bound":0.11852050386100656,"upper_bound":0.48898659062298844},"point_estimate":0.2999044231713641,"standard_error":0.08694408905249307},"median":{"confidence_interval":{"confidence_level":0.95,"lower_bound":0.06692190037118803,"upper_bound":0.3740606338166974},"point_estimate":0.17892173874012185,"standard_error":0.11794015801382383}}