{"mean":{"confidence_interval":{"confidence_level":0.95,"lower_bound":-0.03204006201469968,"upper_bound":-0.0021555821998009996},"point_estimate":-0.016906597099451193,"standard_error":0.0076687541905135085},"median":{"confidence_interval":{"confidence_level":0.95,"lower_bound":-0.037318021914788946,"upper_bound":0.0065773583500767785},"point_estimate":-0.014523396013705447,"standard_error":0.014942477845456383}}