{"mean":{"confidence_interval":{"confidence_level":0.95,"lower_bound":-0.27521036847834296,"upper_bound":-0.13115687986496255},"point_estimate":-0.203517231570024,"standard_error":0.03717495984241642},"median":{"confidence_interval":{"confidence_level":0.95,"lower_bound":-0.28483352300536136,"upper_bound":-0.10825013482005508},"point_estimate":-0.17341825889112528,"standard_error":0.035875967892671716}}