{"mean":{"confidence_interval":{"confidence_level":0.95,"lower_bound":0.1248767512761135,"upper_bound":0.3314107382198136},"point_estimate":0.22770916432730015,"standard_error":0.05437631853609586},"median":{"confidence_interval":{"confidence_level":0.95,"lower_bound":0.09818105714025216,"upper_bound":0.24515721193575457},"point_estimate":0.18290258869894727,"standard_error":0.04325688091832784}}