{"mean":{"confidence_interval":{"confidence_level":0.95,"lower_bound":-0.33745561417085024,"upper_bound":-0.12433531803315706},"point_estimate":-0.23781881630008583,"standard_error":0.05487596310584042},"median":{"confidence_interval":{"confidence_level":0.95,"lower_bound":-0.37167990010054686,"upper_bound":-0.0714636286365341},"point_estimate":-0.16004215981363457,"standard_error":0.08023932765975697}}