{"mean":{"confidence_interval":{"confidence_level":0.95,"lower_bound":-0.02653072665521561,"upper_bound":0.03507942009457324},"point_estimate":0.001962630015544864,"standard_error":0.015589466725493299},"median":{"confidence_interval":{"confidence_level":0.95,"lower_bound":-0.03642708635581793,"upper_bound":0.024767233606566075},"point_estimate":-0.0017927496892103933,"standard_error":0.012301614917189868}}