{"mean":{"confidence_interval":{"confidence_level":0.95,"lower_bound":0.0013105534596102167,"upper_bound":0.03690456016039093},"point_estimate":0.01881793018446354,"standard_error":0.009327624675016934},"median":{"confidence_interval":{"confidence_level":0.95,"lower_bound":-0.011361255286267635,"upper_bound":0.04733475108452412},"point_estimate":0.018727108100909273,"standard_error":0.01772783400791199}}