{"mean":{"confidence_interval":{"confidence_level":0.95,"lower_bound":0.014535279578433083,"upper_bound":0.03769043764708627},"point_estimate":0.025173660334821157,"standard_error":0.0059506926958726785},"median":{"confidence_interval":{"confidence_level":0.95,"lower_bound":0.013238340985581631,"upper_bound":0.04056159621364842},"point_estimate":0.016276107200311918,"standard_error":0.005548854686075156}}