{"mean":{"confidence_interval":{"confidence_level":0.95,"lower_bound":-0.0032622026252172244,"upper_bound":0.0027282535638404755},"point_estimate":-0.00019106821540326724,"standard_error":0.0015147877265026192},"median":{"confidence_interval":{"confidence_level":0.95,"lower_bound":-0.0024261644955717587,"upper_bound":0.0037379050004584524},"point_estimate":0.000587826134506253,"standard_error":0.001473400759449444}}