{"mean":{"confidence_interval":{"confidence_level":0.95,"lower_bound":-0.0450211390608703,"upper_bound":0.007232669333640995},"point_estimate":-0.014712561390734846,"standard_error":0.013862507558135636},"median":{"confidence_interval":{"confidence_level":0.95,"lower_bound":-0.024473892846903378,"upper_bound":0.013893101477274739},"point_estimate":0.000939131177671193,"standard_error":0.009460089737568034}}