{"mean":{"confidence_interval":{"confidence_level":0.95,"lower_bound":-0.019064216766409105,"upper_bound":0.024211393335309923},"point_estimate":0.0003875886980735377,"standard_error":0.011020791074561422},"median":{"confidence_interval":{"confidence_level":0.95,"lower_bound":-0.02334819505484198,"upper_bound":0.032930424241262024},"point_estimate":-0.005894390541252514,"standard_error":0.011984252659159209}}