{"mean":{"confidence_interval":{"confidence_level":0.95,"lower_bound":230482765.8,"upper_bound":233924614.1},"point_estimate":231739671.2,"standard_error":998222.5209556627},"median":{"confidence_interval":{"confidence_level":0.95,"lower_bound":230298489.0,"upper_bound":231309813.0},"point_estimate":230727753.5,"standard_error":361173.71859422786},"median_abs_dev":{"confidence_interval":{"confidence_level":0.95,"lower_bound":141353.30539047718,"upper_bound":1229268.8574761152},"point_estimate":682614.2320811749,"standard_error":370364.46740109473},"slope":null,"std_dev":{"confidence_interval":{"confidence_level":0.95,"lower_bound":331264.865410904,"upper_bound":5099826.188720602},"point_estimate":3315090.729285091,"standard_error":1686039.6234647487}}