{"mean":{"confidence_interval":{"confidence_level":0.95,"lower_bound":232327557.76250002,"upper_bound":251802176.2},"point_estimate":239808449.1,"standard_error":5420377.705017067},"median":{"confidence_interval":{"confidence_level":0.95,"lower_bound":231136388.0,"upper_bound":239277204.5},"point_estimate":232977533.5,"standard_error":2538188.215704001},"median_abs_dev":{"confidence_interval":{"confidence_level":0.95,"lower_bound":195013.04623782635,"upper_bound":10682774.034842849},"point_estimate":2782811.9811952114,"standard_error":3050709.712546097},"slope":null,"std_dev":{"confidence_interval":{"confidence_level":0.95,"lower_bound":1091067.4990665691,"upper_bound":27315791.087976344},"point_estimate":17924918.8230101,"standard_error":8291815.539659653}}