{"mean":{"confidence_interval":{"confidence_level":0.95,"lower_bound":232041583.61,"upper_bound":245468363.1},"point_estimate":238489106.5,"standard_error":3345892.0724791167},"median":{"confidence_interval":{"confidence_level":0.95,"lower_bound":230917929.5,"upper_bound":252886474.0},"point_estimate":232248914.0,"standard_error":5420314.37415376},"median_abs_dev":{"confidence_interval":{"confidence_level":0.95,"lower_bound":359887.0589107275,"upper_bound":17432637.32830882},"point_estimate":2208308.1978946924,"standard_error":4641356.256348898},"slope":null,"std_dev":{"confidence_interval":{"confidence_level":0.95,"lower_bound":1373707.0348943856,"upper_bound":12637984.21830824},"point_estimate":11179949.975588057,"standard_error":2210501.8232203196}}