{"mean":{"confidence_interval":{"confidence_level":0.95,"lower_bound":242144843.4,"upper_bound":255921545.9},"point_estimate":247852817.3,"standard_error":3652777.556843683},"median":{"confidence_interval":{"confidence_level":0.95,"lower_bound":241144382.0,"upper_bound":251765587.0},"point_estimate":244158152.0,"standard_error":2243363.4674374373},"median_abs_dev":{"confidence_interval":{"confidence_level":0.95,"lower_bound":408449.6210485697,"upper_bound":10968878.764763474},"point_estimate":3953261.649915576,"standard_error":2880582.2225723267},"slope":null,"std_dev":{"confidence_interval":{"confidence_level":0.95,"lower_bound":1702114.9376543942,"upper_bound":17621012.087563403},"point_estimate":12155542.92665353,"standard_error":4605376.577107787}}