{"mean":{"confidence_interval":{"confidence_level":0.95,"lower_bound":235096607.815,"upper_bound":236982852.21},"point_estimate":235932646.4,"standard_error":489663.2466422793},"median":{"confidence_interval":{"confidence_level":0.95,"lower_bound":234732368.5,"upper_bound":236544092.5},"point_estimate":235598305.0,"standard_error":495058.6485204026},"median_abs_dev":{"confidence_interval":{"confidence_level":0.95,"lower_bound":193776.5578597784,"upper_bound":2164017.0062810183},"point_estimate":1251421.8662828207,"standard_error":516619.21548190824},"slope":null,"std_dev":{"confidence_interval":{"confidence_level":0.95,"lower_bound":577235.5534064957,"upper_bound":2287924.0611246233},"point_estimate":1630945.7063939043,"standard_error":491929.05446590524}}