{"mean":{"confidence_interval":{"confidence_level":0.95,"lower_bound":228703922.785,"upper_bound":230713015.9875},"point_estimate":229559470.9,"standard_error":525179.9964835768},"median":{"confidence_interval":{"confidence_level":0.95,"lower_bound":228493528.5,"upper_bound":230224242.0},"point_estimate":228862827.5,"standard_error":456737.60080954013},"median_abs_dev":{"confidence_interval":{"confidence_level":0.95,"lower_bound":156068.851429224,"upper_bound":2095566.9592912442},"point_estimate":587326.0491728783,"standard_error":516944.03693067294},"slope":null,"std_dev":{"confidence_interval":{"confidence_level":0.95,"lower_bound":322888.6506842052,"upper_bound":2523447.7750542625},"point_estimate":1750475.050923952,"standard_error":609192.0344375197}}