{"mean":{"confidence_interval":{"confidence_level":0.95,"lower_bound":229691322.51000002,"upper_bound":232837801.5},"point_estimate":231130063.8,"standard_error":806278.1781542085},"median":{"confidence_interval":{"confidence_level":0.95,"lower_bound":228914707.0,"upper_bound":232410588.5},"point_estimate":230742014.0,"standard_error":1043267.4420329563},"median_abs_dev":{"confidence_interval":{"confidence_level":0.95,"lower_bound":430511.4499568939,"upper_bound":4283116.422459483},"point_estimate":2474264.394173026,"standard_error":970084.7544291257},"slope":null,"std_dev":{"confidence_interval":{"confidence_level":0.95,"lower_bound":1277472.6463034148,"upper_bound":3663706.214660269},"point_estimate":2693214.211027815,"standard_error":693607.5631778663}}