{"mean":{"confidence_interval":{"confidence_level":0.95,"lower_bound":284079177.0,"upper_bound":429760300.9025},"point_estimate":348884533.0,"standard_error":37685872.80877288},"median":{"confidence_interval":{"confidence_level":0.95,"lower_bound":258792497.0,"upper_bound":401621024.0},"point_estimate":306172989.5,"standard_error":36661687.46111614},"median_abs_dev":{"confidence_interval":{"confidence_level":0.95,"lower_bound":21038507.271891832,"upper_bound":171319766.54236615},"point_estimate":72633391.84699953,"standard_error":41521074.578445435},"slope":null,"std_dev":{"confidence_interval":{"confidence_level":0.95,"lower_bound":36423299.6270883,"upper_bound":174000581.44213316},"point_estimate":125758946.60550122,"standard_error":37101589.51126847}}