{"mean":{"confidence_interval":{"confidence_level":0.95,"lower_bound":0.014839019014094507,"upper_bound":0.03139617708639886},"point_estimate":0.022231683866470897,"standard_error":0.004327031420654224},"median":{"confidence_interval":{"confidence_level":0.95,"lower_bound":0.014802586526306616,"upper_bound":0.026090079888707374},"point_estimate":0.019680154806418715,"standard_error":0.0023859237513176542}}