{"mean":{"confidence_interval":{"confidence_level":0.95,"lower_bound":-0.010943761678640862,"upper_bound":0.01024107434869175},"point_estimate":0.000519128060896934,"standard_error":0.005353656953641459},"median":{"confidence_interval":{"confidence_level":0.95,"lower_bound":-0.007149112484870601,"upper_bound":0.008850584124159955},"point_estimate":-0.0010762701097063454,"standard_error":0.003999168248074803}}