{"mean":{"confidence_interval":{"confidence_level":0.95,"lower_bound":-0.21288153287348044,"upper_bound":-0.04045208825450397},"point_estimate":-0.12874312678702837,"standard_error":0.0443588191167684},"median":{"confidence_interval":{"confidence_level":0.95,"lower_bound":-0.2904236177628029,"upper_bound":-0.016275338797264394},"point_estimate":-0.0394094590098959,"standard_error":0.07121111949845914}}