{"mean":{"confidence_interval":{"confidence_level":0.95,"lower_bound":0.02779909687129009,"upper_bound":0.1271181820776597},"point_estimate":0.07618871872875688,"standard_error":0.025113272938924947},"median":{"confidence_interval":{"confidence_level":0.95,"lower_bound":0.008928634876436359,"upper_bound":0.16783842235192514},"point_estimate":0.08341097343521042,"standard_error":0.04597082145020895}}