{"mean":{"confidence_interval":{"confidence_level":0.95,"lower_bound":-0.006862253323318001,"upper_bound":0.03368869708632579},"point_estimate":0.012584108932874205,"standard_error":0.010392377396318108},"median":{"confidence_interval":{"confidence_level":0.95,"lower_bound":-0.00965651626144004,"upper_bound":0.040835939133920585},"point_estimate":-0.004965139481297509,"standard_error":0.014734439776630127}}