{"mean":{"confidence_interval":{"confidence_level":0.95,"lower_bound":0.02414430016499474,"upper_bound":0.24392197986705158},"point_estimate":0.13200450115028795,"standard_error":0.05941856781526308},"median":{"confidence_interval":{"confidence_level":0.95,"lower_bound":-0.01481059230694659,"upper_bound":0.39262593424532555},"point_estimate":0.02966710546549467,"standard_error":0.09963836504264224}}