{"mean":{"confidence_interval":{"confidence_level":0.95,"lower_bound":0.005917839830052136,"upper_bound":0.017402368171462276},"point_estimate":0.01077756022338705,"standard_error":0.0028900201301525303},"median":{"confidence_interval":{"confidence_level":0.95,"lower_bound":0.005375804859314215,"upper_bound":0.014215763295079675},"point_estimate":0.009422911053154737,"standard_error":0.0021851690163952066}}