{"mean":{"confidence_interval":{"confidence_level":0.95,"lower_bound":0.0034188527494813502,"upper_bound":0.012848423133377852},"point_estimate":0.008635242291977319,"standard_error":0.002434504283424961},"median":{"confidence_interval":{"confidence_level":0.95,"lower_bound":0.0060161469207140605,"upper_bound":0.013258319899690507},"point_estimate":0.009822787905137353,"standard_error":0.0019337618435943467}}