{"mean":{"confidence_interval":{"confidence_level":0.95,"lower_bound":-0.14171807610350884,"upper_bound":-0.06901308449034652},"point_estimate":-0.10624417870311986,"standard_error":0.018644728976267216},"median":{"confidence_interval":{"confidence_level":0.95,"lower_bound":-0.16069651345454328,"upper_bound":-0.04194280589729338},"point_estimate":-0.09865206666367432,"standard_error":0.03648402070471334}}