{"mean":{"confidence_interval":{"confidence_level":0.95,"lower_bound":-0.007405222597269785,"upper_bound":0.002561321764327538},"point_estimate":-0.0025158203338468965,"standard_error":0.002503132376503206},"median":{"confidence_interval":{"confidence_level":0.95,"lower_bound":-0.0030499996216123426,"upper_bound":0.0035180586204788256},"point_estimate":-0.0016326670207814642,"standard_error":0.0016697303763430562}}