{"mean":{"confidence_interval":{"confidence_level":0.95,"lower_bound":-0.020174920430851007,"upper_bound":-0.005535784994286752},"point_estimate":-0.012244089922500478,"standard_error":0.00377057668914661},"median":{"confidence_interval":{"confidence_level":0.95,"lower_bound":-0.020328057292070434,"upper_bound":-0.0031942717584036995},"point_estimate":-0.007025990145728911,"standard_error":0.004082379056289698}}