{"mean":{"confidence_interval":{"confidence_level":0.95,"lower_bound":-0.09849407746116762,"upper_bound":-0.04098453881962745},"point_estimate":-0.0660303677496984,"standard_error":0.015073181537308022},"median":{"confidence_interval":{"confidence_level":0.95,"lower_bound":-0.08518351922853085,"upper_bound":-0.03919575715551793},"point_estimate":-0.04280214226692958,"standard_error":0.010790984798836506}}