{"mean":{"confidence_interval":{"confidence_level":0.95,"lower_bound":0.010345405856330498,"upper_bound":0.0799341727795758},"point_estimate":0.04251037691918724,"standard_error":0.01834341066015854},"median":{"confidence_interval":{"confidence_level":0.95,"lower_bound":0.0002531299826267208,"upper_bound":0.0650702396935221},"point_estimate":0.03226840618714788,"standard_error":0.01777182010044628}}