{"mean":{"confidence_interval":{"confidence_level":0.95,"lower_bound":-0.0060275179571978674,"upper_bound":0.005872708633705056},"point_estimate":0.00046354195359077366,"standard_error":0.003070545962933186},"median":{"confidence_interval":{"confidence_level":0.95,"lower_bound":-0.002393361009714212,"upper_bound":0.003206543407624496},"point_estimate":0.000593570146726119,"standard_error":0.0016341620221878314}}