{"mean":{"confidence_interval":{"confidence_level":0.95,"lower_bound":-0.003853170045265413,"upper_bound":0.0072996504946349905},"point_estimate":0.0015018090036864606,"standard_error":0.0028957134607880373},"median":{"confidence_interval":{"confidence_level":0.95,"lower_bound":-0.001840756694609924,"upper_bound":0.003157288156505622},"point_estimate":0.00045891450952550983,"standard_error":0.001348836190965039}}