{"mean":{"confidence_interval":{"confidence_level":0.95,"lower_bound":-0.011655068588965726,"upper_bound":0.007731760393612484},"point_estimate":-0.002059428770555649,"standard_error":0.004951395330523272},"median":{"confidence_interval":{"confidence_level":0.95,"lower_bound":-0.010539630322712434,"upper_bound":0.009525627407792224},"point_estimate":-0.005370035298376097,"standard_error":0.005231078021701846}}