{"mean":{"confidence_interval":{"confidence_level":0.95,"lower_bound":0.0023861072894275697,"upper_bound":0.015466267512697605},"point_estimate":0.008926384325821823,"standard_error":0.003339673022591769},"median":{"confidence_interval":{"confidence_level":0.95,"lower_bound":0.001057640827643036,"upper_bound":0.012478842286341552},"point_estimate":0.007843933763991284,"standard_error":0.0030508872033738047}}