{"mean":{"confidence_interval":{"confidence_level":0.95,"lower_bound":-0.00019322202806293376,"upper_bound":0.009032411730127156},"point_estimate":0.0045681015075556,"standard_error":0.002361817427465439},"median":{"confidence_interval":{"confidence_level":0.95,"lower_bound":-0.0028010591657614548,"upper_bound":0.011940754029657219},"point_estimate":0.005111025567204441,"standard_error":0.0036831653719183234}}