{"mean":{"confidence_interval":{"confidence_level":0.95,"lower_bound":0.17591899837762173,"upper_bound":0.4588926167599817},"point_estimate":0.32276293673566814,"standard_error":0.07275725376906228},"median":{"confidence_interval":{"confidence_level":0.95,"lower_bound":0.0693963527818573,"upper_bound":0.5098626206690293},"point_estimate":0.321886711457847,"standard_error":0.13051541892645988}}