{"mean":{"confidence_interval":{"confidence_level":0.95,"lower_bound":-0.3118445827395306,"upper_bound":-0.14905982813561386},"point_estimate":-0.23658135775280764,"standard_error":0.04172721081316714},"median":{"confidence_interval":{"confidence_level":0.95,"lower_bound":-0.3400457852467439,"upper_bound":-0.0681125641546787},"point_estimate":-0.24587062496808454,"standard_error":0.0774321034504866}}