{"mean":{"confidence_interval":{"confidence_level":0.95,"lower_bound":-0.010537182173319299,"upper_bound":0.004830839279728887},"point_estimate":-0.00238651926018274,"standard_error":0.003947361489904634},"median":{"confidence_interval":{"confidence_level":0.95,"lower_bound":-0.012182143264923728,"upper_bound":0.008201419500946328},"point_estimate":0.00034944124190761094,"standard_error":0.005041839956521159}}