{"mean":{"confidence_interval":{"confidence_level":0.95,"lower_bound":-0.008398189184985472,"upper_bound":0.009218163372817355},"point_estimate":-0.00011945901737275832,"standard_error":0.0044967355527705585},"median":{"confidence_interval":{"confidence_level":0.95,"lower_bound":-0.008930893114398653,"upper_bound":0.0099771532827313},"point_estimate":0.0011162292144712982,"standard_error":0.003968463976337946}}