{"mean":{"confidence_interval":{"confidence_level":0.95,"lower_bound":-0.006577511513835163,"upper_bound":0.004755231136751803},"point_estimate":-0.0005873452827422909,"standard_error":0.002895659764108924},"median":{"confidence_interval":{"confidence_level":0.95,"lower_bound":-0.008579913106752768,"upper_bound":0.007179562479118662},"point_estimate":0.000045305541684692585,"standard_error":0.004167366452584434}}