{"mean":{"confidence_interval":{"confidence_level":0.95,"lower_bound":-0.045179270599391974,"upper_bound":-0.02881676645644894},"point_estimate":-0.036361086187038594,"standard_error":0.004213905899465988},"median":{"confidence_interval":{"confidence_level":0.95,"lower_bound":-0.032890479386660565,"upper_bound":-0.026747208711738635},"point_estimate":-0.03011304416675742,"standard_error":0.0015598460232497835}}