{"mean":{"confidence_interval":{"confidence_level":0.95,"lower_bound":-0.027063305073876887,"upper_bound":-0.0032555995362737455},"point_estimate":-0.013560555821193199,"standard_error":0.006167210685775812},"median":{"confidence_interval":{"confidence_level":0.95,"lower_bound":-0.00594655764079699,"upper_bound":0.000836270018879981},"point_estimate":-0.002712709821789727,"standard_error":0.001953181657631557}}