{"mean":{"confidence_interval":{"confidence_level":0.95,"lower_bound":-0.024249899618724813,"upper_bound":-0.011092746374604424},"point_estimate":-0.016922292687516438,"standard_error":0.003387374429019286},"median":{"confidence_interval":{"confidence_level":0.95,"lower_bound":-0.015580367953433266,"upper_bound":-0.00853344757526564},"point_estimate":-0.011962814697014212,"standard_error":0.0018140903702846278}}