{"mean":{"confidence_interval":{"confidence_level":0.95,"lower_bound":-0.01957610268121971,"upper_bound":0.00549405753503968},"point_estimate":-0.005815742365414156,"standard_error":0.006435951153828847},"median":{"confidence_interval":{"confidence_level":0.95,"lower_bound":-0.0000654811488974838,"upper_bound":0.00669861482182843},"point_estimate":0.0028224178674378653,"standard_error":0.0016790263414772424}}