{"mean":{"confidence_interval":{"confidence_level":0.95,"lower_bound":0.00963019254640543,"upper_bound":0.035816100520773574},"point_estimate":0.02281582621417777,"standard_error":0.0066820157219889655},"median":{"confidence_interval":{"confidence_level":0.95,"lower_bound":0.017132421125419572,"upper_bound":0.03141638160923188},"point_estimate":0.023161363459115236,"standard_error":0.003350367119494135}}