{"mean":{"confidence_interval":{"confidence_level":0.95,"lower_bound":-0.0050592901353943825,"upper_bound":0.014298764888534685},"point_estimate":0.004899884048618963,"standard_error":0.004922960775201297},"median":{"confidence_interval":{"confidence_level":0.95,"lower_bound":0.0006273625924455573,"upper_bound":0.009504681724871844},"point_estimate":0.005444674122695448,"standard_error":0.002238722370315216}}