{"mean":{"confidence_interval":{"confidence_level":0.95,"lower_bound":0.014935439924663285,"upper_bound":0.025668694016602593},"point_estimate":0.020714416262527013,"standard_error":0.0027290788926545282},"median":{"confidence_interval":{"confidence_level":0.95,"lower_bound":0.018112691044980922,"upper_bound":0.025283731046208402},"point_estimate":0.0213960151765471,"standard_error":0.0018030731832524415}}