{"mean":{"confidence_interval":{"confidence_level":0.95,"lower_bound":-0.036973301953142794,"upper_bound":0.0032401196060887205},"point_estimate":-0.011585117945231316,"standard_error":0.011671711496174478},"median":{"confidence_interval":{"confidence_level":0.95,"lower_bound":-0.00004118308861855713,"upper_bound":0.006249673831210112},"point_estimate":0.0038621024737857113,"standard_error":0.0015664127212397497}}