{"mean":{"confidence_interval":{"confidence_level":0.95,"lower_bound":0.0004364337507030136,"upper_bound":0.025342233454633222},"point_estimate":0.010163478142665827,"standard_error":0.006351659778048495},"median":{"confidence_interval":{"confidence_level":0.95,"lower_bound":-0.005448326555166583,"upper_bound":0.0018823107229841707},"point_estimate":-0.0017035040440156468,"standard_error":0.002011384800317064}}