{"mean":{"confidence_interval":{"confidence_level":0.95,"lower_bound":-0.014814539567787891,"upper_bound":-0.0006786601296604142},"point_estimate":-0.007749250504814675,"standard_error":0.003610998290383563},"median":{"confidence_interval":{"confidence_level":0.95,"lower_bound":-0.007762012760537673,"upper_bound":-0.0025739511724587084},"point_estimate":-0.0059462478703828925,"standard_error":0.0012846882558797137}}