{"mean":{"confidence_interval":{"confidence_level":0.95,"lower_bound":0.008750091285068597,"upper_bound":0.022675000415386552},"point_estimate":0.015403650722353834,"standard_error":0.003746512998532678},"median":{"confidence_interval":{"confidence_level":0.95,"lower_bound":0.005952192074283661,"upper_bound":0.013275255557825716},"point_estimate":0.009417909476113762,"standard_error":0.00197406328895641}}