{"mean":{"confidence_interval":{"confidence_level":0.95,"lower_bound":-0.007419075177572734,"upper_bound":0.03951295230366934},"point_estimate":0.009587811394123902,"standard_error":0.012779123084417438},"median":{"confidence_interval":{"confidence_level":0.95,"lower_bound":-0.00425030634133583,"upper_bound":0.002068433640000311},"point_estimate":-0.0013461245020025547,"standard_error":0.0015477469201634893}}