{"mean":{"confidence_interval":{"confidence_level":0.95,"lower_bound":-0.004425828008390988,"upper_bound":0.016171584190108407},"point_estimate":0.0056069654592092455,"standard_error":0.005421689350618172},"median":{"confidence_interval":{"confidence_level":0.95,"lower_bound":-0.006471689115260082,"upper_bound":0.007432437974267625},"point_estimate":0.001693927168076037,"standard_error":0.003257657884801696}}