{"mean":{"confidence_interval":{"confidence_level":0.95,"lower_bound":-0.0047094150604329865,"upper_bound":0.004956457492043958},"point_estimate":-0.0008440785973690135,"standard_error":0.002449380083707951},"median":{"confidence_interval":{"confidence_level":0.95,"lower_bound":-0.00620046278334585,"upper_bound":0.001085031924703106},"point_estimate":-0.0032201223290815317,"standard_error":0.001873062815105066}}