{"mean":{"confidence_interval":{"confidence_level":0.95,"lower_bound":-0.015189644953645703,"upper_bound":-0.004384238268716105},"point_estimate":-0.009965569044290135,"standard_error":0.002825675176614006},"median":{"confidence_interval":{"confidence_level":0.95,"lower_bound":-0.016993093060029163,"upper_bound":-0.012245004809510074},"point_estimate":-0.014153422434876717,"standard_error":0.0011746443209389615}}