{"mean":{"confidence_interval":{"confidence_level":0.95,"lower_bound":4564372.9998409115,"upper_bound":4626642.404499999},"point_estimate":4593281.50909091,"standard_error":15891.376199081946},"median":{"confidence_interval":{"confidence_level":0.95,"lower_bound":4508963.0,"upper_bound":4600588.954545455},"point_estimate":4563464.0,"standard_error":26289.084193810926},"median_abs_dev":{"confidence_interval":{"confidence_level":0.95,"lower_bound":64228.58954153265,"upper_bound":143118.53440800117},"point_estimate":108950.47644756113,"standard_error":20615.510899229655},"slope":null,"std_dev":{"confidence_interval":{"confidence_level":0.95,"lower_bound":103330.32883653403,"upper_bound":212984.8179312323},"point_estimate":160141.11393200603,"standard_error":28252.868339108692}}