{"mean":{"confidence_interval":{"confidence_level":0.95,"lower_bound":4507578.916312501,"upper_bound":4546206.359500003},"point_estimate":4524676.758333335,"standard_error":9913.883636851606},"median":{"confidence_interval":{"confidence_level":0.95,"lower_bound":4490466.0,"upper_bound":4504895.041666667},"point_estimate":4497121.583333334,"standard_error":3511.384731011346},"median_abs_dev":{"confidence_interval":{"confidence_level":0.95,"lower_bound":20621.17415890144,"upper_bound":35843.61340677451},"point_estimate":28873.44916239381,"standard_error":3907.6251064600333},"slope":null,"std_dev":{"confidence_interval":{"confidence_level":0.95,"lower_bound":38860.845520797826,"upper_bound":146268.6892754291},"point_estimate":100131.43270265865,"standard_error":27118.946814660456}}