{"mean":{"confidence_interval":{"confidence_level":0.95,"lower_bound":4481906.023437499,"upper_bound":4510350.701229167},"point_estimate":4494240.223333335,"standard_error":7370.35129676536},"median":{"confidence_interval":{"confidence_level":0.95,"lower_bound":4470782.916666667,"upper_bound":4486790.666666667},"point_estimate":4479582.458333333,"standard_error":3858.63535795025},"median_abs_dev":{"confidence_interval":{"confidence_level":0.95,"lower_bound":21101.442343500188,"upper_bound":33793.333625048166},"point_estimate":28206.64982423117,"standard_error":3281.1054837642937},"slope":null,"std_dev":{"confidence_interval":{"confidence_level":0.95,"lower_bound":29664.995412425127,"upper_bound":112421.3256062647},"point_estimate":74243.74015276345,"standard_error":22381.239442568472}}