{"mean":{"confidence_interval":{"confidence_level":0.95,"lower_bound":4483938.626604169,"upper_bound":4504093.147854167},"point_estimate":4493089.732499999,"standard_error":5156.695655681654},"median":{"confidence_interval":{"confidence_level":0.95,"lower_bound":4474333.0,"upper_bound":4488564.166666667},"point_estimate":4479888.958333333,"standard_error":3221.991344672308},"median_abs_dev":{"confidence_interval":{"confidence_level":0.95,"lower_bound":19413.164055347443,"upper_bound":33126.65165938524},"point_estimate":25426.77487358451,"standard_error":3397.051389159188},"slope":null,"std_dev":{"confidence_interval":{"confidence_level":0.95,"lower_bound":29115.576837935212,"upper_bound":72863.28902634759},"point_estimate":51758.434875482686,"standard_error":11392.281136112904}}