{"mean":{"confidence_interval":{"confidence_level":0.95,"lower_bound":146627.39969287437,"upper_bound":154603.67024173107},"point_estimate":150068.9965278939,"standard_error":2064.768112509379},"median":{"confidence_interval":{"confidence_level":0.95,"lower_bound":144057.84615384616,"upper_bound":146696.04713804714},"point_estimate":145084.63964119373,"standard_error":647.1811508453172},"median_abs_dev":{"confidence_interval":{"confidence_level":0.95,"lower_bound":1541.749614794702,"upper_bound":5226.879821345758},"point_estimate":2589.3011757772624,"standard_error":957.6112111242921},"slope":{"confidence_interval":{"confidence_level":0.95,"lower_bound":146729.4830071469,"upper_bound":153376.82933790667},"point_estimate":149689.80271615396,"standard_error":1702.21345061426},"std_dev":{"confidence_interval":{"confidence_level":0.95,"lower_bound":5626.094003139319,"upper_bound":22394.443044746244},"point_estimate":14757.151071929382,"standard_error":4718.225469431046}}