{"mean":{"confidence_interval":{"confidence_level":0.95,"lower_bound":4463695.108917659,"upper_bound":4602254.72935655},"point_estimate":4521122.121075543,"standard_error":36233.02091631449},"median":{"confidence_interval":{"confidence_level":0.95,"lower_bound":4453349.108333333,"upper_bound":4499534.04047619},"point_estimate":4477413.476874003,"standard_error":11957.525194032127},"median_abs_dev":{"confidence_interval":{"confidence_level":0.95,"lower_bound":22806.32996328865,"upper_bound":67220.16029993669},"point_estimate":43963.104594499106,"standard_error":12228.171230171836},"slope":{"confidence_interval":{"confidence_level":0.95,"lower_bound":4480488.219938376,"upper_bound":4597800.931795275},"point_estimate":4525656.325087108,"standard_error":30483.563223991157},"std_dev":{"confidence_interval":{"confidence_level":0.95,"lower_bound":29628.25952431117,"upper_bound":247797.83285292966},"point_estimate":166274.42417822947,"standard_error":60575.59644312392}}