{"mean":{"confidence_interval":{"confidence_level":0.95,"lower_bound":4531996.141751759,"upper_bound":4642935.454423146},"point_estimate":4581956.453822202,"standard_error":28471.341895323592},"median":{"confidence_interval":{"confidence_level":0.95,"lower_bound":4508398.373015873,"upper_bound":4566420.25},"point_estimate":4518755.151515151,"standard_error":19522.646407640535},"median_abs_dev":{"confidence_interval":{"confidence_level":0.95,"lower_bound":11743.215491515986,"upper_bound":107295.76009511948},"point_estimate":34512.75824238925,"standard_error":25827.894794686108},"slope":{"confidence_interval":{"confidence_level":0.95,"lower_bound":4515331.860861046,"upper_bound":4658544.056995739},"point_estimate":4584639.872125436,"standard_error":36541.1610510216},"std_dev":{"confidence_interval":{"confidence_level":0.95,"lower_bound":63136.63445902898,"upper_bound":178566.440057335},"point_estimate":130770.3567383562,"standard_error":31372.836965644536}}