{"mean":{"confidence_interval":{"confidence_level":0.95,"lower_bound":-0.24891831732735328,"upper_bound":-0.03912963968200722},"point_estimate":-0.13510943833484357,"standard_error":0.05539110173691645},"median":{"confidence_interval":{"confidence_level":0.95,"lower_bound":-0.08453560384956182,"upper_bound":-0.02122745098891632},"point_estimate":-0.03000155034898433,"standard_error":0.015318675697816633}}