{"mean":{"confidence_interval":{"confidence_level":0.95,"lower_bound":-0.01657127469896547,"upper_bound":-0.0009346812496011658},"point_estimate":-0.008313877286666105,"standard_error":0.0039924442692685},"median":{"confidence_interval":{"confidence_level":0.95,"lower_bound":-0.013067644505255549,"upper_bound":0.0007610359663243749},"point_estimate":-0.004200075723941876,"standard_error":0.0036575274997563186}}