{"mean":{"confidence_interval":{"confidence_level":0.95,"lower_bound":-0.023147533289829502,"upper_bound":0.0016415368921172124},"point_estimate":-0.009614419284706632,"standard_error":0.006358238561574964},"median":{"confidence_interval":{"confidence_level":0.95,"lower_bound":-0.010814017667857945,"upper_bound":0.00541759437188194},"point_estimate":0.0028452449674523095,"standard_error":0.0040136755234853674}}