{"mean":{"confidence_interval":{"confidence_level":0.95,"lower_bound":-0.004160675647391076,"upper_bound":0.021305980239079276},"point_estimate":0.006983965847306983,"standard_error":0.006766556348695419},"median":{"confidence_interval":{"confidence_level":0.95,"lower_bound":-0.0071606767897941515,"upper_bound":0.009192141733946224},"point_estimate":-0.005182312780183662,"standard_error":0.003917248155370383}}