{"mean":{"confidence_interval":{"confidence_level":0.95,"lower_bound":0.013346505297870839,"upper_bound":0.026932141963314272},"point_estimate":0.020459795558357863,"standard_error":0.0035867759364755316},"median":{"confidence_interval":{"confidence_level":0.95,"lower_bound":0.009312067418869226,"upper_bound":0.019536172520263406},"point_estimate":0.014522403011201668,"standard_error":0.0031269984635892882}}