{"mean":{"confidence_interval":{"confidence_level":0.95,"lower_bound":0.05313933468127327,"upper_bound":0.3549996970841954},"point_estimate":0.16937366353409455,"standard_error":0.07927198010534016},"median":{"confidence_interval":{"confidence_level":0.95,"lower_bound":0.03476041454462386,"upper_bound":0.1040679731949743},"point_estimate":0.044106290537366144,"standard_error":0.016431546068899374}}