{"mean":{"confidence_interval":{"confidence_level":0.95,"lower_bound":-0.00852010190139435,"upper_bound":0.0011381527973202132},"point_estimate":-0.0025926476766452433,"standard_error":0.0026560482288713085},"median":{"confidence_interval":{"confidence_level":0.95,"lower_bound":-0.0016902396726404811,"upper_bound":0.0013346687106730037},"point_estimate":-0.00003973982723914915,"standard_error":0.00076723690866281}}