{"mean":{"confidence_interval":{"confidence_level":0.95,"lower_bound":0.031023704113376578,"upper_bound":0.20588736034312294},"point_estimate":0.09369359193393234,"standard_error":0.05064171454020799},"median":{"confidence_interval":{"confidence_level":0.95,"lower_bound":0.0197768958334561,"upper_bound":0.061562021820174895},"point_estimate":0.029328654076138605,"standard_error":0.012392419414081264}}