{"mean":{"confidence_interval":{"confidence_level":0.95,"lower_bound":-0.1788139633842819,"upper_bound":-0.04319297052155164},"point_estimate":-0.09770051252561496,"standard_error":0.03925140965099481},"median":{"confidence_interval":{"confidence_level":0.95,"lower_bound":-0.06985289825914887,"upper_bound":-0.030975137541128905},"point_estimate":-0.03951538277258093,"standard_error":0.01101941444053818}}