{"mean":{"confidence_interval":{"confidence_level":0.95,"lower_bound":-0.0026342186443492426,"upper_bound":0.0021451375703201428},"point_estimate":-0.00012123334518654438,"standard_error":0.0012200612474670123},"median":{"confidence_interval":{"confidence_level":0.95,"lower_bound":-0.0017964755033323954,"upper_bound":0.0027141605102014577},"point_estimate":0.0009051884270876442,"standard_error":0.0010435103708784858}}