{"mean":{"confidence_interval":{"confidence_level":0.95,"lower_bound":0.0028856470159271566,"upper_bound":0.01376425765159917},"point_estimate":0.007306962244666204,"standard_error":0.00277285431868611},"median":{"confidence_interval":{"confidence_level":0.95,"lower_bound":0.0018360450998542444,"upper_bound":0.008366571883854146},"point_estimate":0.004110974828392289,"standard_error":0.001563097312353449}}