{"mean":{"confidence_interval":{"confidence_level":0.95,"lower_bound":-0.003804377826381724,"upper_bound":-0.000403780915190592},"point_estimate":-0.002112796362754854,"standard_error":0.0008701849254997318},"median":{"confidence_interval":{"confidence_level":0.95,"lower_bound":-0.0037760918383963338,"upper_bound":0.0001913882160073932},"point_estimate":-0.0023496133024760724,"standard_error":0.0010250037038212361}}