{"mean":{"confidence_interval":{"confidence_level":0.95,"lower_bound":1043049524.5625,"upper_bound":1072432556.3975},"point_estimate":1056713394.6,"standard_error":7604898.951799458},"median":{"confidence_interval":{"confidence_level":0.95,"lower_bound":1038756123.0,"upper_bound":1080147881.5},"point_estimate":1041204105.5,"standard_error":11282191.338665955},"median_abs_dev":{"confidence_interval":{"confidence_level":0.95,"lower_bound":1029467.013323307,"upper_bound":42892348.1603086},"point_estimate":5369953.38306427,"standard_error":12272823.396058815},"slope":null,"std_dev":{"confidence_interval":{"confidence_level":0.95,"lower_bound":9932107.58507071,"upper_bound":30809087.23295927},"point_estimate":25292362.272996068,"standard_error":5401702.273135512}}