{"mean":{"confidence_interval":{"confidence_level":0.95,"lower_bound":1037950355.8825,"upper_bound":1045804612.9475},"point_estimate":1041676940.0,"standard_error":2013312.741477762},"median":{"confidence_interval":{"confidence_level":0.95,"lower_bound":1036341291.0,"upper_bound":1048139130.5},"point_estimate":1039158370.5,"standard_error":3243837.356943573},"median_abs_dev":{"confidence_interval":{"confidence_level":0.95,"lower_bound":512804.6440958977,"upper_bound":11513951.4559865},"point_estimate":5644162.472096086,"standard_error":3243704.1458163136},"slope":null,"std_dev":{"confidence_interval":{"confidence_level":0.95,"lower_bound":3330800.8527259906,"upper_bound":8146011.976731338},"point_estimate":6746059.874529346,"standard_error":1228407.1765521034}}