{"mean":{"confidence_interval":{"confidence_level":0.95,"lower_bound":1038697666.2,"upper_bound":1052209289.8},"point_estimate":1044782517.2,"standard_error":3465782.5815367326},"median":{"confidence_interval":{"confidence_level":0.95,"lower_bound":1036677115.0,"upper_bound":1052234110.5},"point_estimate":1038748311.5,"standard_error":4349871.777706544},"median_abs_dev":{"confidence_interval":{"confidence_level":0.95,"lower_bound":423046.5590894222,"upper_bound":17191686.66318655},"point_estimate":3723043.5260027647,"standard_error":4988665.436569328},"slope":null,"std_dev":{"confidence_interval":{"confidence_level":0.95,"lower_bound":3970039.104228011,"upper_bound":15248022.06149615},"point_estimate":11553038.602676034,"standard_error":2977066.7930236207}}