{"mean":{"confidence_interval":{"confidence_level":0.95,"lower_bound":1033970429.8050001,"upper_bound":1042683613.12},"point_estimate":1037799893.2,"standard_error":2241530.7072007917},"median":{"confidence_interval":{"confidence_level":0.95,"lower_bound":1033103653.0,"upper_bound":1042478005.5},"point_estimate":1035073057.0,"standard_error":2028796.4523244218},"median_abs_dev":{"confidence_interval":{"confidence_level":0.95,"lower_bound":295383.58185589314,"upper_bound":10484016.682371497},"point_estimate":3067174.6561467648,"standard_error":2103916.2454804755},"slope":null,"std_dev":{"confidence_interval":{"confidence_level":0.95,"lower_bound":1298242.7776348905,"upper_bound":9606547.65371876},"point_estimate":7449524.450176905,"standard_error":2207118.5668459395}}