{"mean":{"confidence_interval":{"confidence_level":0.95,"lower_bound":1242100786.1075,"upper_bound":1531058658.4950001},"point_estimate":1384185997.2,"standard_error":74380216.4067558},"median":{"confidence_interval":{"confidence_level":0.95,"lower_bound":1118898572.0,"upper_bound":1576324365.0},"point_estimate":1380670399.5,"standard_error":132850637.98049252},"median_abs_dev":{"confidence_interval":{"confidence_level":0.95,"lower_bound":16839641.816836596,"upper_bound":432246447.00879157},"point_estimate":310852659.3312621,"standard_error":104781817.29188779},"slope":null,"std_dev":{"confidence_interval":{"confidence_level":0.95,"lower_bound":155105812.01981738,"upper_bound":303902805.7076266},"point_estimate":248097251.7544585,"standard_error":38892822.986019954}}