{"mean":{"confidence_interval":{"confidence_level":0.95,"lower_bound":1038276393.7099999,"upper_bound":1047111905.7},"point_estimate":1042289123.6,"standard_error":2284641.3554707295},"median":{"confidence_interval":{"confidence_level":0.95,"lower_bound":1036286932.0,"upper_bound":1047325481.0},"point_estimate":1039111293.0,"standard_error":3121945.3445768165},"median_abs_dev":{"confidence_interval":{"confidence_level":0.95,"lower_bound":629374.8083263636,"upper_bound":12834718.97083819},"point_estimate":4816772.3525851965,"standard_error":3098680.947313011},"slope":null,"std_dev":{"confidence_interval":{"confidence_level":0.95,"lower_bound":3125017.7707664235,"upper_bound":10241866.075909285},"point_estimate":7594297.5902553685,"standard_error":1935927.9028941114}}