{"mean":{"confidence_interval":{"confidence_level":0.95,"lower_bound":1552336.6528883928,"upper_bound":1575678.1413985388},"point_estimate":1563830.476838023,"standard_error":5978.520202856259},"median":{"confidence_interval":{"confidence_level":0.95,"lower_bound":1546971.229076479,"upper_bound":1580957.7272727273},"point_estimate":1558845.4863636363,"standard_error":8568.148760032109},"median_abs_dev":{"confidence_interval":{"confidence_level":0.95,"lower_bound":3291.7350100829026,"upper_bound":32947.99443141978},"point_estimate":24723.863368639588,"standard_error":8161.80132155415},"slope":{"confidence_interval":{"confidence_level":0.95,"lower_bound":1542318.6462646264,"upper_bound":1566112.8507261968},"point_estimate":1550614.3390791027,"standard_error":6096.231316550285},"std_dev":{"confidence_interval":{"confidence_level":0.95,"lower_bound":11468.249756777268,"upper_bound":24730.185202811314},"point_estimate":19931.304816176045,"standard_error":3389.602722431146}}