{"mean":{"confidence_interval":{"confidence_level":0.95,"lower_bound":-0.010367798996089982,"upper_bound":0.006264470598061012},"point_estimate":-0.0018212387516217676,"standard_error":0.004267252407751423},"median":{"confidence_interval":{"confidence_level":0.95,"lower_bound":-0.009533129147254349,"upper_bound":0.009109803783928783},"point_estimate":-0.004678662233957964,"standard_error":0.005176945985144046}}