{"mean":{"confidence_interval":{"confidence_level":0.95,"lower_bound":-0.008996856737254293,"upper_bound":0.01980742486605938},"point_estimate":0.004552007597020236,"standard_error":0.007407237841067186},"median":{"confidence_interval":{"confidence_level":0.95,"lower_bound":-0.0072583486200729075,"upper_bound":0.01850861679996685},"point_estimate":-0.0011614167451170498,"standard_error":0.006548893684448785}}