{"mean":{"confidence_interval":{"confidence_level":0.95,"lower_bound":0.013995895870090714,"upper_bound":0.04314146227608275},"point_estimate":0.028293281610330068,"standard_error":0.007616245534806235},"median":{"confidence_interval":{"confidence_level":0.95,"lower_bound":0.009922305937886344,"upper_bound":0.030335046988287706},"point_estimate":0.015908909683307604,"standard_error":0.005539076593433246}}