{"mean":{"confidence_interval":{"confidence_level":0.95,"lower_bound":-0.49467038883214315,"upper_bound":-0.2589504118995857},"point_estimate":-0.3819272263086695,"standard_error":0.061101426451197226},"median":{"confidence_interval":{"confidence_level":0.95,"lower_bound":-0.446417095868868,"upper_bound":-0.23018498428511514},"point_estimate":-0.23682487758784654,"standard_error":0.07311636643560149}}