{"mean":{"confidence_interval":{"confidence_level":0.95,"lower_bound":-0.0010725213866091751,"upper_bound":0.01697167305780986},"point_estimate":0.0076206333910942,"standard_error":0.004592913001847068},"median":{"confidence_interval":{"confidence_level":0.95,"lower_bound":-0.007077991457932087,"upper_bound":0.015308428118751438},"point_estimate":0.008659432116103316,"standard_error":0.005544025768920483}}