{"mean":{"confidence_interval":{"confidence_level":0.95,"lower_bound":-0.03482566896726745,"upper_bound":-0.004033227137632253},"point_estimate":-0.01805587696631139,"standard_error":0.007949177078616507},"median":{"confidence_interval":{"confidence_level":0.95,"lower_bound":-0.03432205157529311,"upper_bound":-0.0005459191249365114},"point_estimate":-0.006754963875226672,"standard_error":0.00745421356644432}}