{"mean":{"confidence_interval":{"confidence_level":0.95,"lower_bound":-0.19532399564965428,"upper_bound":-0.025334359105885107},"point_estimate":-0.09998042931738116,"standard_error":0.04549359835457385},"median":{"confidence_interval":{"confidence_level":0.95,"lower_bound":-0.13419994816771896,"upper_bound":-0.020747401844852464},"point_estimate":-0.05489496398026239,"standard_error":0.027341395770575854}}