{"mean":{"confidence_interval":{"confidence_level":0.95,"lower_bound":0.03468769931626142,"upper_bound":0.24858287674738197},"point_estimate":0.11516924948822349,"standard_error":0.056723934529770044},"median":{"confidence_interval":{"confidence_level":0.95,"lower_bound":0.027855949077149722,"upper_bound":0.1466284419738655},"point_estimate":0.05250086531639431,"standard_error":0.024473627670701943}}