{"mean":{"confidence_interval":{"confidence_level":0.95,"lower_bound":-0.003444959877060949,"upper_bound":0.008513412019664823},"point_estimate":0.001767315854021012,"standard_error":0.003092306415317753},"median":{"confidence_interval":{"confidence_level":0.95,"lower_bound":-0.004027787881431655,"upper_bound":0.003941692887779569},"point_estimate":0.00013450131002468169,"standard_error":0.0019900204551916785}}