{"mean":{"confidence_interval":{"confidence_level":0.95,"lower_bound":0.053273885153588225,"upper_bound":0.5180756421463313},"point_estimate":0.24981600813188098,"standard_error":0.12992948453688052},"median":{"confidence_interval":{"confidence_level":0.95,"lower_bound":-0.0052446710785308825,"upper_bound":0.42910860718199695},"point_estimate":0.030377573623811882,"standard_error":0.13580956122965637}}