{"mean":{"confidence_interval":{"confidence_level":0.95,"lower_bound":-0.00038750489079891455,"upper_bound":0.005403514118424168},"point_estimate":0.0025487905298604563,"standard_error":0.0014793418153962422},"median":{"confidence_interval":{"confidence_level":0.95,"lower_bound":-0.0015907895369812186,"upper_bound":0.008278677386382105},"point_estimate":0.004268295466269834,"standard_error":0.002721379546578946}}